2025-01-13 10:05:27 [main] INFO  c.e.telemetry.TelemetryApplication - Starting TelemetryApplication using Java 22.0.1 with PID 8480 (C:\Users\vadim.tissen\IdeaProjects\demo\target\classes started by vadim.tissen in C:\Users\vadim.tissen\IdeaProjects\demo)
2025-01-13 10:05:27 [main] INFO  c.e.telemetry.TelemetryApplication - No active profile set, falling back to 1 default profile: "default"
2025-01-13 10:05:28 [main] INFO  o.s.d.r.c.RepositoryConfigurationDelegate - Bootstrapping Spring Data JPA repositories in DEFAULT mode.
2025-01-13 10:05:28 [main] INFO  o.s.d.r.c.RepositoryConfigurationDelegate - Finished Spring Data repository scanning in 238 ms. Found 6 JPA repository interfaces.
2025-01-13 10:05:29 [main] INFO  o.s.i.c.DefaultConfiguringBeanFactoryPostProcessor - No bean named 'errorChannel' has been explicitly defined. Therefore, a default PublishSubscribeChannel will be created.
2025-01-13 10:05:29 [main] INFO  o.s.i.c.DefaultConfiguringBeanFactoryPostProcessor - No bean named 'integrationHeaderChannelRegistry' has been explicitly defined. Therefore, a default DefaultHeaderChannelRegistry will be created.
2025-01-13 10:05:30 [main] INFO  o.s.b.w.e.tomcat.TomcatWebServer - Tomcat initialized with port 8001 (http)
2025-01-13 10:05:30 [main] INFO  o.a.coyote.http11.Http11NioProtocol - Initializing ProtocolHandler ["http-nio-8001"]
2025-01-13 10:05:30 [main] INFO  o.a.catalina.core.StandardService - Starting service [Tomcat]
2025-01-13 10:05:30 [main] INFO  o.a.catalina.core.StandardEngine - Starting Servlet engine: [Apache Tomcat/10.1.26]
2025-01-13 10:05:30 [main] INFO  o.a.c.c.C.[.[.[/jetinno_api] - Initializing Spring embedded WebApplicationContext
2025-01-13 10:05:30 [main] INFO  o.s.b.w.s.c.ServletWebServerApplicationContext - Root WebApplicationContext: initialization completed in 2982 ms
2025-01-13 10:05:30 [main] INFO  com.zaxxer.hikari.HikariDataSource - HikariPool-1 - Starting...
2025-01-13 10:05:31 [main] INFO  com.zaxxer.hikari.pool.HikariPool - HikariPool-1 - Added connection org.postgresql.jdbc.PgConnection@70c491b8
2025-01-13 10:05:31 [main] INFO  com.zaxxer.hikari.HikariDataSource - HikariPool-1 - Start completed.
2025-01-13 10:05:31 [main] INFO  org.flywaydb.core.FlywayExecutor - Database: jdbc:postgresql://localhost:5432/CoffeeTelemetry (PostgreSQL 16.4)
2025-01-13 10:05:31 [main] INFO  o.f.core.internal.command.DbValidate - Successfully validated 4 migrations (execution time 00:00.059s)
2025-01-13 10:05:31 [main] INFO  o.f.core.internal.command.DbMigrate - Current version of schema "public": 3
2025-01-13 10:05:31 [main] INFO  o.f.core.internal.command.DbMigrate - Schema "public" is up to date. No migration necessary.
2025-01-13 10:05:31 [main] INFO  o.h.jpa.internal.util.LogHelper - HHH000204: Processing PersistenceUnitInfo [name: default]
2025-01-13 10:05:31 [main] INFO  org.hibernate.Version - HHH000412: Hibernate ORM core version 6.5.2.Final
2025-01-13 10:05:31 [main] INFO  o.h.c.i.RegionFactoryInitiator - HHH000026: Second-level cache disabled
2025-01-13 10:05:32 [main] WARN  org.hibernate.orm.deprecation - HHH90000025: PostgreSQLDialect does not need to be specified explicitly using 'hibernate.dialect' (remove the property setting and it will be selected by default)
2025-01-13 10:05:32 [main] INFO  o.s.o.j.p.SpringPersistenceUnitInfo - No LoadTimeWeaver setup: ignoring JPA class transformer
2025-01-13 10:05:33 [main] INFO  o.h.e.t.j.p.i.JtaPlatformInitiator - HHH000489: No JTA platform available (set 'hibernate.transaction.jta.platform' to enable JTA platform integration)
2025-01-13 10:05:33 [main] INFO  o.s.o.j.LocalContainerEntityManagerFactoryBean - Initialized JPA EntityManagerFactory for persistence unit 'default'
2025-01-13 10:05:34 [main] INFO  o.s.d.j.r.query.QueryEnhancerFactory - Hibernate is in classpath; If applicable, HQL parser will be used.
2025-01-13 10:05:35 [main] WARN  o.s.b.a.o.j.JpaBaseConfiguration$JpaWebConfiguration - spring.jpa.open-in-view is enabled by default. Therefore, database queries may be performed during view rendering. Explicitly configure spring.jpa.open-in-view to disable this warning
2025-01-13 10:05:35 [main] INFO  o.s.s.c.a.a.c.InitializeUserDetailsBeanManagerConfigurer$InitializeUserDetailsManagerConfigurer - Global AuthenticationManager configured with UserDetailsService bean with name userDetailsService
2025-01-13 10:05:35 [main] INFO  o.s.b.a.w.s.WelcomePageHandlerMapping - Adding welcome page template: index
2025-01-13 10:05:37 [main] INFO  o.s.i.endpoint.EventDrivenConsumer - Adding {logging-channel-adapter:_org.springframework.integration.errorLogger} as a subscriber to the 'errorChannel' channel
2025-01-13 10:05:37 [main] INFO  o.s.i.c.PublishSubscribeChannel - Channel 'JetinnoTelemetry.errorChannel' has 1 subscriber(s).
2025-01-13 10:05:37 [main] INFO  o.s.i.endpoint.EventDrivenConsumer - started bean '_org.springframework.integration.errorLogger'
2025-01-13 10:05:37 [main] INFO  o.a.coyote.http11.Http11NioProtocol - Starting ProtocolHandler ["http-nio-8001"]
2025-01-13 10:05:37 [main] INFO  o.s.b.w.e.tomcat.TomcatWebServer - Tomcat started on port 8001 (http) with context path '/jetinno_api'
2025-01-13 10:05:37 [main] INFO  c.e.telemetry.TelemetryApplication - Started TelemetryApplication in 11.076 seconds (process running for 11.8)
2025-01-13 10:08:26 [Thread-2] INFO  c.e.telemetry.model.MachineInterface - {"status":"clearerror","cmd":"machinestatus","vmc_no":73844}
2025-01-13 10:08:26 [Thread-2] INFO  c.e.telemetry.model.MachineInterface - {"PayType":"free","ProductAmount":0,"ProductId":101,"ProductName":"Cappuccino","canisterIds":"","count":0,"isDelete":false,"isok":true,"nameKey":"cappuccino","order_no":"202501130949417384498901","order_resend_times":0,"order_uploaded":false,"recipeName":"","timestamp":"20250113095047","cmd":"productdone","vmc_no":73844}
2025-01-13 10:08:26 [Thread-2] INFO  c.e.telemetry.model.MachineInterface - {"status":"supply","supply":{"10284":"100000","10008":"57","9991":"100000","10009":"100000","10006":"73","19991":"100000","10007":"100000"},"time":"20250113100826","cmd":"machinestatus","vmc_no":73844}
2025-01-13 10:11:58 [SpringApplicationShutdownHook] INFO  o.s.i.endpoint.EventDrivenConsumer - Removing {logging-channel-adapter:_org.springframework.integration.errorLogger} as a subscriber to the 'errorChannel' channel
2025-01-13 10:11:58 [SpringApplicationShutdownHook] INFO  o.s.i.c.PublishSubscribeChannel - Channel 'JetinnoTelemetry.errorChannel' has 0 subscriber(s).
2025-01-13 10:11:58 [SpringApplicationShutdownHook] INFO  o.s.i.endpoint.EventDrivenConsumer - stopped bean '_org.springframework.integration.errorLogger'
2025-01-13 10:11:58 [SpringApplicationShutdownHook] INFO  o.s.o.j.LocalContainerEntityManagerFactoryBean - Closing JPA EntityManagerFactory for persistence unit 'default'
2025-01-13 10:11:58 [SpringApplicationShutdownHook] INFO  com.zaxxer.hikari.HikariDataSource - HikariPool-1 - Shutdown initiated...
2025-01-13 10:11:58 [SpringApplicationShutdownHook] INFO  com.zaxxer.hikari.HikariDataSource - HikariPool-1 - Shutdown completed.
2025-01-13 10:16:58 [main] INFO  c.e.telemetry.TelemetryApplication - Starting TelemetryApplication using Java 22.0.1 with PID 8832 (C:\Users\vadim.tissen\IdeaProjects\demo\target\classes started by vadim.tissen in C:\Users\vadim.tissen\IdeaProjects\demo)
2025-01-13 10:16:58 [main] INFO  c.e.telemetry.TelemetryApplication - No active profile set, falling back to 1 default profile: "default"
2025-01-13 10:16:59 [main] INFO  o.s.d.r.c.RepositoryConfigurationDelegate - Bootstrapping Spring Data JPA repositories in DEFAULT mode.
2025-01-13 10:17:00 [main] INFO  o.s.d.r.c.RepositoryConfigurationDelegate - Finished Spring Data repository scanning in 218 ms. Found 6 JPA repository interfaces.
2025-01-13 10:17:00 [main] INFO  o.s.i.c.DefaultConfiguringBeanFactoryPostProcessor - No bean named 'errorChannel' has been explicitly defined. Therefore, a default PublishSubscribeChannel will be created.
2025-01-13 10:17:00 [main] INFO  o.s.i.c.DefaultConfiguringBeanFactoryPostProcessor - No bean named 'integrationHeaderChannelRegistry' has been explicitly defined. Therefore, a default DefaultHeaderChannelRegistry will be created.
2025-01-13 10:17:01 [main] INFO  o.s.b.w.e.tomcat.TomcatWebServer - Tomcat initialized with port 8001 (http)
2025-01-13 10:17:01 [main] INFO  o.a.coyote.http11.Http11NioProtocol - Initializing ProtocolHandler ["http-nio-8001"]
2025-01-13 10:17:01 [main] INFO  o.a.catalina.core.StandardService - Starting service [Tomcat]
2025-01-13 10:17:01 [main] INFO  o.a.catalina.core.StandardEngine - Starting Servlet engine: [Apache Tomcat/10.1.26]
2025-01-13 10:17:01 [main] INFO  o.a.c.c.C.[.[.[/jetinno_api] - Initializing Spring embedded WebApplicationContext
2025-01-13 10:17:01 [main] INFO  o.s.b.w.s.c.ServletWebServerApplicationContext - Root WebApplicationContext: initialization completed in 2966 ms
2025-01-13 10:17:02 [main] INFO  com.zaxxer.hikari.HikariDataSource - HikariPool-1 - Starting...
2025-01-13 10:17:02 [main] INFO  com.zaxxer.hikari.pool.HikariPool - HikariPool-1 - Added connection org.postgresql.jdbc.PgConnection@3120495d
2025-01-13 10:17:02 [main] INFO  com.zaxxer.hikari.HikariDataSource - HikariPool-1 - Start completed.
2025-01-13 10:17:02 [main] INFO  org.flywaydb.core.FlywayExecutor - Database: jdbc:postgresql://localhost:5432/CoffeeTelemetry (PostgreSQL 16.4)
2025-01-13 10:17:02 [main] INFO  o.f.core.internal.command.DbValidate - Successfully validated 4 migrations (execution time 00:00.063s)
2025-01-13 10:17:02 [main] INFO  o.f.core.internal.command.DbMigrate - Current version of schema "public": 3
2025-01-13 10:17:02 [main] INFO  o.f.core.internal.command.DbMigrate - Schema "public" is up to date. No migration necessary.
2025-01-13 10:17:02 [main] INFO  o.h.jpa.internal.util.LogHelper - HHH000204: Processing PersistenceUnitInfo [name: default]
2025-01-13 10:17:02 [main] INFO  org.hibernate.Version - HHH000412: Hibernate ORM core version 6.5.2.Final
2025-01-13 10:17:03 [main] INFO  o.h.c.i.RegionFactoryInitiator - HHH000026: Second-level cache disabled
2025-01-13 10:17:03 [main] WARN  org.hibernate.orm.deprecation - HHH90000025: PostgreSQLDialect does not need to be specified explicitly using 'hibernate.dialect' (remove the property setting and it will be selected by default)
2025-01-13 10:17:03 [main] INFO  o.s.o.j.p.SpringPersistenceUnitInfo - No LoadTimeWeaver setup: ignoring JPA class transformer
2025-01-13 10:17:05 [main] INFO  o.h.e.t.j.p.i.JtaPlatformInitiator - HHH000489: No JTA platform available (set 'hibernate.transaction.jta.platform' to enable JTA platform integration)
2025-01-13 10:17:05 [main] INFO  o.s.o.j.LocalContainerEntityManagerFactoryBean - Initialized JPA EntityManagerFactory for persistence unit 'default'
2025-01-13 10:17:05 [main] INFO  o.s.d.j.r.query.QueryEnhancerFactory - Hibernate is in classpath; If applicable, HQL parser will be used.
2025-01-13 10:17:06 [main] WARN  o.s.b.a.o.j.JpaBaseConfiguration$JpaWebConfiguration - spring.jpa.open-in-view is enabled by default. Therefore, database queries may be performed during view rendering. Explicitly configure spring.jpa.open-in-view to disable this warning
2025-01-13 10:17:06 [main] INFO  o.s.s.c.a.a.c.InitializeUserDetailsBeanManagerConfigurer$InitializeUserDetailsManagerConfigurer - Global AuthenticationManager configured with UserDetailsService bean with name userDetailsService
2025-01-13 10:17:07 [main] INFO  o.s.b.a.w.s.WelcomePageHandlerMapping - Adding welcome page template: index
2025-01-13 10:17:08 [main] INFO  o.s.i.endpoint.EventDrivenConsumer - Adding {logging-channel-adapter:_org.springframework.integration.errorLogger} as a subscriber to the 'errorChannel' channel
2025-01-13 10:17:08 [main] INFO  o.s.i.c.PublishSubscribeChannel - Channel 'JetinnoTelemetry.errorChannel' has 1 subscriber(s).
2025-01-13 10:17:08 [main] INFO  o.s.i.endpoint.EventDrivenConsumer - started bean '_org.springframework.integration.errorLogger'
2025-01-13 10:17:08 [main] INFO  o.a.coyote.http11.Http11NioProtocol - Starting ProtocolHandler ["http-nio-8001"]
2025-01-13 10:17:08 [main] INFO  o.s.b.w.e.tomcat.TomcatWebServer - Tomcat started on port 8001 (http) with context path '/jetinno_api'
2025-01-13 10:17:08 [main] INFO  c.e.telemetry.TelemetryApplication - Started TelemetryApplication in 10.949 seconds (process running for 11.901)
2025-01-13 10:17:59 [Thread-2] INFO  c.e.telemetry.model.MachineInterface - {"status":"clearerror","cmd":"machinestatus","vmc_no":73844}
2025-01-13 10:17:59 [Thread-2] INFO  c.e.telemetry.model.MachineInterface - {"status":"supply","supply":{"10284":"100000","10008":"57","9991":"100000","10009":"100000","10006":"73","19991":"100000","10007":"100000"},"time":"20250113101759","cmd":"machinestatus","vmc_no":73844}
2025-01-13 10:17:59 [Thread-2] INFO  c.e.telemetry.model.MachineInterface - {"status":"doorclose","cmd":"machinestatus","vmc_no":73844}
2025-01-13 10:18:09 [SpringApplicationShutdownHook] INFO  o.s.i.endpoint.EventDrivenConsumer - Removing {logging-channel-adapter:_org.springframework.integration.errorLogger} as a subscriber to the 'errorChannel' channel
2025-01-13 10:18:09 [SpringApplicationShutdownHook] INFO  o.s.i.c.PublishSubscribeChannel - Channel 'JetinnoTelemetry.errorChannel' has 0 subscriber(s).
2025-01-13 10:18:09 [SpringApplicationShutdownHook] INFO  o.s.i.endpoint.EventDrivenConsumer - stopped bean '_org.springframework.integration.errorLogger'
2025-01-13 10:18:09 [SpringApplicationShutdownHook] INFO  o.s.o.j.LocalContainerEntityManagerFactoryBean - Closing JPA EntityManagerFactory for persistence unit 'default'
2025-01-13 10:18:09 [SpringApplicationShutdownHook] INFO  com.zaxxer.hikari.HikariDataSource - HikariPool-1 - Shutdown initiated...
2025-01-13 10:18:09 [SpringApplicationShutdownHook] INFO  com.zaxxer.hikari.HikariDataSource - HikariPool-1 - Shutdown completed.
2025-01-13 10:23:46 [main] INFO  c.e.telemetry.TelemetryApplication - Starting TelemetryApplication using Java 22.0.1 with PID 14996 (C:\Users\vadim.tissen\IdeaProjects\demo\target\classes started by vadim.tissen in C:\Users\vadim.tissen\IdeaProjects\demo)
2025-01-13 10:23:46 [main] INFO  c.e.telemetry.TelemetryApplication - No active profile set, falling back to 1 default profile: "default"
2025-01-13 10:23:48 [main] INFO  o.s.d.r.c.RepositoryConfigurationDelegate - Bootstrapping Spring Data JPA repositories in DEFAULT mode.
2025-01-13 10:23:48 [main] INFO  o.s.d.r.c.RepositoryConfigurationDelegate - Finished Spring Data repository scanning in 204 ms. Found 6 JPA repository interfaces.
2025-01-13 10:23:48 [main] INFO  o.s.i.c.DefaultConfiguringBeanFactoryPostProcessor - No bean named 'errorChannel' has been explicitly defined. Therefore, a default PublishSubscribeChannel will be created.
2025-01-13 10:23:48 [main] INFO  o.s.i.c.DefaultConfiguringBeanFactoryPostProcessor - No bean named 'integrationHeaderChannelRegistry' has been explicitly defined. Therefore, a default DefaultHeaderChannelRegistry will be created.
2025-01-13 10:23:49 [main] INFO  o.s.b.w.e.tomcat.TomcatWebServer - Tomcat initialized with port 8001 (http)
2025-01-13 10:23:49 [main] INFO  o.a.coyote.http11.Http11NioProtocol - Initializing ProtocolHandler ["http-nio-8001"]
2025-01-13 10:23:49 [main] INFO  o.a.catalina.core.StandardService - Starting service [Tomcat]
2025-01-13 10:23:49 [main] INFO  o.a.catalina.core.StandardEngine - Starting Servlet engine: [Apache Tomcat/10.1.26]
2025-01-13 10:23:50 [main] INFO  o.a.c.c.C.[.[.[/jetinno_api] - Initializing Spring embedded WebApplicationContext
2025-01-13 10:23:50 [main] INFO  o.s.b.w.s.c.ServletWebServerApplicationContext - Root WebApplicationContext: initialization completed in 2943 ms
2025-01-13 10:23:50 [main] INFO  com.zaxxer.hikari.HikariDataSource - HikariPool-1 - Starting...
2025-01-13 10:23:50 [main] INFO  com.zaxxer.hikari.pool.HikariPool - HikariPool-1 - Added connection org.postgresql.jdbc.PgConnection@70c491b8
2025-01-13 10:23:50 [main] INFO  com.zaxxer.hikari.HikariDataSource - HikariPool-1 - Start completed.
2025-01-13 10:23:50 [main] INFO  org.flywaydb.core.FlywayExecutor - Database: jdbc:postgresql://localhost:5432/CoffeeTelemetry (PostgreSQL 16.4)
2025-01-13 10:23:50 [main] INFO  o.f.core.internal.command.DbValidate - Successfully validated 4 migrations (execution time 00:00.056s)
2025-01-13 10:23:51 [main] INFO  o.f.core.internal.command.DbMigrate - Current version of schema "public": 3
2025-01-13 10:23:51 [main] INFO  o.f.core.internal.command.DbMigrate - Schema "public" is up to date. No migration necessary.
2025-01-13 10:23:51 [main] INFO  o.h.jpa.internal.util.LogHelper - HHH000204: Processing PersistenceUnitInfo [name: default]
2025-01-13 10:23:51 [main] INFO  org.hibernate.Version - HHH000412: Hibernate ORM core version 6.5.2.Final
2025-01-13 10:23:51 [main] INFO  o.h.c.i.RegionFactoryInitiator - HHH000026: Second-level cache disabled
2025-01-13 10:23:51 [main] WARN  org.hibernate.orm.deprecation - HHH90000025: PostgreSQLDialect does not need to be specified explicitly using 'hibernate.dialect' (remove the property setting and it will be selected by default)
2025-01-13 10:23:52 [main] INFO  o.s.o.j.p.SpringPersistenceUnitInfo - No LoadTimeWeaver setup: ignoring JPA class transformer
2025-01-13 10:23:53 [main] INFO  o.h.e.t.j.p.i.JtaPlatformInitiator - HHH000489: No JTA platform available (set 'hibernate.transaction.jta.platform' to enable JTA platform integration)
2025-01-13 10:23:53 [main] INFO  o.s.o.j.LocalContainerEntityManagerFactoryBean - Initialized JPA EntityManagerFactory for persistence unit 'default'
2025-01-13 10:23:54 [main] INFO  o.s.d.j.r.query.QueryEnhancerFactory - Hibernate is in classpath; If applicable, HQL parser will be used.
2025-01-13 10:23:54 [main] WARN  o.s.b.a.o.j.JpaBaseConfiguration$JpaWebConfiguration - spring.jpa.open-in-view is enabled by default. Therefore, database queries may be performed during view rendering. Explicitly configure spring.jpa.open-in-view to disable this warning
2025-01-13 10:23:55 [main] INFO  o.s.s.c.a.a.c.InitializeUserDetailsBeanManagerConfigurer$InitializeUserDetailsManagerConfigurer - Global AuthenticationManager configured with UserDetailsService bean with name userDetailsService
2025-01-13 10:23:55 [main] INFO  o.s.b.a.w.s.WelcomePageHandlerMapping - Adding welcome page template: index
2025-01-13 10:23:56 [main] INFO  o.s.i.endpoint.EventDrivenConsumer - Adding {logging-channel-adapter:_org.springframework.integration.errorLogger} as a subscriber to the 'errorChannel' channel
2025-01-13 10:23:56 [main] INFO  o.s.i.c.PublishSubscribeChannel - Channel 'JetinnoTelemetry.errorChannel' has 1 subscriber(s).
2025-01-13 10:23:56 [main] INFO  o.s.i.endpoint.EventDrivenConsumer - started bean '_org.springframework.integration.errorLogger'
2025-01-13 10:23:56 [main] INFO  o.a.coyote.http11.Http11NioProtocol - Starting ProtocolHandler ["http-nio-8001"]
2025-01-13 10:23:56 [main] INFO  o.s.b.w.e.tomcat.TomcatWebServer - Tomcat started on port 8001 (http) with context path '/jetinno_api'
2025-01-13 10:23:56 [main] INFO  c.e.telemetry.TelemetryApplication - Started TelemetryApplication in 10.909 seconds (process running for 11.624)
2025-01-13 10:24:02 [Thread-2] INFO  c.e.telemetry.model.MachineInterface - {"PayType":"free","ProductAmount":0,"ProductId":243,"ProductName":"Coffee Latte","canisterIds":"","count":0,"isDelete":false,"isok":true,"nameKey":"caffe_latte","order_no":"202501061414447384443591","order_resend_times":2,"order_uploaded":false,"recipeName":"","timestamp":"20250106141554","cmd":"productdone","vmc_no":73844}
2025-01-13 10:24:03 [Thread-2] INFO  c.e.telemetry.model.MachineInterface - {"status":"clearerror","cmd":"machinestatus","vmc_no":73844}
2025-01-13 10:24:03 [Thread-2] INFO  c.e.telemetry.model.MachineInterface - {"status":"supply","supply":{"10284":"100000","10008":"57","9991":"100000","10009":"100000","10006":"73","19991":"100000","10007":"100000"},"time":"20250113102403","cmd":"machinestatus","vmc_no":73844}
2025-01-13 10:24:03 [Thread-2] INFO  c.e.telemetry.model.MachineInterface - {"status":"doorclose","cmd":"machinestatus","vmc_no":73844}
2025-01-13 10:24:14 [Thread-2] INFO  c.e.telemetry.model.MachineInterface - {"PayType":"free","ProductAmount":0,"ProductId":243,"ProductName":"Coffee Latte","canisterIds":"","count":0,"isDelete":false,"isok":true,"nameKey":"caffe_latte","order_no":"202501061416597384488336","order_resend_times":2,"order_uploaded":false,"recipeName":"","timestamp":"20250106141800","cmd":"productdone","vmc_no":73844}
2025-01-13 10:24:26 [Thread-2] INFO  c.e.telemetry.model.MachineInterface - {"PayType":"free","ProductAmount":0,"ProductId":802,"ProductName":"Chocolate Milk","canisterIds":"","count":0,"isDelete":false,"isok":true,"nameKey":"milch_choc","order_no":"202501061419207384429722","order_resend_times":2,"order_uploaded":false,"recipeName":"","timestamp":"20250106141946","cmd":"productdone","vmc_no":73844}
2025-01-13 10:24:39 [Thread-2] INFO  c.e.telemetry.model.MachineInterface - {"PayType":"free","ProductAmount":0,"ProductId":243,"ProductName":"Coffee Latte","canisterIds":"","count":0,"isDelete":false,"isok":true,"nameKey":"caffe_latte","order_no":"202501061432487384460097","order_resend_times":2,"order_uploaded":false,"recipeName":"","timestamp":"20250106143340","cmd":"productdone","vmc_no":73844}
2025-01-13 10:24:51 [Thread-2] INFO  c.e.telemetry.model.MachineInterface - {"PayType":"free","ProductAmount":0,"ProductId":551,"ProductName":"Milk Foam","canisterIds":"","count":0,"isDelete":false,"isok":false,"nameKey":"milk_foam","order_no":"202501061433577384414007","order_resend_times":2,"order_uploaded":false,"recipeName":"","timestamp":"20250106143419","cmd":"productdone","vmc_no":73844}
2025-01-13 10:25:03 [Thread-2] INFO  c.e.telemetry.model.MachineInterface - {"PayType":"free","ProductAmount":0,"ProductId":243,"ProductName":"Coffee Latte","canisterIds":"","count":0,"isDelete":false,"isok":true,"nameKey":"caffe_latte","order_no":"202501061442407384412965","order_resend_times":2,"order_uploaded":false,"recipeName":"","timestamp":"20250106144348","cmd":"productdone","vmc_no":73844}
2025-01-13 10:25:15 [Thread-2] INFO  c.e.telemetry.model.MachineInterface - {"PayType":"free","ProductAmount":0,"ProductId":551,"ProductName":"Milk Foam","canisterIds":"","count":0,"isDelete":false,"isok":true,"nameKey":"milk_foam","order_no":"202501061446367384495847","order_resend_times":2,"order_uploaded":false,"recipeName":"","timestamp":"20250106144702","cmd":"productdone","vmc_no":73844}
2025-01-13 10:25:27 [Thread-2] INFO  c.e.telemetry.model.MachineInterface - {"PayType":"free","ProductAmount":0,"ProductId":551,"ProductName":"Milk Foam","canisterIds":"","count":0,"isDelete":false,"isok":true,"nameKey":"milk_foam","order_no":"202501061447077384468642","order_resend_times":2,"order_uploaded":false,"recipeName":"","timestamp":"20250106144742","cmd":"productdone","vmc_no":73844}
2025-01-13 10:25:39 [Thread-2] INFO  c.e.telemetry.model.MachineInterface - {"PayType":"free","ProductAmount":0,"ProductId":101,"ProductName":"Cappuccino","canisterIds":"","count":0,"isDelete":false,"isok":true,"nameKey":"cappuccino","order_no":"202501090734537384474376","order_resend_times":2,"order_uploaded":false,"recipeName":"","timestamp":"20250109073645","cmd":"productdone","vmc_no":73844}
2025-01-13 10:25:51 [Thread-2] INFO  c.e.telemetry.model.MachineInterface - {"PayType":"free","ProductAmount":0,"ProductId":243,"ProductName":"Coffee Latte","canisterIds":"","count":0,"isDelete":false,"isok":true,"nameKey":"caffe_latte","order_no":"202501090738287384454502","order_resend_times":2,"order_uploaded":false,"recipeName":"","timestamp":"20250109073934","cmd":"productdone","vmc_no":73844}
2025-01-13 10:26:03 [Thread-2] INFO  c.e.telemetry.model.MachineInterface - {"PayType":"free","ProductAmount":0,"ProductId":105,"ProductName":"Americano","canisterIds":"","count":0,"isDelete":false,"isok":true,"nameKey":"american_style_coffee","order_no":"202501090745427384459690","order_resend_times":2,"order_uploaded":false,"recipeName":"","timestamp":"20250109074636","cmd":"productdone","vmc_no":73844}
2025-01-13 10:26:15 [Thread-2] INFO  c.e.telemetry.model.MachineInterface - {"PayType":"free","ProductAmount":0,"ProductId":827,"ProductName":"2 Cappuccino","canisterIds":"","count":0,"isDelete":false,"isok":true,"nameKey":"cappuccino_2","order_no":"202501090755357384427015","order_resend_times":2,"order_uploaded":false,"recipeName":"","timestamp":"20250109075739","cmd":"productdone","vmc_no":73844}
2025-01-13 10:26:27 [Thread-2] INFO  c.e.telemetry.model.MachineInterface - {"PayType":"free","ProductAmount":0,"ProductId":237,"ProductName":"Macchiato","canisterIds":"","count":0,"isDelete":false,"isok":true,"nameKey":"macchiato","order_no":"202501090904287384465413","order_resend_times":2,"order_uploaded":false,"recipeName":"","timestamp":"20250109090543","cmd":"productdone","vmc_no":73844}
2025-01-13 10:26:39 [Thread-2] INFO  c.e.telemetry.model.MachineInterface - {"PayType":"free","ProductAmount":0,"ProductId":178,"ProductName":"2 Long Coffee","canisterIds":"","count":0,"isDelete":false,"isok":true,"nameKey":"long_coffee_2","order_no":"202501091148047384488096","order_resend_times":2,"order_uploaded":false,"recipeName":"","timestamp":"20250109114912","cmd":"productdone","vmc_no":73844}
2025-01-13 10:26:51 [Thread-2] INFO  c.e.telemetry.model.MachineInterface - {"PayType":"free","ProductAmount":0,"ProductId":101,"ProductName":"Cappuccino","canisterIds":"","count":0,"isDelete":false,"isok":true,"nameKey":"cappuccino","order_no":"202501091214127384436675","order_resend_times":2,"order_uploaded":false,"recipeName":"","timestamp":"20250109121514","cmd":"productdone","vmc_no":73844}
2025-01-13 10:27:03 [Thread-2] INFO  c.e.telemetry.model.MachineInterface - {"PayType":"free","ProductAmount":0,"ProductId":101,"ProductName":"Cappuccino","canisterIds":"","count":0,"isDelete":false,"isok":false,"nameKey":"cappuccino","order_no":"202501091227327384471110","order_resend_times":2,"order_uploaded":false,"recipeName":"","timestamp":"20250109122829","cmd":"productdone","vmc_no":73844}
2025-01-13 10:27:15 [Thread-2] INFO  c.e.telemetry.model.MachineInterface - {"PayType":"free","ProductAmount":0,"ProductId":101,"ProductName":"Cappuccino","canisterIds":"","count":0,"isDelete":false,"isok":false,"nameKey":"cappuccino","order_no":"202501091228397384486717","order_resend_times":2,"order_uploaded":false,"recipeName":"","timestamp":"20250109122938","cmd":"productdone","vmc_no":73844}
2025-01-13 10:27:27 [Thread-2] INFO  c.e.telemetry.model.MachineInterface - {"PayType":"free","ProductAmount":0,"ProductId":101,"ProductName":"Cappuccino","canisterIds":"","count":0,"isDelete":false,"isok":true,"nameKey":"cappuccino","order_no":"202501091242307384468368","order_resend_times":2,"order_uploaded":false,"recipeName":"","timestamp":"20250109124344","cmd":"productdone","vmc_no":73844}
2025-01-13 10:27:39 [Thread-2] INFO  c.e.telemetry.model.MachineInterface - {"PayType":"free","ProductAmount":0,"ProductId":105,"ProductName":"Americano","canisterIds":"","count":0,"isDelete":false,"isok":true,"nameKey":"american_style_coffee","order_no":"202501091244227384441810","order_resend_times":2,"order_uploaded":false,"recipeName":"","timestamp":"20250109124519","cmd":"productdone","vmc_no":73844}
2025-01-13 10:27:51 [Thread-2] INFO  c.e.telemetry.model.MachineInterface - {"PayType":"free","ProductAmount":0,"ProductId":101,"ProductName":"Cappuccino","canisterIds":"","count":0,"isDelete":false,"isok":true,"nameKey":"cappuccino","order_no":"202501091416057384480101","order_resend_times":2,"order_uploaded":false,"recipeName":"","timestamp":"20250109141717","cmd":"productdone","vmc_no":73844}
2025-01-13 10:28:03 [Thread-2] INFO  c.e.telemetry.model.MachineInterface - {"PayType":"free","ProductAmount":0,"ProductId":827,"ProductName":"2 Cappuccino","canisterIds":"","count":0,"isDelete":false,"isok":true,"nameKey":"cappuccino_2","order_no":"202501091418087384498733","order_resend_times":2,"order_uploaded":false,"recipeName":"","timestamp":"20250109141931","cmd":"productdone","vmc_no":73844}
2025-01-13 10:28:15 [Thread-2] INFO  c.e.telemetry.model.MachineInterface - {"PayType":"free","ProductAmount":0,"ProductId":237,"ProductName":"Macchiato","canisterIds":"","count":0,"isDelete":false,"isok":true,"nameKey":"macchiato","order_no":"202501091649087384462672","order_resend_times":2,"order_uploaded":false,"recipeName":"","timestamp":"20250109165020","cmd":"productdone","vmc_no":73844}
2025-01-13 10:28:27 [Thread-2] INFO  c.e.telemetry.model.MachineInterface - {"PayType":"free","ProductAmount":0,"ProductId":551,"ProductName":"Milk Foam","canisterIds":"","count":0,"isDelete":false,"isok":true,"nameKey":"milk_foam","order_no":"202501091707557384481969","order_resend_times":2,"order_uploaded":false,"recipeName":"","timestamp":"20250109170820","cmd":"productdone","vmc_no":73844}
2025-01-13 10:28:39 [Thread-2] INFO  c.e.telemetry.model.MachineInterface - {"PayType":"free","ProductAmount":0,"ProductId":551,"ProductName":"Milk Foam","canisterIds":"","count":0,"isDelete":false,"isok":true,"nameKey":"milk_foam","order_no":"202501091710257384476377","order_resend_times":2,"order_uploaded":false,"recipeName":"","timestamp":"20250109171050","cmd":"productdone","vmc_no":73844}
2025-01-13 10:28:51 [Thread-2] INFO  c.e.telemetry.model.MachineInterface - {"PayType":"free","ProductAmount":0,"ProductId":243,"ProductName":"Coffee Latte","canisterIds":"","count":0,"isDelete":false,"isok":true,"nameKey":"caffe_latte","order_no":"202501100707517384470161","order_resend_times":2,"order_uploaded":false,"recipeName":"","timestamp":"20250110070851","cmd":"productdone","vmc_no":73844}
2025-01-13 10:29:03 [Thread-2] INFO  c.e.telemetry.model.MachineInterface - {"PayType":"free","ProductAmount":0,"ProductId":101,"ProductName":"Cappuccino","canisterIds":"","count":0,"isDelete":false,"isok":true,"nameKey":"cappuccino","order_no":"202501100721447384484897","order_resend_times":2,"order_uploaded":false,"recipeName":"","timestamp":"20250110072243","cmd":"productdone","vmc_no":73844}
2025-01-13 10:29:15 [Thread-2] INFO  c.e.telemetry.model.MachineInterface - {"PayType":"free","ProductAmount":0,"ProductId":101,"ProductName":"Cappuccino","canisterIds":"","count":0,"isDelete":false,"isok":true,"nameKey":"cappuccino","order_no":"202501100728027384478936","order_resend_times":2,"order_uploaded":false,"recipeName":"","timestamp":"20250110072916","cmd":"productdone","vmc_no":73844}
2025-01-13 10:29:27 [Thread-2] INFO  c.e.telemetry.model.MachineInterface - {"PayType":"free","ProductAmount":0,"ProductId":105,"ProductName":"Americano","canisterIds":"","count":0,"isDelete":false,"isok":true,"nameKey":"american_style_coffee","order_no":"202501100730467384463396","order_resend_times":2,"order_uploaded":false,"recipeName":"","timestamp":"20250110073139","cmd":"productdone","vmc_no":73844}
2025-01-13 10:29:39 [Thread-2] INFO  c.e.telemetry.model.MachineInterface - {"PayType":"free","ProductAmount":0,"ProductId":827,"ProductName":"2 Cappuccino","canisterIds":"","count":0,"isDelete":false,"isok":true,"nameKey":"cappuccino_2","order_no":"202501100745557384436752","order_resend_times":2,"order_uploaded":false,"recipeName":"","timestamp":"20250110074720","cmd":"productdone","vmc_no":73844}
2025-01-13 10:29:51 [Thread-2] INFO  c.e.telemetry.model.MachineInterface - {"PayType":"free","ProductAmount":0,"ProductId":101,"ProductName":"Cappuccino","canisterIds":"","count":0,"isDelete":false,"isok":true,"nameKey":"cappuccino","order_no":"202501101058477384451019","order_resend_times":1,"order_uploaded":false,"recipeName":"","timestamp":"20250110105953","cmd":"productdone","vmc_no":73844}
2025-01-13 10:30:03 [Thread-2] INFO  c.e.telemetry.model.MachineInterface - {"PayType":"free","ProductAmount":0,"ProductId":178,"ProductName":"2 Long Coffee","canisterIds":"","count":0,"isDelete":false,"isok":true,"nameKey":"long_coffee_2","order_no":"202501101147147384451869","order_resend_times":1,"order_uploaded":false,"recipeName":"","timestamp":"20250110114818","cmd":"productdone","vmc_no":73844}
2025-01-13 10:30:15 [Thread-2] INFO  c.e.telemetry.model.MachineInterface - {"PayType":"free","ProductAmount":0,"ProductId":827,"ProductName":"2 Cappuccino","canisterIds":"","count":0,"isDelete":false,"isok":true,"nameKey":"cappuccino_2","order_no":"202501101214317384493129","order_resend_times":1,"order_uploaded":false,"recipeName":"","timestamp":"20250110121552","cmd":"productdone","vmc_no":73844}
2025-01-13 10:30:27 [Thread-2] INFO  c.e.telemetry.model.MachineInterface - {"PayType":"free","ProductAmount":0,"ProductId":105,"ProductName":"Americano","canisterIds":"","count":0,"isDelete":false,"isok":true,"nameKey":"american_style_coffee","order_no":"202501101314127384439610","order_resend_times":1,"order_uploaded":false,"recipeName":"","timestamp":"20250110131512","cmd":"productdone","vmc_no":73844}
2025-01-13 10:30:39 [Thread-2] INFO  c.e.telemetry.model.MachineInterface - {"PayType":"free","ProductAmount":0,"ProductId":101,"ProductName":"Cappuccino","canisterIds":"","count":0,"isDelete":false,"isok":true,"nameKey":"cappuccino","order_no":"202501101457197384473633","order_resend_times":1,"order_uploaded":false,"recipeName":"","timestamp":"20250110145829","cmd":"productdone","vmc_no":73844}
2025-01-13 10:30:51 [Thread-2] INFO  c.e.telemetry.model.MachineInterface - {"PayType":"free","ProductAmount":0,"ProductId":237,"ProductName":"Macchiato","canisterIds":"","count":0,"isDelete":false,"isok":true,"nameKey":"macchiato","order_no":"202501101522417384462322","order_resend_times":1,"order_uploaded":false,"recipeName":"","timestamp":"20250110152355","cmd":"productdone","vmc_no":73844}
2025-01-13 10:31:03 [Thread-2] INFO  c.e.telemetry.model.MachineInterface - {"PayType":"free","ProductAmount":0,"ProductId":551,"ProductName":"Milk Foam","canisterIds":"","count":0,"isDelete":false,"isok":true,"nameKey":"milk_foam","order_no":"202501101549587384462351","order_resend_times":1,"order_uploaded":false,"recipeName":"","timestamp":"20250110155022","cmd":"productdone","vmc_no":73844}
2025-01-13 10:31:15 [Thread-2] INFO  c.e.telemetry.model.MachineInterface - {"PayType":"free","ProductAmount":0,"ProductId":551,"ProductName":"Milk Foam","canisterIds":"","count":0,"isDelete":false,"isok":true,"nameKey":"milk_foam","order_no":"202501101551197384476205","order_resend_times":1,"order_uploaded":false,"recipeName":"","timestamp":"20250110155143","cmd":"productdone","vmc_no":73844}
2025-01-13 10:31:27 [Thread-2] INFO  c.e.telemetry.model.MachineInterface - {"PayType":"free","ProductAmount":0,"ProductId":551,"ProductName":"Milk Foam","canisterIds":"","count":0,"isDelete":false,"isok":false,"nameKey":"milk_foam","order_no":"202501130658207384421387","order_resend_times":1,"order_uploaded":false,"recipeName":"","timestamp":"20250113065836","cmd":"productdone","vmc_no":73844}
2025-01-13 10:31:39 [Thread-2] INFO  c.e.telemetry.model.MachineInterface - {"PayType":"free","ProductAmount":0,"ProductId":243,"ProductName":"Coffee Latte","canisterIds":"","count":0,"isDelete":false,"isok":true,"nameKey":"caffe_latte","order_no":"202501130658417384487505","order_resend_times":1,"order_uploaded":false,"recipeName":"","timestamp":"20250113065954","cmd":"productdone","vmc_no":73844}
2025-01-13 10:31:51 [Thread-2] INFO  c.e.telemetry.model.MachineInterface - {"PayType":"free","ProductAmount":0,"ProductId":101,"ProductName":"Cappuccino","canisterIds":"","count":0,"isDelete":false,"isok":true,"nameKey":"cappuccino","order_no":"202501130712177384463065","order_resend_times":1,"order_uploaded":false,"recipeName":"","timestamp":"20250113071331","cmd":"productdone","vmc_no":73844}
2025-01-13 10:32:03 [Thread-2] INFO  c.e.telemetry.model.MachineInterface - {"PayType":"free","ProductAmount":0,"ProductId":105,"ProductName":"Americano","canisterIds":"","count":0,"isDelete":false,"isok":true,"nameKey":"american_style_coffee","order_no":"202501130759087384472375","order_resend_times":1,"order_uploaded":false,"recipeName":"","timestamp":"20250113080000","cmd":"productdone","vmc_no":73844}
2025-01-13 10:32:15 [Thread-2] INFO  c.e.telemetry.model.MachineInterface - {"PayType":"free","ProductAmount":0,"ProductId":105,"ProductName":"Americano","canisterIds":"","count":0,"isDelete":false,"isok":true,"nameKey":"american_style_coffee","order_no":"202501130800387384487522","order_resend_times":1,"order_uploaded":false,"recipeName":"","timestamp":"20250113080136","cmd":"productdone","vmc_no":73844}
2025-01-13 10:32:27 [Thread-2] INFO  c.e.telemetry.model.MachineInterface - {"PayType":"free","ProductAmount":0,"ProductId":827,"ProductName":"2 Cappuccino","canisterIds":"","count":0,"isDelete":false,"isok":true,"nameKey":"cappuccino_2","order_no":"202501130801557384488216","order_resend_times":1,"order_uploaded":false,"recipeName":"","timestamp":"20250113080317","cmd":"productdone","vmc_no":73844}
2025-01-13 10:32:39 [Thread-2] INFO  c.e.telemetry.model.MachineInterface - {"PayType":"free","ProductAmount":0,"ProductId":101,"ProductName":"Cappuccino","canisterIds":"","count":0,"isDelete":false,"isok":false,"nameKey":"cappuccino","order_no":"202501130914527384434122","order_resend_times":0,"order_uploaded":false,"recipeName":"","timestamp":"20250113091551","cmd":"productdone","vmc_no":73844}
2025-01-13 10:34:06 [SpringApplicationShutdownHook] INFO  o.s.i.endpoint.EventDrivenConsumer - Removing {logging-channel-adapter:_org.springframework.integration.errorLogger} as a subscriber to the 'errorChannel' channel
2025-01-13 10:34:06 [SpringApplicationShutdownHook] INFO  o.s.i.c.PublishSubscribeChannel - Channel 'JetinnoTelemetry.errorChannel' has 0 subscriber(s).
2025-01-13 10:34:06 [SpringApplicationShutdownHook] INFO  o.s.i.endpoint.EventDrivenConsumer - stopped bean '_org.springframework.integration.errorLogger'
2025-01-13 10:34:06 [SpringApplicationShutdownHook] INFO  o.s.o.j.LocalContainerEntityManagerFactoryBean - Closing JPA EntityManagerFactory for persistence unit 'default'
2025-01-13 10:34:06 [SpringApplicationShutdownHook] INFO  com.zaxxer.hikari.HikariDataSource - HikariPool-1 - Shutdown initiated...
2025-01-13 10:34:06 [SpringApplicationShutdownHook] INFO  com.zaxxer.hikari.HikariDataSource - HikariPool-1 - Shutdown completed.
2025-01-13 10:57:35 [main] INFO  c.e.telemetry.TelemetryApplication - Starting TelemetryApplication using Java 22.0.1 with PID 6928 (C:\Users\vadim.tissen\IdeaProjects\demo\target\classes started by vadim.tissen in C:\Users\vadim.tissen\IdeaProjects\demo)
2025-01-13 10:57:35 [main] INFO  c.e.telemetry.TelemetryApplication - No active profile set, falling back to 1 default profile: "default"
2025-01-13 10:57:37 [main] INFO  o.s.d.r.c.RepositoryConfigurationDelegate - Bootstrapping Spring Data JPA repositories in DEFAULT mode.
2025-01-13 10:57:37 [main] INFO  o.s.d.r.c.RepositoryConfigurationDelegate - Finished Spring Data repository scanning in 281 ms. Found 6 JPA repository interfaces.
2025-01-13 10:57:37 [main] INFO  o.s.i.c.DefaultConfiguringBeanFactoryPostProcessor - No bean named 'errorChannel' has been explicitly defined. Therefore, a default PublishSubscribeChannel will be created.
2025-01-13 10:57:37 [main] INFO  o.s.i.c.DefaultConfiguringBeanFactoryPostProcessor - No bean named 'integrationHeaderChannelRegistry' has been explicitly defined. Therefore, a default DefaultHeaderChannelRegistry will be created.
2025-01-13 10:57:38 [main] INFO  o.s.b.w.e.tomcat.TomcatWebServer - Tomcat initialized with port 8001 (http)
2025-01-13 10:57:38 [main] INFO  o.a.coyote.http11.Http11NioProtocol - Initializing ProtocolHandler ["http-nio-8001"]
2025-01-13 10:57:38 [main] INFO  o.a.catalina.core.StandardService - Starting service [Tomcat]
2025-01-13 10:57:38 [main] INFO  o.a.catalina.core.StandardEngine - Starting Servlet engine: [Apache Tomcat/10.1.26]
2025-01-13 10:57:39 [main] INFO  o.a.c.c.C.[.[.[/jetinno_api] - Initializing Spring embedded WebApplicationContext
2025-01-13 10:57:39 [main] INFO  o.s.b.w.s.c.ServletWebServerApplicationContext - Root WebApplicationContext: initialization completed in 3023 ms
2025-01-13 10:57:39 [main] INFO  com.zaxxer.hikari.HikariDataSource - HikariPool-1 - Starting...
2025-01-13 10:57:40 [main] INFO  com.zaxxer.hikari.pool.HikariPool - HikariPool-1 - Added connection org.postgresql.jdbc.PgConnection@4416e18d
2025-01-13 10:57:40 [main] INFO  com.zaxxer.hikari.HikariDataSource - HikariPool-1 - Start completed.
2025-01-13 10:57:40 [main] INFO  org.flywaydb.core.FlywayExecutor - Database: jdbc:postgresql://localhost:5432/CoffeeTelemetry (PostgreSQL 16.4)
2025-01-13 10:57:40 [main] INFO  o.f.core.internal.command.DbValidate - Successfully validated 4 migrations (execution time 00:00.063s)
2025-01-13 10:57:40 [main] INFO  o.f.core.internal.command.DbMigrate - Current version of schema "public": 3
2025-01-13 10:57:40 [main] INFO  o.f.core.internal.command.DbMigrate - Schema "public" is up to date. No migration necessary.
2025-01-13 10:57:40 [main] INFO  o.h.jpa.internal.util.LogHelper - HHH000204: Processing PersistenceUnitInfo [name: default]
2025-01-13 10:57:40 [main] INFO  org.hibernate.Version - HHH000412: Hibernate ORM core version 6.5.2.Final
2025-01-13 10:57:41 [main] INFO  o.h.c.i.RegionFactoryInitiator - HHH000026: Second-level cache disabled
2025-01-13 10:57:41 [main] WARN  org.hibernate.orm.deprecation - HHH90000025: PostgreSQLDialect does not need to be specified explicitly using 'hibernate.dialect' (remove the property setting and it will be selected by default)
2025-01-13 10:57:41 [main] INFO  o.s.o.j.p.SpringPersistenceUnitInfo - No LoadTimeWeaver setup: ignoring JPA class transformer
2025-01-13 10:57:42 [main] INFO  o.h.e.t.j.p.i.JtaPlatformInitiator - HHH000489: No JTA platform available (set 'hibernate.transaction.jta.platform' to enable JTA platform integration)
2025-01-13 10:57:42 [main] INFO  o.s.o.j.LocalContainerEntityManagerFactoryBean - Initialized JPA EntityManagerFactory for persistence unit 'default'
2025-01-13 10:57:43 [main] INFO  o.s.d.j.r.query.QueryEnhancerFactory - Hibernate is in classpath; If applicable, HQL parser will be used.
2025-01-13 10:57:44 [main] WARN  o.s.b.a.o.j.JpaBaseConfiguration$JpaWebConfiguration - spring.jpa.open-in-view is enabled by default. Therefore, database queries may be performed during view rendering. Explicitly configure spring.jpa.open-in-view to disable this warning
2025-01-13 10:57:44 [main] INFO  o.s.s.c.a.a.c.InitializeUserDetailsBeanManagerConfigurer$InitializeUserDetailsManagerConfigurer - Global AuthenticationManager configured with UserDetailsService bean with name userDetailsService
2025-01-13 10:57:44 [main] INFO  o.s.b.a.w.s.WelcomePageHandlerMapping - Adding welcome page template: index
2025-01-13 10:57:45 [main] INFO  o.s.i.endpoint.EventDrivenConsumer - Adding {logging-channel-adapter:_org.springframework.integration.errorLogger} as a subscriber to the 'errorChannel' channel
2025-01-13 10:57:45 [main] INFO  o.s.i.c.PublishSubscribeChannel - Channel 'JetinnoTelemetry.errorChannel' has 1 subscriber(s).
2025-01-13 10:57:45 [main] INFO  o.s.i.endpoint.EventDrivenConsumer - started bean '_org.springframework.integration.errorLogger'
2025-01-13 10:57:45 [main] INFO  o.a.coyote.http11.Http11NioProtocol - Starting ProtocolHandler ["http-nio-8001"]
2025-01-13 10:57:45 [main] INFO  o.s.b.w.e.tomcat.TomcatWebServer - Tomcat started on port 8001 (http) with context path '/jetinno_api'
2025-01-13 10:57:45 [main] INFO  c.e.telemetry.TelemetryApplication - Started TelemetryApplication in 10.841 seconds (process running for 11.51)
2025-01-13 10:58:13 [Thread-2] INFO  c.e.telemetry.model.MachineInterface - {"status":"clearerror","cmd":"machinestatus","vmc_no":73844}
2025-01-13 10:58:13 [Thread-2] INFO  c.e.telemetry.model.MachineInterface - {"status":"supply","supply":{"10284":"100000","10008":"57","9991":"100000","10009":"100000","10006":"73","19991":"100000","10007":"100000"},"time":"20250113105813","cmd":"machinestatus","vmc_no":73844}
2025-01-13 10:58:13 [Thread-2] INFO  c.e.telemetry.model.MachineInterface - {"status":"doorclose","cmd":"machinestatus","vmc_no":73844}
2025-01-13 11:08:45 [SpringApplicationShutdownHook] INFO  o.s.i.endpoint.EventDrivenConsumer - Removing {logging-channel-adapter:_org.springframework.integration.errorLogger} as a subscriber to the 'errorChannel' channel
2025-01-13 11:08:45 [SpringApplicationShutdownHook] INFO  o.s.i.c.PublishSubscribeChannel - Channel 'JetinnoTelemetry.errorChannel' has 0 subscriber(s).
2025-01-13 11:08:45 [SpringApplicationShutdownHook] INFO  o.s.i.endpoint.EventDrivenConsumer - stopped bean '_org.springframework.integration.errorLogger'
2025-01-13 11:08:45 [SpringApplicationShutdownHook] INFO  o.s.o.j.LocalContainerEntityManagerFactoryBean - Closing JPA EntityManagerFactory for persistence unit 'default'
2025-01-13 11:08:45 [SpringApplicationShutdownHook] INFO  com.zaxxer.hikari.HikariDataSource - HikariPool-1 - Shutdown initiated...
2025-01-13 11:08:45 [SpringApplicationShutdownHook] INFO  com.zaxxer.hikari.HikariDataSource - HikariPool-1 - Shutdown completed.
2025-01-13 11:26:04 [main] INFO  c.e.telemetry.TelemetryApplication - Starting TelemetryApplication using Java 22.0.1 with PID 15624 (C:\Users\vadim.tissen\IdeaProjects\demo\target\classes started by vadim.tissen in C:\Users\vadim.tissen\IdeaProjects\demo)
2025-01-13 11:26:04 [main] INFO  c.e.telemetry.TelemetryApplication - No active profile set, falling back to 1 default profile: "default"
2025-01-13 11:26:05 [main] INFO  o.s.d.r.c.RepositoryConfigurationDelegate - Bootstrapping Spring Data JPA repositories in DEFAULT mode.
2025-01-13 11:26:06 [main] INFO  o.s.d.r.c.RepositoryConfigurationDelegate - Finished Spring Data repository scanning in 237 ms. Found 6 JPA repository interfaces.
2025-01-13 11:26:06 [main] INFO  o.s.i.c.DefaultConfiguringBeanFactoryPostProcessor - No bean named 'errorChannel' has been explicitly defined. Therefore, a default PublishSubscribeChannel will be created.
2025-01-13 11:26:06 [main] INFO  o.s.i.c.DefaultConfiguringBeanFactoryPostProcessor - No bean named 'integrationHeaderChannelRegistry' has been explicitly defined. Therefore, a default DefaultHeaderChannelRegistry will be created.
2025-01-13 11:26:07 [main] INFO  o.s.b.w.e.tomcat.TomcatWebServer - Tomcat initialized with port 8001 (http)
2025-01-13 11:26:07 [main] INFO  o.a.coyote.http11.Http11NioProtocol - Initializing ProtocolHandler ["http-nio-8001"]
2025-01-13 11:26:07 [main] INFO  o.a.catalina.core.StandardService - Starting service [Tomcat]
2025-01-13 11:26:07 [main] INFO  o.a.catalina.core.StandardEngine - Starting Servlet engine: [Apache Tomcat/10.1.26]
2025-01-13 11:26:07 [main] INFO  o.a.c.c.C.[.[.[/jetinno_api] - Initializing Spring embedded WebApplicationContext
2025-01-13 11:26:07 [main] INFO  o.s.b.w.s.c.ServletWebServerApplicationContext - Root WebApplicationContext: initialization completed in 2939 ms
2025-01-13 11:26:08 [main] INFO  com.zaxxer.hikari.HikariDataSource - HikariPool-1 - Starting...
2025-01-13 11:26:08 [main] INFO  com.zaxxer.hikari.pool.HikariPool - HikariPool-1 - Added connection org.postgresql.jdbc.PgConnection@1be8c122
2025-01-13 11:26:08 [main] INFO  com.zaxxer.hikari.HikariDataSource - HikariPool-1 - Start completed.
2025-01-13 11:26:08 [main] INFO  org.flywaydb.core.FlywayExecutor - Database: jdbc:postgresql://localhost:5432/CoffeeTelemetry (PostgreSQL 16.4)
2025-01-13 11:26:08 [main] INFO  o.f.core.internal.command.DbValidate - Successfully validated 4 migrations (execution time 00:00.051s)
2025-01-13 11:26:08 [main] INFO  o.f.core.internal.command.DbMigrate - Current version of schema "public": 3
2025-01-13 11:26:08 [main] INFO  o.f.core.internal.command.DbMigrate - Schema "public" is up to date. No migration necessary.
2025-01-13 11:26:08 [main] INFO  o.h.jpa.internal.util.LogHelper - HHH000204: Processing PersistenceUnitInfo [name: default]
2025-01-13 11:26:08 [main] INFO  org.hibernate.Version - HHH000412: Hibernate ORM core version 6.5.2.Final
2025-01-13 11:26:09 [main] INFO  o.h.c.i.RegionFactoryInitiator - HHH000026: Second-level cache disabled
2025-01-13 11:26:09 [main] WARN  org.hibernate.orm.deprecation - HHH90000025: PostgreSQLDialect does not need to be specified explicitly using 'hibernate.dialect' (remove the property setting and it will be selected by default)
2025-01-13 11:26:09 [main] INFO  o.s.o.j.p.SpringPersistenceUnitInfo - No LoadTimeWeaver setup: ignoring JPA class transformer
2025-01-13 11:26:11 [main] INFO  o.h.e.t.j.p.i.JtaPlatformInitiator - HHH000489: No JTA platform available (set 'hibernate.transaction.jta.platform' to enable JTA platform integration)
2025-01-13 11:26:11 [main] INFO  o.s.o.j.LocalContainerEntityManagerFactoryBean - Initialized JPA EntityManagerFactory for persistence unit 'default'
2025-01-13 11:26:12 [main] INFO  o.s.d.j.r.query.QueryEnhancerFactory - Hibernate is in classpath; If applicable, HQL parser will be used.
2025-01-13 11:26:13 [main] WARN  o.s.b.a.o.j.JpaBaseConfiguration$JpaWebConfiguration - spring.jpa.open-in-view is enabled by default. Therefore, database queries may be performed during view rendering. Explicitly configure spring.jpa.open-in-view to disable this warning
2025-01-13 11:26:14 [main] INFO  o.s.s.c.a.a.c.InitializeUserDetailsBeanManagerConfigurer$InitializeUserDetailsManagerConfigurer - Global AuthenticationManager configured with UserDetailsService bean with name userDetailsService
2025-01-13 11:26:14 [main] INFO  o.s.b.a.w.s.WelcomePageHandlerMapping - Adding welcome page template: index
2025-01-13 11:26:16 [main] INFO  o.s.i.endpoint.EventDrivenConsumer - Adding {logging-channel-adapter:_org.springframework.integration.errorLogger} as a subscriber to the 'errorChannel' channel
2025-01-13 11:26:16 [main] INFO  o.s.i.c.PublishSubscribeChannel - Channel 'JetinnoTelemetry.errorChannel' has 1 subscriber(s).
2025-01-13 11:26:16 [main] INFO  o.s.i.endpoint.EventDrivenConsumer - started bean '_org.springframework.integration.errorLogger'
2025-01-13 11:26:16 [main] INFO  o.a.coyote.http11.Http11NioProtocol - Starting ProtocolHandler ["http-nio-8001"]
2025-01-13 11:26:16 [main] INFO  o.s.b.w.e.tomcat.TomcatWebServer - Tomcat started on port 8001 (http) with context path '/jetinno_api'
2025-01-13 11:26:16 [main] INFO  c.e.telemetry.TelemetryApplication - Started TelemetryApplication in 12.549 seconds (process running for 13.724)
2025-01-13 11:26:53 [Thread-2] INFO  c.e.telemetry.model.MachineInterface - {"status":"clearerror","cmd":"machinestatus","vmc_no":73844}
2025-01-13 11:26:54 [Thread-2] INFO  c.e.telemetry.model.MachineInterface - {"status":"supply","supply":{"10284":"100000","10008":"57","9991":"100000","10009":"100000","10006":"73","19991":"100000","10007":"100000"},"time":"20250113112653","cmd":"machinestatus","vmc_no":73844}
2025-01-13 11:26:54 [Thread-2] INFO  c.e.telemetry.model.MachineInterface - {"status":"doorclose","cmd":"machinestatus","vmc_no":73844}
2025-01-13 11:46:07 [http-nio-8001-exec-2] INFO  o.a.c.c.C.[.[.[/jetinno_api] - Initializing Spring DispatcherServlet 'dispatcherServlet'
2025-01-13 11:46:07 [http-nio-8001-exec-2] INFO  o.s.web.servlet.DispatcherServlet - Initializing Servlet 'dispatcherServlet'
2025-01-13 11:46:07 [http-nio-8001-exec-2] INFO  o.s.web.servlet.DispatcherServlet - Completed initialization in 2 ms
2025-01-13 11:46:22 [Thread-2] INFO  c.e.telemetry.model.MachineInterface - {"comp_id":0,"io_version":"V87.25","login_count":14,"sign":"tangtang","timestamp":"20250113","version":"V1.0.9.T_JL32_33","cmd":"login","vmc_no":73844}
2025-01-13 11:46:22 [Thread-2] INFO  c.e.telemetry.model.MachineInterface - {"status":"supply","supply":{"10284":"100000","10008":"57","9991":"100000","10009":"100000","10006":"73","19991":"100000","10007":"100000"},"time":"20250113114622","cmd":"machinestatus","vmc_no":73844}
2025-01-13 11:46:22 [Thread-2] INFO  c.e.telemetry.model.MachineInterface - {"status":"doorclose","cmd":"machinestatus","vmc_no":73844}
2025-01-13 11:47:54 [Thread-2] INFO  c.e.telemetry.model.MachineInterface - {"PayType":"free","ProductAmount":0,"ProductId":204,"ProductName":"Long Coffee","canisterIds":"","count":0,"isDelete":false,"isok":true,"nameKey":"long_coffee","order_no":"202412200942157384487334","order_resend_times":47,"order_uploaded":false,"recipeName":"","timestamp":"20241220094431","cmd":"productdone","vmc_no":73844}
2025-01-13 11:47:54 [Thread-2] WARN  o.h.e.jdbc.spi.SqlExceptionHelper - SQL Error: 0, SQLState: 23503
2025-01-13 11:47:54 [Thread-2] ERROR o.h.e.jdbc.spi.SqlExceptionHelper - ОШИБКА: INSERT или UPDATE в таблице "telemetry_data" нарушает ограничение внешнего ключа "telemetry_data_product_id_fkey"
  Подробности: Ключ (product_id)=(204) отсутствует в таблице "coffee_order".
2025-01-13 11:50:27 [Thread-4] INFO  c.e.telemetry.model.MachineInterface - {"comp_id":0,"io_version":"V87.25","login_count":16,"sign":"tangtang","timestamp":"20250113","version":"V1.0.9.T_JL32_33","cmd":"login","vmc_no":73844}
2025-01-13 11:50:28 [Thread-4] INFO  c.e.telemetry.model.MachineInterface - {"status":"clearerror","cmd":"machinestatus","vmc_no":73844}
2025-01-13 11:50:28 [Thread-4] INFO  c.e.telemetry.model.MachineInterface - {"status":"supply","supply":{"10284":"100000","10008":"57","9991":"100000","10009":"100000","10006":"73","19991":"100000","10007":"100000"},"time":"20250113115028","cmd":"machinestatus","vmc_no":73844}
2025-01-13 11:50:28 [Thread-4] INFO  c.e.telemetry.model.MachineInterface - {"status":"doorclose","cmd":"machinestatus","vmc_no":73844}
2025-01-13 11:50:42 [Thread-4] INFO  c.e.telemetry.model.MachineInterface - {"PayType":"free","ProductAmount":0,"ProductId":105,"ProductName":"Americano","canisterIds":"","count":0,"isDelete":false,"isok":true,"nameKey":"american_style_coffee","order_no":"202412280809247384460736","order_resend_times":4,"order_uploaded":false,"recipeName":"","timestamp":"20241228081124","cmd":"productdone","vmc_no":73844}
2025-01-13 11:51:03 [Thread-4] INFO  c.e.telemetry.model.MachineInterface - {"PayType":"free","ProductAmount":0,"ProductId":105,"ProductName":"Americano","canisterIds":"","count":0,"isDelete":false,"isok":true,"nameKey":"american_style_coffee","order_no":"202412280916247384456168","order_resend_times":4,"order_uploaded":false,"recipeName":"","timestamp":"20241228091718","cmd":"productdone","vmc_no":73844}
2025-01-13 11:51:24 [Thread-4] INFO  c.e.telemetry.model.MachineInterface - {"PayType":"free","ProductAmount":0,"ProductId":101,"ProductName":"Cappuccino","canisterIds":"","count":0,"isDelete":false,"isok":false,"nameKey":"cappuccino","order_no":"202412281118027384432118","order_resend_times":4,"order_uploaded":false,"recipeName":"","timestamp":"20241228111859","cmd":"productdone","vmc_no":73844}
2025-01-13 11:51:45 [Thread-4] INFO  c.e.telemetry.model.MachineInterface - {"PayType":"free","ProductAmount":0,"ProductId":101,"ProductName":"Cappuccino","canisterIds":"","count":0,"isDelete":false,"isok":false,"nameKey":"cappuccino","order_no":"202412281129197384461181","order_resend_times":4,"order_uploaded":false,"recipeName":"","timestamp":"20241228113018","cmd":"productdone","vmc_no":73844}
2025-01-13 11:52:06 [Thread-4] INFO  c.e.telemetry.model.MachineInterface - {"PayType":"free","ProductAmount":0,"ProductId":178,"ProductName":"2 Long Coffee","canisterIds":"","count":0,"isDelete":false,"isok":true,"nameKey":"long_coffee_2","order_no":"202412281150077384478902","order_resend_times":4,"order_uploaded":false,"recipeName":"","timestamp":"20241228115117","cmd":"productdone","vmc_no":73844}
2025-01-13 11:52:27 [Thread-4] INFO  c.e.telemetry.model.MachineInterface - {"PayType":"free","ProductAmount":0,"ProductId":101,"ProductName":"Cappuccino","canisterIds":"","count":0,"isDelete":false,"isok":true,"nameKey":"cappuccino","order_no":"202412281224087384410541","order_resend_times":4,"order_uploaded":false,"recipeName":"","timestamp":"20241228122523","cmd":"productdone","vmc_no":73844}
2025-01-13 11:52:48 [Thread-4] INFO  c.e.telemetry.model.MachineInterface - {"PayType":"free","ProductAmount":0,"ProductId":827,"ProductName":"2 Cappuccino","canisterIds":"","count":0,"isDelete":false,"isok":true,"nameKey":"cappuccino_2","order_no":"202412281229597384445616","order_resend_times":4,"order_uploaded":false,"recipeName":"","timestamp":"20241228123119","cmd":"productdone","vmc_no":73844}
2025-01-13 11:53:09 [Thread-4] INFO  c.e.telemetry.model.MachineInterface - {"PayType":"free","ProductAmount":0,"ProductId":237,"ProductName":"Macchiato","canisterIds":"","count":0,"isDelete":false,"isok":true,"nameKey":"macchiato","order_no":"202412281355227384432602","order_resend_times":4,"order_uploaded":false,"recipeName":"","timestamp":"20241228135638","cmd":"productdone","vmc_no":73844}
2025-01-13 11:53:30 [Thread-4] INFO  c.e.telemetry.model.MachineInterface - {"PayType":"free","ProductAmount":0,"ProductId":551,"ProductName":"Milk Foam","canisterIds":"","count":0,"isDelete":false,"isok":true,"nameKey":"milk_foam","order_no":"202412281457107384412340","order_resend_times":4,"order_uploaded":false,"recipeName":"","timestamp":"20241228145734","cmd":"productdone","vmc_no":73844}
2025-01-13 11:53:51 [Thread-4] INFO  c.e.telemetry.model.MachineInterface - {"PayType":"free","ProductAmount":0,"ProductId":551,"ProductName":"Milk Foam","canisterIds":"","count":0,"isDelete":false,"isok":false,"nameKey":"milk_foam","order_no":"202501061414247384456398","order_resend_times":4,"order_uploaded":false,"recipeName":"","timestamp":"20250106141439","cmd":"productdone","vmc_no":73844}
2025-01-13 11:58:17 [SpringApplicationShutdownHook] INFO  o.s.i.endpoint.EventDrivenConsumer - Removing {logging-channel-adapter:_org.springframework.integration.errorLogger} as a subscriber to the 'errorChannel' channel
2025-01-13 11:58:17 [SpringApplicationShutdownHook] INFO  o.s.i.c.PublishSubscribeChannel - Channel 'JetinnoTelemetry.errorChannel' has 0 subscriber(s).
2025-01-13 11:58:17 [SpringApplicationShutdownHook] INFO  o.s.i.endpoint.EventDrivenConsumer - stopped bean '_org.springframework.integration.errorLogger'
2025-01-13 11:58:17 [SpringApplicationShutdownHook] INFO  o.s.o.j.LocalContainerEntityManagerFactoryBean - Closing JPA EntityManagerFactory for persistence unit 'default'
2025-01-13 11:58:17 [SpringApplicationShutdownHook] INFO  com.zaxxer.hikari.HikariDataSource - HikariPool-1 - Shutdown initiated...
2025-01-13 11:58:17 [SpringApplicationShutdownHook] INFO  com.zaxxer.hikari.HikariDataSource - HikariPool-1 - Shutdown completed.
2025-01-13 11:59:16 [main] INFO  c.e.telemetry.TelemetryApplication - Starting TelemetryApplication using Java 22.0.1 with PID 6708 (C:\Users\vadim.tissen\IdeaProjects\demo\target\classes started by vadim.tissen in C:\Users\vadim.tissen\IdeaProjects\demo)
2025-01-13 11:59:16 [main] INFO  c.e.telemetry.TelemetryApplication - No active profile set, falling back to 1 default profile: "default"
2025-01-13 11:59:17 [main] INFO  o.s.d.r.c.RepositoryConfigurationDelegate - Bootstrapping Spring Data JPA repositories in DEFAULT mode.
2025-01-13 11:59:17 [main] INFO  o.s.d.r.c.RepositoryConfigurationDelegate - Finished Spring Data repository scanning in 214 ms. Found 6 JPA repository interfaces.
2025-01-13 11:59:18 [main] INFO  o.s.i.c.DefaultConfiguringBeanFactoryPostProcessor - No bean named 'errorChannel' has been explicitly defined. Therefore, a default PublishSubscribeChannel will be created.
2025-01-13 11:59:18 [main] INFO  o.s.i.c.DefaultConfiguringBeanFactoryPostProcessor - No bean named 'integrationHeaderChannelRegistry' has been explicitly defined. Therefore, a default DefaultHeaderChannelRegistry will be created.
2025-01-13 11:59:19 [main] INFO  o.s.b.w.e.tomcat.TomcatWebServer - Tomcat initialized with port 8001 (http)
2025-01-13 11:59:19 [main] INFO  o.a.coyote.http11.Http11NioProtocol - Initializing ProtocolHandler ["http-nio-8001"]
2025-01-13 11:59:19 [main] INFO  o.a.catalina.core.StandardService - Starting service [Tomcat]
2025-01-13 11:59:19 [main] INFO  o.a.catalina.core.StandardEngine - Starting Servlet engine: [Apache Tomcat/10.1.26]
2025-01-13 11:59:19 [main] INFO  o.a.c.c.C.[.[.[/jetinno_api] - Initializing Spring embedded WebApplicationContext
2025-01-13 11:59:19 [main] INFO  o.s.b.w.s.c.ServletWebServerApplicationContext - Root WebApplicationContext: initialization completed in 2903 ms
2025-01-13 11:59:19 [main] INFO  com.zaxxer.hikari.HikariDataSource - HikariPool-1 - Starting...
2025-01-13 11:59:20 [main] INFO  com.zaxxer.hikari.pool.HikariPool - HikariPool-1 - Added connection org.postgresql.jdbc.PgConnection@5d829ef0
2025-01-13 11:59:20 [main] INFO  com.zaxxer.hikari.HikariDataSource - HikariPool-1 - Start completed.
2025-01-13 11:59:20 [main] INFO  org.flywaydb.core.FlywayExecutor - Database: jdbc:postgresql://localhost:5432/CoffeeTelemetry (PostgreSQL 16.4)
2025-01-13 11:59:20 [main] INFO  o.f.core.internal.command.DbValidate - Successfully validated 4 migrations (execution time 00:00.063s)
2025-01-13 11:59:20 [main] INFO  o.f.core.internal.command.DbMigrate - Current version of schema "public": 3
2025-01-13 11:59:20 [main] INFO  o.f.core.internal.command.DbMigrate - Schema "public" is up to date. No migration necessary.
2025-01-13 11:59:20 [main] INFO  o.h.jpa.internal.util.LogHelper - HHH000204: Processing PersistenceUnitInfo [name: default]
2025-01-13 11:59:20 [main] INFO  org.hibernate.Version - HHH000412: Hibernate ORM core version 6.5.2.Final
2025-01-13 11:59:20 [main] INFO  o.h.c.i.RegionFactoryInitiator - HHH000026: Second-level cache disabled
2025-01-13 11:59:20 [main] WARN  org.hibernate.orm.deprecation - HHH90000025: PostgreSQLDialect does not need to be specified explicitly using 'hibernate.dialect' (remove the property setting and it will be selected by default)
2025-01-13 11:59:21 [main] INFO  o.s.o.j.p.SpringPersistenceUnitInfo - No LoadTimeWeaver setup: ignoring JPA class transformer
2025-01-13 11:59:22 [main] INFO  o.h.e.t.j.p.i.JtaPlatformInitiator - HHH000489: No JTA platform available (set 'hibernate.transaction.jta.platform' to enable JTA platform integration)
2025-01-13 11:59:22 [main] INFO  o.s.o.j.LocalContainerEntityManagerFactoryBean - Initialized JPA EntityManagerFactory for persistence unit 'default'
2025-01-13 11:59:23 [main] INFO  o.s.d.j.r.query.QueryEnhancerFactory - Hibernate is in classpath; If applicable, HQL parser will be used.
2025-01-13 11:59:24 [main] WARN  o.s.b.a.o.j.JpaBaseConfiguration$JpaWebConfiguration - spring.jpa.open-in-view is enabled by default. Therefore, database queries may be performed during view rendering. Explicitly configure spring.jpa.open-in-view to disable this warning
2025-01-13 11:59:24 [main] INFO  o.s.s.c.a.a.c.InitializeUserDetailsBeanManagerConfigurer$InitializeUserDetailsManagerConfigurer - Global AuthenticationManager configured with UserDetailsService bean with name userDetailsService
2025-01-13 11:59:24 [main] INFO  o.s.b.a.w.s.WelcomePageHandlerMapping - Adding welcome page template: index
2025-01-13 11:59:25 [main] INFO  o.s.i.endpoint.EventDrivenConsumer - Adding {logging-channel-adapter:_org.springframework.integration.errorLogger} as a subscriber to the 'errorChannel' channel
2025-01-13 11:59:25 [main] INFO  o.s.i.c.PublishSubscribeChannel - Channel 'JetinnoTelemetry.errorChannel' has 1 subscriber(s).
2025-01-13 11:59:25 [main] INFO  o.s.i.endpoint.EventDrivenConsumer - started bean '_org.springframework.integration.errorLogger'
2025-01-13 11:59:25 [main] INFO  o.a.coyote.http11.Http11NioProtocol - Starting ProtocolHandler ["http-nio-8001"]
2025-01-13 11:59:25 [main] INFO  o.s.b.w.e.tomcat.TomcatWebServer - Tomcat started on port 8001 (http) with context path '/jetinno_api'
2025-01-13 11:59:25 [main] INFO  c.e.telemetry.TelemetryApplication - Started TelemetryApplication in 10.561 seconds (process running for 11.234)
2025-01-13 12:01:03 [Thread-2] INFO  c.e.telemetry.model.MachineInterface - {"status":"clearerror","cmd":"machinestatus","vmc_no":73844}
2025-01-13 12:01:03 [Thread-2] INFO  c.e.telemetry.model.MachineInterface - {"c_uid":"C20250113115050508","isok":true,"rinsing_code":"C02","timestamp":"20250113115050","cmd":"rinsingrecord","vmc_no":73844}
2025-01-13 12:01:03 [Thread-2] INFO  c.e.telemetry.model.MachineInterface - {"status":"supply","supply":{"10284":"100000","10008":"57","9991":"100000","10009":"100000","10006":"73","19991":"100000","10007":"100000"},"time":"20250113120103","cmd":"machinestatus","vmc_no":73844}
2025-01-13 12:01:03 [Thread-2] INFO  c.e.telemetry.model.MachineInterface - {"status":"doorclose","cmd":"machinestatus","vmc_no":73844}
2025-01-13 12:04:56 [Thread-2] INFO  c.e.telemetry.model.MachineInterface - {"PayType":"free","ProductAmount":0,"ProductId":178,"ProductName":"2 Long Coffee","canisterIds":"170","count":0,"isDelete":false,"isok":true,"nameKey":"long_coffee_2","order_no":"202501131203547384472642","order_resend_times":0,"order_uploaded":false,"recipeName":"2 Long Coffee","timestamp":"20250113120456","cmd":"productdone","vmc_no":73844}
2025-01-13 12:11:03 [Thread-2] INFO  c.e.telemetry.model.MachineInterface - {"PayType":"free","ProductAmount":0,"ProductId":204,"ProductName":"Long Coffee","canisterIds":"","count":0,"isDelete":false,"isok":true,"nameKey":"long_coffee","order_no":"202412200942157384487334","order_resend_times":48,"order_uploaded":false,"recipeName":"","timestamp":"20241220094431","cmd":"productdone","vmc_no":73844}
2025-01-13 12:11:03 [Thread-2] WARN  o.h.e.jdbc.spi.SqlExceptionHelper - SQL Error: 0, SQLState: 23503
2025-01-13 12:11:03 [Thread-2] ERROR o.h.e.jdbc.spi.SqlExceptionHelper - ОШИБКА: INSERT или UPDATE в таблице "telemetry_data" нарушает ограничение внешнего ключа "telemetry_data_product_id_fkey"
  Подробности: Ключ (product_id)=(204) отсутствует в таблице "coffee_order".
2025-01-13 12:13:37 [Thread-3] INFO  c.e.telemetry.model.MachineInterface - {"comp_id":0,"io_version":"V87.25","login_count":20,"sign":"tangtang","timestamp":"20250113","version":"V1.0.9.T_JL32_33","cmd":"login","vmc_no":73844}
2025-01-13 12:13:37 [Thread-3] INFO  c.e.telemetry.model.MachineInterface - {"status":"clearerror","cmd":"machinestatus","vmc_no":73844}
2025-01-13 12:13:37 [Thread-3] INFO  c.e.telemetry.model.MachineInterface - {"status":"supply","supply":{"10284":"100000","10008":"57","9991":"100000","10009":"100000","10006":"73","19991":"100000","10007":"100000"},"time":"20250113121337","cmd":"machinestatus","vmc_no":73844}
2025-01-13 12:13:37 [Thread-3] INFO  c.e.telemetry.model.MachineInterface - {"status":"doorclose","cmd":"machinestatus","vmc_no":73844}
2025-01-13 12:32:37 [Thread-3] INFO  c.e.telemetry.model.MachineInterface - {"status":"supply","supply":{"10284":"100000","10008":"57","9991":"100000","10009":"100000","10006":"73","19991":"100000","10007":"100000"},"time":"20250113123236","cmd":"machinestatus","vmc_no":73844}
2025-01-13 12:32:37 [Thread-3] INFO  c.e.telemetry.model.MachineInterface - {"status":"doorclose","cmd":"machinestatus","vmc_no":73844}
2025-01-13 12:33:27 [Thread-3] INFO  c.e.telemetry.model.MachineInterface - {"PayType":"free","ProductAmount":0,"ProductId":105,"ProductName":"Americano","canisterIds":"170,0","count":0,"isDelete":false,"isok":true,"nameKey":"american_style_coffee","order_no":"202501131232347384466270","order_resend_times":0,"order_uploaded":false,"recipeName":"Americano","timestamp":"20250113123327","cmd":"productdone","vmc_no":73844}
2025-01-13 12:36:37 [Thread-3] INFO  c.e.telemetry.model.MachineInterface - {"PayType":"free","ProductAmount":0,"ProductId":204,"ProductName":"Long Coffee","canisterIds":"","count":0,"isDelete":false,"isok":true,"nameKey":"long_coffee","order_no":"202412200942157384487334","order_resend_times":49,"order_uploaded":false,"recipeName":"","timestamp":"20241220094431","cmd":"productdone","vmc_no":73844}
2025-01-13 12:36:37 [Thread-3] WARN  o.h.e.jdbc.spi.SqlExceptionHelper - SQL Error: 0, SQLState: 23503
2025-01-13 12:36:37 [Thread-3] ERROR o.h.e.jdbc.spi.SqlExceptionHelper - ОШИБКА: INSERT или UPDATE в таблице "telemetry_data" нарушает ограничение внешнего ключа "telemetry_data_product_id_fkey"
  Подробности: Ключ (product_id)=(204) отсутствует в таблице "coffee_order".
2025-01-13 12:39:16 [Thread-4] INFO  c.e.telemetry.model.MachineInterface - {"comp_id":0,"io_version":"V87.25","login_count":22,"sign":"tangtang","timestamp":"20250113","version":"V1.0.9.T_JL32_33","cmd":"login","vmc_no":73844}
2025-01-13 12:39:16 [Thread-4] INFO  c.e.telemetry.model.MachineInterface - {"status":"clearerror","cmd":"machinestatus","vmc_no":73844}
2025-01-13 12:39:16 [Thread-4] INFO  c.e.telemetry.model.MachineInterface - {"status":"supply","supply":{"10284":"100000","10008":"57","9991":"100000","10009":"100000","10006":"55","19991":"100000","10007":"100000"},"time":"20250113123916","cmd":"machinestatus","vmc_no":73844}
2025-01-13 12:39:16 [Thread-4] INFO  c.e.telemetry.model.MachineInterface - {"status":"doorclose","cmd":"machinestatus","vmc_no":73844}
2025-01-13 12:39:18 [Thread-4] INFO  c.e.telemetry.model.MachineInterface - {"PayType":"free","ProductAmount":0,"ProductId":827,"ProductName":"2 Cappuccino","canisterIds":"","count":0,"isDelete":false,"isok":true,"nameKey":"cappuccino_2","order_no":"202412280756497384451044","order_resend_times":6,"order_uploaded":false,"recipeName":"","timestamp":"20241228075811","cmd":"productdone","vmc_no":73844}
2025-01-13 12:52:30 [Thread-4] INFO  c.e.telemetry.model.MachineInterface - {"PayType":"free","ProductAmount":0,"ProductId":827,"ProductName":"2 Cappuccino","canisterIds":"170,225,226","count":0,"isDelete":false,"isok":true,"nameKey":"cappuccino_2","order_no":"202501131251087384457328","order_resend_times":0,"order_uploaded":false,"recipeName":"2 Cappuccino","timestamp":"20250113125229","cmd":"productdone","vmc_no":73844}
2025-01-13 12:58:16 [Thread-4] INFO  c.e.telemetry.model.MachineInterface - {"PayType":"free","ProductAmount":0,"ProductId":105,"ProductName":"Americano","canisterIds":"170,0","count":0,"isDelete":false,"isok":true,"nameKey":"american_style_coffee","order_no":"202501131257187384430157","order_resend_times":0,"order_uploaded":false,"recipeName":"Americano","timestamp":"20250113125815","cmd":"productdone","vmc_no":73844}
2025-01-13 13:03:01 [Thread-4] INFO  c.e.telemetry.model.MachineInterface - {"PayType":"free","ProductAmount":0,"ProductId":237,"ProductName":"Macchiato","canisterIds":"225,226,170","count":0,"isDelete":false,"isok":true,"nameKey":"macchiato","order_no":"202501131301447384455075","order_resend_times":0,"order_uploaded":false,"recipeName":"Macchiato","timestamp":"20250113130301","cmd":"productdone","vmc_no":73844}
2025-01-13 13:47:36 [SpringApplicationShutdownHook] INFO  o.s.i.endpoint.EventDrivenConsumer - Removing {logging-channel-adapter:_org.springframework.integration.errorLogger} as a subscriber to the 'errorChannel' channel
2025-01-13 13:47:36 [SpringApplicationShutdownHook] INFO  o.s.i.c.PublishSubscribeChannel - Channel 'JetinnoTelemetry.errorChannel' has 0 subscriber(s).
2025-01-13 13:47:36 [SpringApplicationShutdownHook] INFO  o.s.i.endpoint.EventDrivenConsumer - stopped bean '_org.springframework.integration.errorLogger'
2025-01-13 13:47:36 [SpringApplicationShutdownHook] INFO  o.s.o.j.LocalContainerEntityManagerFactoryBean - Closing JPA EntityManagerFactory for persistence unit 'default'
2025-01-13 13:47:36 [SpringApplicationShutdownHook] INFO  com.zaxxer.hikari.HikariDataSource - HikariPool-1 - Shutdown initiated...
2025-01-13 13:47:36 [SpringApplicationShutdownHook] INFO  com.zaxxer.hikari.HikariDataSource - HikariPool-1 - Shutdown completed.
2025-01-13 15:27:17 [main] INFO  c.e.telemetry.TelemetryApplication - Starting TelemetryApplication using Java 22.0.1 with PID 8840 (C:\Users\vadim.tissen\IdeaProjects\demo\target\classes started by vadim.tissen in C:\Users\vadim.tissen\IdeaProjects\demo)
2025-01-13 15:27:17 [main] INFO  c.e.telemetry.TelemetryApplication - No active profile set, falling back to 1 default profile: "default"
2025-01-13 15:27:18 [main] INFO  o.s.d.r.c.RepositoryConfigurationDelegate - Bootstrapping Spring Data JPA repositories in DEFAULT mode.
2025-01-13 15:27:19 [main] INFO  o.s.d.r.c.RepositoryConfigurationDelegate - Finished Spring Data repository scanning in 207 ms. Found 6 JPA repository interfaces.
2025-01-13 15:27:19 [main] INFO  o.s.i.c.DefaultConfiguringBeanFactoryPostProcessor - No bean named 'errorChannel' has been explicitly defined. Therefore, a default PublishSubscribeChannel will be created.
2025-01-13 15:27:19 [main] INFO  o.s.i.c.DefaultConfiguringBeanFactoryPostProcessor - No bean named 'integrationHeaderChannelRegistry' has been explicitly defined. Therefore, a default DefaultHeaderChannelRegistry will be created.
2025-01-13 15:27:20 [main] INFO  o.s.b.w.e.tomcat.TomcatWebServer - Tomcat initialized with port 8001 (http)
2025-01-13 15:27:20 [main] INFO  o.a.coyote.http11.Http11NioProtocol - Initializing ProtocolHandler ["http-nio-8001"]
2025-01-13 15:27:20 [main] INFO  o.a.catalina.core.StandardService - Starting service [Tomcat]
2025-01-13 15:27:20 [main] INFO  o.a.catalina.core.StandardEngine - Starting Servlet engine: [Apache Tomcat/10.1.26]
2025-01-13 15:27:20 [main] INFO  o.a.c.c.C.[.[.[/jetinno_api] - Initializing Spring embedded WebApplicationContext
2025-01-13 15:27:20 [main] INFO  o.s.b.w.s.c.ServletWebServerApplicationContext - Root WebApplicationContext: initialization completed in 2823 ms
2025-01-13 15:27:21 [main] INFO  com.zaxxer.hikari.HikariDataSource - HikariPool-1 - Starting...
2025-01-13 15:27:21 [main] INFO  com.zaxxer.hikari.pool.HikariPool - HikariPool-1 - Added connection org.postgresql.jdbc.PgConnection@3120495d
2025-01-13 15:27:21 [main] INFO  com.zaxxer.hikari.HikariDataSource - HikariPool-1 - Start completed.
2025-01-13 15:27:21 [main] INFO  org.flywaydb.core.FlywayExecutor - Database: jdbc:postgresql://localhost:5432/CoffeeTelemetry (PostgreSQL 16.4)
2025-01-13 15:27:21 [main] INFO  o.f.core.internal.command.DbValidate - Successfully validated 4 migrations (execution time 00:00.062s)
2025-01-13 15:27:21 [main] INFO  o.f.core.internal.command.DbMigrate - Current version of schema "public": 3
2025-01-13 15:27:21 [main] INFO  o.f.core.internal.command.DbMigrate - Schema "public" is up to date. No migration necessary.
2025-01-13 15:27:21 [main] INFO  o.h.jpa.internal.util.LogHelper - HHH000204: Processing PersistenceUnitInfo [name: default]
2025-01-13 15:27:22 [main] INFO  org.hibernate.Version - HHH000412: Hibernate ORM core version 6.5.2.Final
2025-01-13 15:27:22 [main] INFO  o.h.c.i.RegionFactoryInitiator - HHH000026: Second-level cache disabled
2025-01-13 15:27:22 [main] WARN  org.hibernate.orm.deprecation - HHH90000025: PostgreSQLDialect does not need to be specified explicitly using 'hibernate.dialect' (remove the property setting and it will be selected by default)
2025-01-13 15:27:22 [main] INFO  o.s.o.j.p.SpringPersistenceUnitInfo - No LoadTimeWeaver setup: ignoring JPA class transformer
2025-01-13 15:27:23 [main] INFO  o.h.e.t.j.p.i.JtaPlatformInitiator - HHH000489: No JTA platform available (set 'hibernate.transaction.jta.platform' to enable JTA platform integration)
2025-01-13 15:27:23 [main] INFO  o.s.o.j.LocalContainerEntityManagerFactoryBean - Initialized JPA EntityManagerFactory for persistence unit 'default'
2025-01-13 15:27:24 [main] INFO  o.s.d.j.r.query.QueryEnhancerFactory - Hibernate is in classpath; If applicable, HQL parser will be used.
2025-01-13 15:27:25 [main] WARN  o.s.b.w.s.c.AnnotationConfigServletWebServerApplicationContext - Exception encountered during context initialization - cancelling refresh attempt: org.springframework.beans.factory.UnsatisfiedDependencyException: Error creating bean with name 'machineController' defined in file [C:\Users\vadim.tissen\IdeaProjects\demo\target\classes\com\example\telemetry\controller\MachineController.class]: Unsatisfied dependency expressed through constructor parameter 0: Error creating bean with name 'requestGenerator': Injection of autowired dependencies failed
2025-01-13 15:27:25 [main] INFO  o.s.o.j.LocalContainerEntityManagerFactoryBean - Closing JPA EntityManagerFactory for persistence unit 'default'
2025-01-13 15:27:25 [main] INFO  com.zaxxer.hikari.HikariDataSource - HikariPool-1 - Shutdown initiated...
2025-01-13 15:27:25 [main] INFO  com.zaxxer.hikari.HikariDataSource - HikariPool-1 - Shutdown completed.
2025-01-13 15:27:25 [main] INFO  o.a.catalina.core.StandardService - Stopping service [Tomcat]
2025-01-13 15:27:25 [main] INFO  o.s.b.a.l.ConditionEvaluationReportLogger - 

Error starting ApplicationContext. To display the condition evaluation report re-run your application with 'debug' enabled.
2025-01-13 15:27:25 [main] ERROR o.s.boot.SpringApplication - Application run failed
org.springframework.beans.factory.UnsatisfiedDependencyException: Error creating bean with name 'machineController' defined in file [C:\Users\vadim.tissen\IdeaProjects\demo\target\classes\com\example\telemetry\controller\MachineController.class]: Unsatisfied dependency expressed through constructor parameter 0: Error creating bean with name 'requestGenerator': Injection of autowired dependencies failed
	at org.springframework.beans.factory.support.ConstructorResolver.createArgumentArray(ConstructorResolver.java:795)
	at org.springframework.beans.factory.support.ConstructorResolver.autowireConstructor(ConstructorResolver.java:237)
	at org.springframework.beans.factory.support.AbstractAutowireCapableBeanFactory.autowireConstructor(AbstractAutowireCapableBeanFactory.java:1375)
	at org.springframework.beans.factory.support.AbstractAutowireCapableBeanFactory.createBeanInstance(AbstractAutowireCapableBeanFactory.java:1212)
	at org.springframework.beans.factory.support.AbstractAutowireCapableBeanFactory.doCreateBean(AbstractAutowireCapableBeanFactory.java:562)
	at org.springframework.beans.factory.support.AbstractAutowireCapableBeanFactory.createBean(AbstractAutowireCapableBeanFactory.java:522)
	at org.springframework.beans.factory.support.AbstractBeanFactory.lambda$doGetBean$0(AbstractBeanFactory.java:337)
	at org.springframework.beans.factory.support.DefaultSingletonBeanRegistry.getSingleton(DefaultSingletonBeanRegistry.java:234)
	at org.springframework.beans.factory.support.AbstractBeanFactory.doGetBean(AbstractBeanFactory.java:335)
	at org.springframework.beans.factory.support.AbstractBeanFactory.getBean(AbstractBeanFactory.java:200)
	at org.springframework.beans.factory.support.DefaultListableBeanFactory.preInstantiateSingletons(DefaultListableBeanFactory.java:975)
	at org.springframework.context.support.AbstractApplicationContext.finishBeanFactoryInitialization(AbstractApplicationContext.java:971)
	at org.springframework.context.support.AbstractApplicationContext.refresh(AbstractApplicationContext.java:625)
	at org.springframework.boot.web.servlet.context.ServletWebServerApplicationContext.refresh(ServletWebServerApplicationContext.java:146)
	at org.springframework.boot.SpringApplication.refresh(SpringApplication.java:754)
	at org.springframework.boot.SpringApplication.refreshContext(SpringApplication.java:456)
	at org.springframework.boot.SpringApplication.run(SpringApplication.java:335)
	at org.springframework.boot.SpringApplication.run(SpringApplication.java:1363)
	at org.springframework.boot.SpringApplication.run(SpringApplication.java:1352)
	at com.example.telemetry.TelemetryApplication.main(TelemetryApplication.java:10)
Caused by: org.springframework.beans.factory.BeanCreationException: Error creating bean with name 'requestGenerator': Injection of autowired dependencies failed
	at org.springframework.beans.factory.annotation.AutowiredAnnotationBeanPostProcessor.postProcessProperties(AutowiredAnnotationBeanPostProcessor.java:514)
	at org.springframework.beans.factory.support.AbstractAutowireCapableBeanFactory.populateBean(AbstractAutowireCapableBeanFactory.java:1439)
	at org.springframework.beans.factory.support.AbstractAutowireCapableBeanFactory.doCreateBean(AbstractAutowireCapableBeanFactory.java:599)
	at org.springframework.beans.factory.support.AbstractAutowireCapableBeanFactory.createBean(AbstractAutowireCapableBeanFactory.java:522)
	at org.springframework.beans.factory.support.AbstractBeanFactory.lambda$doGetBean$0(AbstractBeanFactory.java:337)
	at org.springframework.beans.factory.support.DefaultSingletonBeanRegistry.getSingleton(DefaultSingletonBeanRegistry.java:234)
	at org.springframework.beans.factory.support.AbstractBeanFactory.doGetBean(AbstractBeanFactory.java:335)
	at org.springframework.beans.factory.support.AbstractBeanFactory.getBean(AbstractBeanFactory.java:200)
	at org.springframework.beans.factory.config.DependencyDescriptor.resolveCandidate(DependencyDescriptor.java:254)
	at org.springframework.beans.factory.support.DefaultListableBeanFactory.doResolveDependency(DefaultListableBeanFactory.java:1443)
	at org.springframework.beans.factory.support.DefaultListableBeanFactory.resolveDependency(DefaultListableBeanFactory.java:1353)
	at org.springframework.beans.factory.support.ConstructorResolver.resolveAutowiredArgument(ConstructorResolver.java:904)
	at org.springframework.beans.factory.support.ConstructorResolver.createArgumentArray(ConstructorResolver.java:782)
	... 19 common frames omitted
Caused by: java.lang.IllegalArgumentException: Could not resolve placeholder 'dirForDownload' in value "${dirForDownload}"
	at org.springframework.util.PropertyPlaceholderHelper.parseStringValue(PropertyPlaceholderHelper.java:180)
	at org.springframework.util.PropertyPlaceholderHelper.replacePlaceholders(PropertyPlaceholderHelper.java:126)
	at org.springframework.core.env.AbstractPropertyResolver.doResolvePlaceholders(AbstractPropertyResolver.java:239)
	at org.springframework.core.env.AbstractPropertyResolver.resolveRequiredPlaceholders(AbstractPropertyResolver.java:210)
	at org.springframework.context.support.PropertySourcesPlaceholderConfigurer.lambda$processProperties$0(PropertySourcesPlaceholderConfigurer.java:200)
	at org.springframework.beans.factory.support.AbstractBeanFactory.resolveEmbeddedValue(AbstractBeanFactory.java:964)
	at org.springframework.beans.factory.support.DefaultListableBeanFactory.doResolveDependency(DefaultListableBeanFactory.java:1374)
	at org.springframework.beans.factory.support.DefaultListableBeanFactory.resolveDependency(DefaultListableBeanFactory.java:1353)
	at org.springframework.beans.factory.annotation.AutowiredAnnotationBeanPostProcessor$AutowiredFieldElement.resolveFieldValue(AutowiredAnnotationBeanPostProcessor.java:784)
	at org.springframework.beans.factory.annotation.AutowiredAnnotationBeanPostProcessor$AutowiredFieldElement.inject(AutowiredAnnotationBeanPostProcessor.java:767)
	at org.springframework.beans.factory.annotation.InjectionMetadata.inject(InjectionMetadata.java:145)
	at org.springframework.beans.factory.annotation.AutowiredAnnotationBeanPostProcessor.postProcessProperties(AutowiredAnnotationBeanPostProcessor.java:508)
	... 31 common frames omitted
2025-01-13 15:29:40 [main] INFO  c.e.telemetry.TelemetryApplication - Starting TelemetryApplication using Java 22.0.1 with PID 15504 (C:\Users\vadim.tissen\IdeaProjects\demo\target\classes started by vadim.tissen in C:\Users\vadim.tissen\IdeaProjects\demo)
2025-01-13 15:29:40 [main] INFO  c.e.telemetry.TelemetryApplication - No active profile set, falling back to 1 default profile: "default"
2025-01-13 15:29:41 [main] INFO  o.s.d.r.c.RepositoryConfigurationDelegate - Bootstrapping Spring Data JPA repositories in DEFAULT mode.
2025-01-13 15:29:42 [main] INFO  o.s.d.r.c.RepositoryConfigurationDelegate - Finished Spring Data repository scanning in 192 ms. Found 6 JPA repository interfaces.
2025-01-13 15:29:42 [main] INFO  o.s.i.c.DefaultConfiguringBeanFactoryPostProcessor - No bean named 'errorChannel' has been explicitly defined. Therefore, a default PublishSubscribeChannel will be created.
2025-01-13 15:29:42 [main] INFO  o.s.i.c.DefaultConfiguringBeanFactoryPostProcessor - No bean named 'integrationHeaderChannelRegistry' has been explicitly defined. Therefore, a default DefaultHeaderChannelRegistry will be created.
2025-01-13 15:29:43 [main] INFO  o.s.b.w.e.tomcat.TomcatWebServer - Tomcat initialized with port 8001 (http)
2025-01-13 15:29:43 [main] INFO  o.a.coyote.http11.Http11NioProtocol - Initializing ProtocolHandler ["http-nio-8001"]
2025-01-13 15:29:43 [main] INFO  o.a.catalina.core.StandardService - Starting service [Tomcat]
2025-01-13 15:29:43 [main] INFO  o.a.catalina.core.StandardEngine - Starting Servlet engine: [Apache Tomcat/10.1.26]
2025-01-13 15:29:43 [main] INFO  o.a.c.c.C.[.[.[/jetinno_api] - Initializing Spring embedded WebApplicationContext
2025-01-13 15:29:43 [main] INFO  o.s.b.w.s.c.ServletWebServerApplicationContext - Root WebApplicationContext: initialization completed in 2691 ms
2025-01-13 15:29:43 [main] INFO  com.zaxxer.hikari.HikariDataSource - HikariPool-1 - Starting...
2025-01-13 15:29:44 [main] INFO  com.zaxxer.hikari.pool.HikariPool - HikariPool-1 - Added connection org.postgresql.jdbc.PgConnection@439d545c
2025-01-13 15:29:44 [main] INFO  com.zaxxer.hikari.HikariDataSource - HikariPool-1 - Start completed.
2025-01-13 15:29:44 [main] INFO  org.flywaydb.core.FlywayExecutor - Database: jdbc:postgresql://localhost:5432/CoffeeTelemetry (PostgreSQL 16.4)
2025-01-13 15:29:44 [main] INFO  o.f.core.internal.command.DbValidate - Successfully validated 4 migrations (execution time 00:00.072s)
2025-01-13 15:29:44 [main] INFO  o.f.core.internal.command.DbMigrate - Current version of schema "public": 3
2025-01-13 15:29:44 [main] INFO  o.f.core.internal.command.DbMigrate - Schema "public" is up to date. No migration necessary.
2025-01-13 15:29:44 [main] INFO  o.h.jpa.internal.util.LogHelper - HHH000204: Processing PersistenceUnitInfo [name: default]
2025-01-13 15:29:44 [main] INFO  org.hibernate.Version - HHH000412: Hibernate ORM core version 6.5.2.Final
2025-01-13 15:29:44 [main] INFO  o.h.c.i.RegionFactoryInitiator - HHH000026: Second-level cache disabled
2025-01-13 15:29:45 [main] WARN  org.hibernate.orm.deprecation - HHH90000025: PostgreSQLDialect does not need to be specified explicitly using 'hibernate.dialect' (remove the property setting and it will be selected by default)
2025-01-13 15:29:45 [main] INFO  o.s.o.j.p.SpringPersistenceUnitInfo - No LoadTimeWeaver setup: ignoring JPA class transformer
2025-01-13 15:29:46 [main] INFO  o.h.e.t.j.p.i.JtaPlatformInitiator - HHH000489: No JTA platform available (set 'hibernate.transaction.jta.platform' to enable JTA platform integration)
2025-01-13 15:29:46 [main] INFO  o.s.o.j.LocalContainerEntityManagerFactoryBean - Initialized JPA EntityManagerFactory for persistence unit 'default'
2025-01-13 15:29:47 [main] INFO  o.s.d.j.r.query.QueryEnhancerFactory - Hibernate is in classpath; If applicable, HQL parser will be used.
2025-01-13 15:29:48 [main] WARN  o.s.b.a.o.j.JpaBaseConfiguration$JpaWebConfiguration - spring.jpa.open-in-view is enabled by default. Therefore, database queries may be performed during view rendering. Explicitly configure spring.jpa.open-in-view to disable this warning
2025-01-13 15:29:48 [main] INFO  o.s.s.c.a.a.c.InitializeUserDetailsBeanManagerConfigurer$InitializeUserDetailsManagerConfigurer - Global AuthenticationManager configured with UserDetailsService bean with name userDetailsService
2025-01-13 15:29:48 [main] INFO  o.s.b.a.w.s.WelcomePageHandlerMapping - Adding welcome page template: index
2025-01-13 15:29:50 [main] INFO  o.s.i.endpoint.EventDrivenConsumer - Adding {logging-channel-adapter:_org.springframework.integration.errorLogger} as a subscriber to the 'errorChannel' channel
2025-01-13 15:29:50 [main] INFO  o.s.i.c.PublishSubscribeChannel - Channel 'JetinnoTelemetry.errorChannel' has 1 subscriber(s).
2025-01-13 15:29:50 [main] INFO  o.s.i.endpoint.EventDrivenConsumer - started bean '_org.springframework.integration.errorLogger'
2025-01-13 15:29:50 [main] INFO  o.a.coyote.http11.Http11NioProtocol - Starting ProtocolHandler ["http-nio-8001"]
2025-01-13 15:29:50 [main] INFO  o.s.b.w.e.tomcat.TomcatWebServer - Tomcat started on port 8001 (http) with context path '/jetinno_api'
2025-01-13 15:29:50 [main] INFO  c.e.telemetry.TelemetryApplication - Started TelemetryApplication in 10.202 seconds (process running for 10.839)
2025-01-13 15:32:49 [Thread-2] INFO  c.e.telemetry.model.MachineInterface - {"status":"clearerror","cmd":"machinestatus","vmc_no":73844}
2025-01-13 15:32:49 [Thread-2] INFO  c.e.telemetry.model.MachineInterface - {"status":"supply","supply":{"10284":"100000","10008":"57","9991":"100000","10009":"100000","10006":"55","19991":"100000","10007":"100000"},"time":"20250113153248","cmd":"machinestatus","vmc_no":73844}
2025-01-13 15:32:49 [Thread-2] INFO  c.e.telemetry.model.MachineInterface - {"status":"doorclose","cmd":"machinestatus","vmc_no":73844}
2025-01-13 15:34:08 [http-nio-8001-exec-1] INFO  o.a.c.c.C.[.[.[/jetinno_api] - Initializing Spring DispatcherServlet 'dispatcherServlet'
2025-01-13 15:34:08 [http-nio-8001-exec-1] INFO  o.s.web.servlet.DispatcherServlet - Initializing Servlet 'dispatcherServlet'
2025-01-13 15:34:08 [http-nio-8001-exec-1] INFO  o.s.web.servlet.DispatcherServlet - Completed initialization in 1 ms
2025-01-13 15:37:17 [SpringApplicationShutdownHook] INFO  o.s.i.endpoint.EventDrivenConsumer - Removing {logging-channel-adapter:_org.springframework.integration.errorLogger} as a subscriber to the 'errorChannel' channel
2025-01-13 15:37:17 [SpringApplicationShutdownHook] INFO  o.s.i.c.PublishSubscribeChannel - Channel 'JetinnoTelemetry.errorChannel' has 0 subscriber(s).
2025-01-13 15:37:17 [SpringApplicationShutdownHook] INFO  o.s.i.endpoint.EventDrivenConsumer - stopped bean '_org.springframework.integration.errorLogger'
2025-01-13 15:37:17 [SpringApplicationShutdownHook] INFO  o.s.o.j.LocalContainerEntityManagerFactoryBean - Closing JPA EntityManagerFactory for persistence unit 'default'
2025-01-13 15:37:17 [SpringApplicationShutdownHook] INFO  com.zaxxer.hikari.HikariDataSource - HikariPool-1 - Shutdown initiated...
2025-01-13 15:37:17 [SpringApplicationShutdownHook] INFO  com.zaxxer.hikari.HikariDataSource - HikariPool-1 - Shutdown completed.
2025-01-13 15:38:07 [main] INFO  c.e.telemetry.TelemetryApplication - Starting TelemetryApplication using Java 22.0.1 with PID 5160 (C:\Users\vadim.tissen\IdeaProjects\demo\target\classes started by vadim.tissen in C:\Users\vadim.tissen\IdeaProjects\demo)
2025-01-13 15:38:07 [main] INFO  c.e.telemetry.TelemetryApplication - No active profile set, falling back to 1 default profile: "default"
2025-01-13 15:38:08 [main] INFO  o.s.d.r.c.RepositoryConfigurationDelegate - Bootstrapping Spring Data JPA repositories in DEFAULT mode.
2025-01-13 15:38:08 [main] INFO  o.s.d.r.c.RepositoryConfigurationDelegate - Finished Spring Data repository scanning in 211 ms. Found 6 JPA repository interfaces.
2025-01-13 15:38:08 [main] INFO  o.s.i.c.DefaultConfiguringBeanFactoryPostProcessor - No bean named 'errorChannel' has been explicitly defined. Therefore, a default PublishSubscribeChannel will be created.
2025-01-13 15:38:08 [main] INFO  o.s.i.c.DefaultConfiguringBeanFactoryPostProcessor - No bean named 'integrationHeaderChannelRegistry' has been explicitly defined. Therefore, a default DefaultHeaderChannelRegistry will be created.
2025-01-13 15:38:09 [main] INFO  o.s.b.w.e.tomcat.TomcatWebServer - Tomcat initialized with port 8001 (http)
2025-01-13 15:38:09 [main] INFO  o.a.coyote.http11.Http11NioProtocol - Initializing ProtocolHandler ["http-nio-8001"]
2025-01-13 15:38:09 [main] INFO  o.a.catalina.core.StandardService - Starting service [Tomcat]
2025-01-13 15:38:09 [main] INFO  o.a.catalina.core.StandardEngine - Starting Servlet engine: [Apache Tomcat/10.1.26]
2025-01-13 15:38:09 [main] INFO  o.a.c.c.C.[.[.[/jetinno_api] - Initializing Spring embedded WebApplicationContext
2025-01-13 15:38:09 [main] INFO  o.s.b.w.s.c.ServletWebServerApplicationContext - Root WebApplicationContext: initialization completed in 2628 ms
2025-01-13 15:38:10 [main] INFO  com.zaxxer.hikari.HikariDataSource - HikariPool-1 - Starting...
2025-01-13 15:38:10 [main] INFO  com.zaxxer.hikari.pool.HikariPool - HikariPool-1 - Added connection org.postgresql.jdbc.PgConnection@5d829ef0
2025-01-13 15:38:10 [main] INFO  com.zaxxer.hikari.HikariDataSource - HikariPool-1 - Start completed.
2025-01-13 15:38:10 [main] INFO  org.flywaydb.core.FlywayExecutor - Database: jdbc:postgresql://localhost:5432/CoffeeTelemetry (PostgreSQL 16.4)
2025-01-13 15:38:10 [main] INFO  o.f.core.internal.command.DbValidate - Successfully validated 4 migrations (execution time 00:00.061s)
2025-01-13 15:38:10 [main] INFO  o.f.core.internal.command.DbMigrate - Current version of schema "public": 3
2025-01-13 15:38:10 [main] INFO  o.f.core.internal.command.DbMigrate - Schema "public" is up to date. No migration necessary.
2025-01-13 15:38:10 [main] INFO  o.h.jpa.internal.util.LogHelper - HHH000204: Processing PersistenceUnitInfo [name: default]
2025-01-13 15:38:11 [main] INFO  org.hibernate.Version - HHH000412: Hibernate ORM core version 6.5.2.Final
2025-01-13 15:38:11 [main] INFO  o.h.c.i.RegionFactoryInitiator - HHH000026: Second-level cache disabled
2025-01-13 15:38:11 [main] WARN  org.hibernate.orm.deprecation - HHH90000025: PostgreSQLDialect does not need to be specified explicitly using 'hibernate.dialect' (remove the property setting and it will be selected by default)
2025-01-13 15:38:11 [main] INFO  o.s.o.j.p.SpringPersistenceUnitInfo - No LoadTimeWeaver setup: ignoring JPA class transformer
2025-01-13 15:38:13 [main] INFO  o.h.e.t.j.p.i.JtaPlatformInitiator - HHH000489: No JTA platform available (set 'hibernate.transaction.jta.platform' to enable JTA platform integration)
2025-01-13 15:38:13 [main] INFO  o.s.o.j.LocalContainerEntityManagerFactoryBean - Initialized JPA EntityManagerFactory for persistence unit 'default'
2025-01-13 15:38:13 [main] INFO  o.s.d.j.r.query.QueryEnhancerFactory - Hibernate is in classpath; If applicable, HQL parser will be used.
2025-01-13 15:38:14 [main] WARN  o.s.b.a.o.j.JpaBaseConfiguration$JpaWebConfiguration - spring.jpa.open-in-view is enabled by default. Therefore, database queries may be performed during view rendering. Explicitly configure spring.jpa.open-in-view to disable this warning
2025-01-13 15:38:14 [main] INFO  o.s.s.c.a.a.c.InitializeUserDetailsBeanManagerConfigurer$InitializeUserDetailsManagerConfigurer - Global AuthenticationManager configured with UserDetailsService bean with name userDetailsService
2025-01-13 15:38:14 [main] INFO  o.s.b.a.w.s.WelcomePageHandlerMapping - Adding welcome page template: index
2025-01-13 15:38:16 [main] INFO  o.s.i.endpoint.EventDrivenConsumer - Adding {logging-channel-adapter:_org.springframework.integration.errorLogger} as a subscriber to the 'errorChannel' channel
2025-01-13 15:38:16 [main] INFO  o.s.i.c.PublishSubscribeChannel - Channel 'JetinnoTelemetry.errorChannel' has 1 subscriber(s).
2025-01-13 15:38:16 [main] INFO  o.s.i.endpoint.EventDrivenConsumer - started bean '_org.springframework.integration.errorLogger'
2025-01-13 15:38:16 [main] INFO  o.a.coyote.http11.Http11NioProtocol - Starting ProtocolHandler ["http-nio-8001"]
2025-01-13 15:38:16 [main] INFO  o.s.b.w.e.tomcat.TomcatWebServer - Tomcat started on port 8001 (http) with context path '/jetinno_api'
2025-01-13 15:38:16 [main] INFO  c.e.telemetry.TelemetryApplication - Started TelemetryApplication in 9.978 seconds (process running for 10.847)
2025-01-13 15:39:52 [Thread-2] INFO  c.e.telemetry.model.MachineInterface - {"status":"clearerror","cmd":"machinestatus","vmc_no":73844}
2025-01-13 15:39:52 [Thread-2] INFO  c.e.telemetry.model.MachineInterface - {"status":"supply","supply":{"10284":"100000","10008":"57","9991":"100000","10009":"100000","10006":"55","19991":"100000","10007":"100000"},"time":"20250113153952","cmd":"machinestatus","vmc_no":73844}
2025-01-13 15:39:52 [Thread-2] INFO  c.e.telemetry.model.MachineInterface - {"status":"doorclose","cmd":"machinestatus","vmc_no":73844}
2025-01-13 15:40:52 [http-nio-8001-exec-2] INFO  o.a.c.c.C.[.[.[/jetinno_api] - Initializing Spring DispatcherServlet 'dispatcherServlet'
2025-01-13 15:40:52 [http-nio-8001-exec-2] INFO  o.s.web.servlet.DispatcherServlet - Initializing Servlet 'dispatcherServlet'
2025-01-13 15:40:52 [http-nio-8001-exec-2] INFO  o.s.web.servlet.DispatcherServlet - Completed initialization in 2 ms
2025-01-13 15:55:48 [http-nio-8001-exec-9] WARN  o.s.w.s.m.s.DefaultHandlerExceptionResolver - Resolved [org.springframework.web.HttpRequestMethodNotSupportedException: Request method 'POST' is not supported]
2025-01-13 15:58:24 [SpringApplicationShutdownHook] INFO  o.s.i.endpoint.EventDrivenConsumer - Removing {logging-channel-adapter:_org.springframework.integration.errorLogger} as a subscriber to the 'errorChannel' channel
2025-01-13 15:58:24 [SpringApplicationShutdownHook] INFO  o.s.i.c.PublishSubscribeChannel - Channel 'JetinnoTelemetry.errorChannel' has 0 subscriber(s).
2025-01-13 15:58:24 [SpringApplicationShutdownHook] INFO  o.s.i.endpoint.EventDrivenConsumer - stopped bean '_org.springframework.integration.errorLogger'
2025-01-13 15:58:24 [SpringApplicationShutdownHook] INFO  o.s.o.j.LocalContainerEntityManagerFactoryBean - Closing JPA EntityManagerFactory for persistence unit 'default'
2025-01-13 15:58:24 [SpringApplicationShutdownHook] INFO  com.zaxxer.hikari.HikariDataSource - HikariPool-1 - Shutdown initiated...
2025-01-13 15:58:24 [SpringApplicationShutdownHook] INFO  com.zaxxer.hikari.HikariDataSource - HikariPool-1 - Shutdown completed.
2025-01-13 15:58:30 [main] INFO  c.e.telemetry.TelemetryApplication - Starting TelemetryApplication using Java 22.0.1 with PID 15072 (C:\Users\vadim.tissen\IdeaProjects\demo\target\classes started by vadim.tissen in C:\Users\vadim.tissen\IdeaProjects\demo)
2025-01-13 15:58:30 [main] INFO  c.e.telemetry.TelemetryApplication - No active profile set, falling back to 1 default profile: "default"
2025-01-13 15:58:32 [main] INFO  o.s.d.r.c.RepositoryConfigurationDelegate - Bootstrapping Spring Data JPA repositories in DEFAULT mode.
2025-01-13 15:58:32 [main] INFO  o.s.d.r.c.RepositoryConfigurationDelegate - Finished Spring Data repository scanning in 222 ms. Found 6 JPA repository interfaces.
2025-01-13 15:58:32 [main] INFO  o.s.i.c.DefaultConfiguringBeanFactoryPostProcessor - No bean named 'errorChannel' has been explicitly defined. Therefore, a default PublishSubscribeChannel will be created.
2025-01-13 15:58:32 [main] INFO  o.s.i.c.DefaultConfiguringBeanFactoryPostProcessor - No bean named 'integrationHeaderChannelRegistry' has been explicitly defined. Therefore, a default DefaultHeaderChannelRegistry will be created.
2025-01-13 15:58:33 [main] INFO  o.s.b.w.e.tomcat.TomcatWebServer - Tomcat initialized with port 8001 (http)
2025-01-13 15:58:33 [main] INFO  o.a.coyote.http11.Http11NioProtocol - Initializing ProtocolHandler ["http-nio-8001"]
2025-01-13 15:58:33 [main] INFO  o.a.catalina.core.StandardService - Starting service [Tomcat]
2025-01-13 15:58:33 [main] INFO  o.a.catalina.core.StandardEngine - Starting Servlet engine: [Apache Tomcat/10.1.26]
2025-01-13 15:58:33 [main] INFO  o.a.c.c.C.[.[.[/jetinno_api] - Initializing Spring embedded WebApplicationContext
2025-01-13 15:58:33 [main] INFO  o.s.b.w.s.c.ServletWebServerApplicationContext - Root WebApplicationContext: initialization completed in 2847 ms
2025-01-13 15:58:34 [main] INFO  com.zaxxer.hikari.HikariDataSource - HikariPool-1 - Starting...
2025-01-13 15:58:34 [main] INFO  com.zaxxer.hikari.pool.HikariPool - HikariPool-1 - Added connection org.postgresql.jdbc.PgConnection@165d1d54
2025-01-13 15:58:34 [main] INFO  com.zaxxer.hikari.HikariDataSource - HikariPool-1 - Start completed.
2025-01-13 15:58:34 [main] INFO  org.flywaydb.core.FlywayExecutor - Database: jdbc:postgresql://localhost:5432/CoffeeTelemetry (PostgreSQL 16.4)
2025-01-13 15:58:34 [main] INFO  o.f.core.internal.command.DbValidate - Successfully validated 4 migrations (execution time 00:00.057s)
2025-01-13 15:58:34 [main] INFO  o.f.core.internal.command.DbMigrate - Current version of schema "public": 3
2025-01-13 15:58:34 [main] INFO  o.f.core.internal.command.DbMigrate - Schema "public" is up to date. No migration necessary.
2025-01-13 15:58:34 [main] INFO  o.h.jpa.internal.util.LogHelper - HHH000204: Processing PersistenceUnitInfo [name: default]
2025-01-13 15:58:35 [main] INFO  org.hibernate.Version - HHH000412: Hibernate ORM core version 6.5.2.Final
2025-01-13 15:58:35 [main] INFO  o.h.c.i.RegionFactoryInitiator - HHH000026: Second-level cache disabled
2025-01-13 15:58:35 [main] WARN  org.hibernate.orm.deprecation - HHH90000025: PostgreSQLDialect does not need to be specified explicitly using 'hibernate.dialect' (remove the property setting and it will be selected by default)
2025-01-13 15:58:35 [main] INFO  o.s.o.j.p.SpringPersistenceUnitInfo - No LoadTimeWeaver setup: ignoring JPA class transformer
2025-01-13 15:58:37 [main] INFO  o.h.e.t.j.p.i.JtaPlatformInitiator - HHH000489: No JTA platform available (set 'hibernate.transaction.jta.platform' to enable JTA platform integration)
2025-01-13 15:58:37 [main] INFO  o.s.o.j.LocalContainerEntityManagerFactoryBean - Initialized JPA EntityManagerFactory for persistence unit 'default'
2025-01-13 15:58:37 [main] INFO  o.s.d.j.r.query.QueryEnhancerFactory - Hibernate is in classpath; If applicable, HQL parser will be used.
2025-01-13 15:58:38 [main] WARN  o.s.b.a.o.j.JpaBaseConfiguration$JpaWebConfiguration - spring.jpa.open-in-view is enabled by default. Therefore, database queries may be performed during view rendering. Explicitly configure spring.jpa.open-in-view to disable this warning
2025-01-13 15:58:38 [main] INFO  o.s.s.c.a.a.c.InitializeUserDetailsBeanManagerConfigurer$InitializeUserDetailsManagerConfigurer - Global AuthenticationManager configured with UserDetailsService bean with name userDetailsService
2025-01-13 15:58:38 [main] INFO  o.s.b.a.w.s.WelcomePageHandlerMapping - Adding welcome page template: index
2025-01-13 15:58:40 [main] INFO  o.s.i.endpoint.EventDrivenConsumer - Adding {logging-channel-adapter:_org.springframework.integration.errorLogger} as a subscriber to the 'errorChannel' channel
2025-01-13 15:58:40 [main] INFO  o.s.i.c.PublishSubscribeChannel - Channel 'JetinnoTelemetry.errorChannel' has 1 subscriber(s).
2025-01-13 15:58:40 [main] INFO  o.s.i.endpoint.EventDrivenConsumer - started bean '_org.springframework.integration.errorLogger'
2025-01-13 15:58:40 [main] INFO  o.a.coyote.http11.Http11NioProtocol - Starting ProtocolHandler ["http-nio-8001"]
2025-01-13 15:58:40 [main] INFO  o.s.b.w.e.tomcat.TomcatWebServer - Tomcat started on port 8001 (http) with context path '/jetinno_api'
2025-01-13 15:58:40 [main] INFO  c.e.telemetry.TelemetryApplication - Started TelemetryApplication in 10.343 seconds (process running for 11.067)
2025-01-13 16:01:02 [Thread-2] INFO  c.e.telemetry.model.MachineInterface - {"status":"clearerror","cmd":"machinestatus","vmc_no":73844}
2025-01-13 16:01:02 [Thread-2] INFO  c.e.telemetry.model.MachineInterface - {"status":"supply","supply":{"10284":"100000","10008":"57","9991":"100000","10009":"100000","10006":"55","19991":"100000","10007":"100000"},"time":"20250113160101","cmd":"machinestatus","vmc_no":73844}
2025-01-13 16:01:02 [Thread-2] INFO  c.e.telemetry.model.MachineInterface - {"status":"doorclose","cmd":"machinestatus","vmc_no":73844}
2025-01-13 16:01:17 [http-nio-8001-exec-2] INFO  o.a.c.c.C.[.[.[/jetinno_api] - Initializing Spring DispatcherServlet 'dispatcherServlet'
2025-01-13 16:01:17 [http-nio-8001-exec-2] INFO  o.s.web.servlet.DispatcherServlet - Initializing Servlet 'dispatcherServlet'
2025-01-13 16:01:17 [http-nio-8001-exec-2] INFO  o.s.web.servlet.DispatcherServlet - Completed initialization in 2 ms
2025-01-13 16:02:18 [Thread-2] INFO  c.e.telemetry.model.MachineInterface - {"PayType":"free","ProductAmount":0,"ProductId":827,"ProductName":"2 Cappuccino","canisterIds":"","count":0,"isDelete":false,"isok":true,"nameKey":"cappuccino_2","order_no":"202412201232227384445765","order_resend_times":50,"order_uploaded":false,"recipeName":"","timestamp":"20241220123343","cmd":"productdone","vmc_no":73844}
2025-01-13 16:02:47 [Thread-2] INFO  c.e.telemetry.model.MachineInterface - {"PayType":"free","ProductAmount":0,"ProductId":237,"ProductName":"Macchiato","canisterIds":"","count":0,"isDelete":false,"isok":true,"nameKey":"macchiato","order_no":"202412201309287384495389","order_resend_times":50,"order_uploaded":false,"recipeName":"","timestamp":"20241220131045","cmd":"productdone","vmc_no":73844}
2025-01-13 16:03:16 [Thread-2] INFO  c.e.telemetry.model.MachineInterface - {"PayType":"free","ProductAmount":0,"ProductId":101,"ProductName":"Cappuccino","canisterIds":"","count":0,"isDelete":false,"isok":true,"nameKey":"cappuccino","order_no":"202412201348467384442976","order_resend_times":50,"order_uploaded":false,"recipeName":"","timestamp":"20241220135000","cmd":"productdone","vmc_no":73844}
2025-01-13 16:03:45 [Thread-2] INFO  c.e.telemetry.model.MachineInterface - {"PayType":"free","ProductAmount":0,"ProductId":243,"ProductName":"Coffee Latte","canisterIds":"","count":0,"isDelete":false,"isok":true,"nameKey":"caffe_latte","order_no":"202412201426407384468383","order_resend_times":50,"order_uploaded":false,"recipeName":"","timestamp":"20241220142748","cmd":"productdone","vmc_no":73844}
2025-01-13 16:04:14 [Thread-2] INFO  c.e.telemetry.model.MachineInterface - {"PayType":"free","ProductAmount":0,"ProductId":243,"ProductName":"Coffee Latte","canisterIds":"","count":0,"isDelete":false,"isok":true,"nameKey":"caffe_latte","order_no":"202412270702377384438628","order_resend_times":10,"order_uploaded":false,"recipeName":"","timestamp":"20241227070340","cmd":"productdone","vmc_no":73844}
2025-01-13 16:04:43 [Thread-2] INFO  c.e.telemetry.model.MachineInterface - {"PayType":"free","ProductAmount":0,"ProductId":827,"ProductName":"2 Cappuccino","canisterIds":"","count":0,"isDelete":false,"isok":true,"nameKey":"cappuccino_2","order_no":"202412270732217384468001","order_resend_times":10,"order_uploaded":false,"recipeName":"","timestamp":"20241227073341","cmd":"productdone","vmc_no":73844}
2025-01-13 16:05:12 [Thread-2] INFO  c.e.telemetry.model.MachineInterface - {"PayType":"free","ProductAmount":0,"ProductId":283,"ProductName":"Mocha","canisterIds":"","count":0,"isDelete":false,"isok":true,"nameKey":"chocciato","order_no":"202501131236107384438411","order_resend_times":0,"order_uploaded":false,"recipeName":"","timestamp":"20250113123712","cmd":"productdone","vmc_no":73844}
2025-01-13 16:05:41 [Thread-2] INFO  c.e.telemetry.model.MachineInterface - {"PayType":"free","ProductAmount":0,"ProductId":101,"ProductName":"Cappuccino","canisterIds":"","count":0,"isDelete":false,"isok":true,"nameKey":"cappuccino","order_no":"202501131420097384496562","order_resend_times":0,"order_uploaded":false,"recipeName":"","timestamp":"20250113142124","cmd":"productdone","vmc_no":73844}
2025-01-13 16:18:38 [SpringApplicationShutdownHook] INFO  o.s.i.endpoint.EventDrivenConsumer - Removing {logging-channel-adapter:_org.springframework.integration.errorLogger} as a subscriber to the 'errorChannel' channel
2025-01-13 16:18:38 [SpringApplicationShutdownHook] INFO  o.s.i.c.PublishSubscribeChannel - Channel 'JetinnoTelemetry.errorChannel' has 0 subscriber(s).
2025-01-13 16:18:38 [SpringApplicationShutdownHook] INFO  o.s.i.endpoint.EventDrivenConsumer - stopped bean '_org.springframework.integration.errorLogger'
2025-01-13 16:18:38 [SpringApplicationShutdownHook] INFO  o.s.o.j.LocalContainerEntityManagerFactoryBean - Closing JPA EntityManagerFactory for persistence unit 'default'
2025-01-13 16:18:38 [SpringApplicationShutdownHook] INFO  com.zaxxer.hikari.HikariDataSource - HikariPool-1 - Shutdown initiated...
2025-01-13 16:18:38 [SpringApplicationShutdownHook] INFO  com.zaxxer.hikari.HikariDataSource - HikariPool-1 - Shutdown completed.
2025-01-13 16:18:42 [main] INFO  c.e.telemetry.TelemetryApplication - Starting TelemetryApplication using Java 22.0.1 with PID 8184 (C:\Users\vadim.tissen\IdeaProjects\demo\target\classes started by vadim.tissen in C:\Users\vadim.tissen\IdeaProjects\demo)
2025-01-13 16:18:42 [main] INFO  c.e.telemetry.TelemetryApplication - No active profile set, falling back to 1 default profile: "default"
2025-01-13 16:18:44 [main] INFO  o.s.d.r.c.RepositoryConfigurationDelegate - Bootstrapping Spring Data JPA repositories in DEFAULT mode.
2025-01-13 16:18:44 [main] INFO  o.s.d.r.c.RepositoryConfigurationDelegate - Finished Spring Data repository scanning in 217 ms. Found 6 JPA repository interfaces.
2025-01-13 16:18:44 [main] INFO  o.s.i.c.DefaultConfiguringBeanFactoryPostProcessor - No bean named 'errorChannel' has been explicitly defined. Therefore, a default PublishSubscribeChannel will be created.
2025-01-13 16:18:44 [main] INFO  o.s.i.c.DefaultConfiguringBeanFactoryPostProcessor - No bean named 'integrationHeaderChannelRegistry' has been explicitly defined. Therefore, a default DefaultHeaderChannelRegistry will be created.
2025-01-13 16:18:45 [main] INFO  o.s.b.w.e.tomcat.TomcatWebServer - Tomcat initialized with port 8001 (http)
2025-01-13 16:18:45 [main] INFO  o.a.coyote.http11.Http11NioProtocol - Initializing ProtocolHandler ["http-nio-8001"]
2025-01-13 16:18:45 [main] INFO  o.a.catalina.core.StandardService - Starting service [Tomcat]
2025-01-13 16:18:45 [main] INFO  o.a.catalina.core.StandardEngine - Starting Servlet engine: [Apache Tomcat/10.1.26]
2025-01-13 16:18:45 [main] INFO  o.a.c.c.C.[.[.[/jetinno_api] - Initializing Spring embedded WebApplicationContext
2025-01-13 16:18:45 [main] INFO  o.s.b.w.s.c.ServletWebServerApplicationContext - Root WebApplicationContext: initialization completed in 2864 ms
2025-01-13 16:18:46 [main] INFO  com.zaxxer.hikari.HikariDataSource - HikariPool-1 - Starting...
2025-01-13 16:18:46 [main] INFO  com.zaxxer.hikari.pool.HikariPool - HikariPool-1 - Added connection org.postgresql.jdbc.PgConnection@3120495d
2025-01-13 16:18:46 [main] INFO  com.zaxxer.hikari.HikariDataSource - HikariPool-1 - Start completed.
2025-01-13 16:18:46 [main] INFO  org.flywaydb.core.FlywayExecutor - Database: jdbc:postgresql://localhost:5432/CoffeeTelemetry (PostgreSQL 16.4)
2025-01-13 16:18:46 [main] INFO  o.f.core.internal.command.DbValidate - Successfully validated 4 migrations (execution time 00:00.053s)
2025-01-13 16:18:46 [main] INFO  o.f.core.internal.command.DbMigrate - Current version of schema "public": 3
2025-01-13 16:18:46 [main] INFO  o.f.core.internal.command.DbMigrate - Schema "public" is up to date. No migration necessary.
2025-01-13 16:18:46 [main] INFO  o.h.jpa.internal.util.LogHelper - HHH000204: Processing PersistenceUnitInfo [name: default]
2025-01-13 16:18:47 [main] INFO  org.hibernate.Version - HHH000412: Hibernate ORM core version 6.5.2.Final
2025-01-13 16:18:47 [main] INFO  o.h.c.i.RegionFactoryInitiator - HHH000026: Second-level cache disabled
2025-01-13 16:18:47 [main] WARN  org.hibernate.orm.deprecation - HHH90000025: PostgreSQLDialect does not need to be specified explicitly using 'hibernate.dialect' (remove the property setting and it will be selected by default)
2025-01-13 16:18:47 [main] INFO  o.s.o.j.p.SpringPersistenceUnitInfo - No LoadTimeWeaver setup: ignoring JPA class transformer
2025-01-13 16:18:48 [main] INFO  o.h.e.t.j.p.i.JtaPlatformInitiator - HHH000489: No JTA platform available (set 'hibernate.transaction.jta.platform' to enable JTA platform integration)
2025-01-13 16:18:48 [main] INFO  o.s.o.j.LocalContainerEntityManagerFactoryBean - Initialized JPA EntityManagerFactory for persistence unit 'default'
2025-01-13 16:18:49 [main] INFO  o.s.d.j.r.query.QueryEnhancerFactory - Hibernate is in classpath; If applicable, HQL parser will be used.
2025-01-13 16:18:50 [main] WARN  o.s.b.a.o.j.JpaBaseConfiguration$JpaWebConfiguration - spring.jpa.open-in-view is enabled by default. Therefore, database queries may be performed during view rendering. Explicitly configure spring.jpa.open-in-view to disable this warning
2025-01-13 16:18:50 [main] INFO  o.s.s.c.a.a.c.InitializeUserDetailsBeanManagerConfigurer$InitializeUserDetailsManagerConfigurer - Global AuthenticationManager configured with UserDetailsService bean with name userDetailsService
2025-01-13 16:18:50 [main] INFO  o.s.b.a.w.s.WelcomePageHandlerMapping - Adding welcome page template: index
2025-01-13 16:18:52 [main] INFO  o.s.i.endpoint.EventDrivenConsumer - Adding {logging-channel-adapter:_org.springframework.integration.errorLogger} as a subscriber to the 'errorChannel' channel
2025-01-13 16:18:52 [main] INFO  o.s.i.c.PublishSubscribeChannel - Channel 'JetinnoTelemetry.errorChannel' has 1 subscriber(s).
2025-01-13 16:18:52 [main] INFO  o.s.i.endpoint.EventDrivenConsumer - started bean '_org.springframework.integration.errorLogger'
2025-01-13 16:18:52 [main] INFO  o.a.coyote.http11.Http11NioProtocol - Starting ProtocolHandler ["http-nio-8001"]
2025-01-13 16:18:52 [main] INFO  o.s.b.w.e.tomcat.TomcatWebServer - Tomcat started on port 8001 (http) with context path '/jetinno_api'
2025-01-13 16:18:52 [main] INFO  c.e.telemetry.TelemetryApplication - Started TelemetryApplication in 10.335 seconds (process running for 11.086)
2025-01-13 16:21:42 [Thread-2] INFO  c.e.telemetry.model.MachineInterface - {"status":"clearerror","cmd":"machinestatus","vmc_no":73844}
2025-01-13 16:21:42 [Thread-2] INFO  c.e.telemetry.model.MachineInterface - {"c_uid":"C20250113162127145","isok":false,"rinsing_code":"C02","timestamp":"20250113162127","cmd":"rinsingrecord","vmc_no":73844}
2025-01-13 16:21:42 [Thread-2] INFO  c.e.telemetry.model.MachineInterface - {"status":"supply","supply":{"10284":"100000","10008":"57","9991":"100000","10009":"100000","10006":"55","19991":"100000","10007":"100000"},"time":"20250113162142","cmd":"machinestatus","vmc_no":73844}
2025-01-13 16:21:42 [Thread-2] INFO  c.e.telemetry.model.MachineInterface - {"status":"doorclose","cmd":"machinestatus","vmc_no":73844}
2025-01-13 16:22:02 [http-nio-8001-exec-1] INFO  o.a.c.c.C.[.[.[/jetinno_api] - Initializing Spring DispatcherServlet 'dispatcherServlet'
2025-01-13 16:22:02 [http-nio-8001-exec-1] INFO  o.s.web.servlet.DispatcherServlet - Initializing Servlet 'dispatcherServlet'
2025-01-13 16:22:02 [http-nio-8001-exec-1] INFO  o.s.web.servlet.DispatcherServlet - Completed initialization in 0 ms
2025-01-13 16:31:46 [Thread-2] INFO  c.e.telemetry.model.MachineInterface - {"PayType":"free","ProductAmount":0,"ProductId":237,"ProductName":"Macchiato","canisterIds":"225,226,170","count":0,"isDelete":false,"isok":true,"nameKey":"macchiato","order_no":"202501131630327384451480","order_resend_times":0,"order_uploaded":false,"recipeName":"Macchiato","timestamp":"20250113163146","cmd":"productdone","vmc_no":73844}
2025-01-13 16:47:42 [Thread-2] INFO  c.e.telemetry.model.MachineInterface - {"PayType":"free","ProductAmount":0,"ProductId":204,"ProductName":"Long Coffee","canisterIds":"","count":0,"isDelete":false,"isok":true,"nameKey":"long_coffee","order_no":"202412200942157384487334","order_resend_times":51,"order_uploaded":false,"recipeName":"","timestamp":"20241220094431","cmd":"productdone","vmc_no":73844}
2025-01-13 16:47:42 [Thread-2] WARN  o.h.e.jdbc.spi.SqlExceptionHelper - SQL Error: 0, SQLState: 23503
2025-01-13 16:47:42 [Thread-2] ERROR o.h.e.jdbc.spi.SqlExceptionHelper - ОШИБКА: INSERT или UPDATE в таблице "telemetry_data" нарушает ограничение внешнего ключа "telemetry_data_product_id_fkey"
  Подробности: Ключ (product_id)=(204) отсутствует в таблице "coffee_order".
2025-01-13 16:50:24 [Thread-4] INFO  c.e.telemetry.model.MachineInterface - {"comp_id":0,"io_version":"V87.25","login_count":32,"sign":"tangtang","timestamp":"20250113","version":"V1.0.9.T_JL32_33","cmd":"login","vmc_no":73844}
2025-01-13 16:50:24 [Thread-4] INFO  c.e.telemetry.model.MachineInterface - {"status":"clearerror","cmd":"machinestatus","vmc_no":73844}
2025-01-13 16:50:25 [Thread-4] INFO  c.e.telemetry.model.MachineInterface - {"status":"supply","supply":{"10284":"100000","10008":"57","9991":"100000","10009":"100000","10006":"55","19991":"100000","10007":"100000"},"time":"20250113165024","cmd":"machinestatus","vmc_no":73844}
2025-01-13 16:50:25 [Thread-4] INFO  c.e.telemetry.model.MachineInterface - {"status":"doorclose","cmd":"machinestatus","vmc_no":73844}
2025-01-13 17:00:32 [Thread-4] INFO  c.e.telemetry.model.MachineInterface - {"PayType":"free","ProductAmount":0,"ProductId":551,"ProductName":"Milk Foam","canisterIds":"226","count":0,"isDelete":false,"isok":true,"nameKey":"milk_foam","order_no":"202501131700077384476745","order_resend_times":0,"order_uploaded":false,"recipeName":"Milk Foam","timestamp":"20250113170031","cmd":"productdone","vmc_no":73844}
2025-01-13 17:01:18 [Thread-4] INFO  c.e.telemetry.model.MachineInterface - {"PayType":"free","ProductAmount":0,"ProductId":551,"ProductName":"Milk Foam","canisterIds":"226","count":0,"isDelete":false,"isok":true,"nameKey":"milk_foam","order_no":"202501131700537384420492","order_resend_times":0,"order_uploaded":false,"recipeName":"Milk Foam","timestamp":"20250113170117","cmd":"productdone","vmc_no":73844}
2025-01-13 17:03:43 [Thread-4] INFO  c.e.telemetry.model.MachineInterface - {"c_uid":"C20250113170236325","isok":true,"rinsing_code":"C02","timestamp":"20250113170236","cmd":"rinsingrecord","vmc_no":73844}
2025-01-13 17:04:10 [Thread-4] INFO  c.e.telemetry.model.MachineInterface - {"status":"dooropen","cmd":"machinestatus","vmc_no":73844}
2025-01-13 17:04:10 [Thread-4] INFO  c.e.telemetry.model.MachineInterface - {"datetime":"20250113","error_code":"ERROR:5A00","error_description":"Поддон для сбора капель полон. Пожалуйста, опорожните.","isSet":true,"is_fatal_error":true,"is_pessistance_error":false,"cmd":"error","vmc_no":73844}
2025-01-13 17:07:03 [Thread-6] INFO  c.e.telemetry.model.MachineInterface - {"comp_id":0,"io_version":"V87.25","login_count":34,"sign":"tangtang","timestamp":"20250113","version":"V1.0.9.T_JL32_33","cmd":"login","vmc_no":73844}
2025-01-13 17:07:04 [Thread-6] INFO  c.e.telemetry.model.MachineInterface - {"status":"clearerror","cmd":"machinestatus","vmc_no":73844}
2025-01-13 17:07:04 [Thread-6] INFO  c.e.telemetry.model.MachineInterface - {"status":"supply","supply":{"10284":"100000","10008":"57","9991":"100000","10009":"100000","10006":"55","19991":"100000","10007":"100000"},"time":"20250113170703","cmd":"machinestatus","vmc_no":73844}
2025-01-13 17:07:04 [Thread-6] INFO  c.e.telemetry.model.MachineInterface - {"status":"doorclose","cmd":"machinestatus","vmc_no":73844}
2025-01-13 17:07:42 [SpringApplicationShutdownHook] INFO  o.s.i.endpoint.EventDrivenConsumer - Removing {logging-channel-adapter:_org.springframework.integration.errorLogger} as a subscriber to the 'errorChannel' channel
2025-01-13 17:07:42 [SpringApplicationShutdownHook] INFO  o.s.i.c.PublishSubscribeChannel - Channel 'JetinnoTelemetry.errorChannel' has 0 subscriber(s).
2025-01-13 17:07:42 [SpringApplicationShutdownHook] INFO  o.s.i.endpoint.EventDrivenConsumer - stopped bean '_org.springframework.integration.errorLogger'
2025-01-13 17:07:42 [SpringApplicationShutdownHook] INFO  o.s.o.j.LocalContainerEntityManagerFactoryBean - Closing JPA EntityManagerFactory for persistence unit 'default'
2025-01-13 17:07:42 [SpringApplicationShutdownHook] INFO  com.zaxxer.hikari.HikariDataSource - HikariPool-1 - Shutdown initiated...
2025-01-13 17:07:42 [SpringApplicationShutdownHook] INFO  com.zaxxer.hikari.HikariDataSource - HikariPool-1 - Shutdown completed.
2025-01-14 08:35:00 [main] INFO  c.e.telemetry.TelemetryApplication - Starting TelemetryApplication using Java 22.0.1 with PID 14640 (C:\Users\vadim.tissen\IdeaProjects\demo\target\classes started by vadim.tissen in C:\Users\vadim.tissen\IdeaProjects\demo)
2025-01-14 08:35:00 [main] INFO  c.e.telemetry.TelemetryApplication - No active profile set, falling back to 1 default profile: "default"
2025-01-14 08:35:02 [main] INFO  o.s.d.r.c.RepositoryConfigurationDelegate - Bootstrapping Spring Data JPA repositories in DEFAULT mode.
2025-01-14 08:35:02 [main] INFO  o.s.d.r.c.RepositoryConfigurationDelegate - Finished Spring Data repository scanning in 205 ms. Found 6 JPA repository interfaces.
2025-01-14 08:35:02 [main] INFO  o.s.i.c.DefaultConfiguringBeanFactoryPostProcessor - No bean named 'errorChannel' has been explicitly defined. Therefore, a default PublishSubscribeChannel will be created.
2025-01-14 08:35:02 [main] INFO  o.s.i.c.DefaultConfiguringBeanFactoryPostProcessor - No bean named 'integrationHeaderChannelRegistry' has been explicitly defined. Therefore, a default DefaultHeaderChannelRegistry will be created.
2025-01-14 08:35:03 [main] INFO  o.s.b.w.e.tomcat.TomcatWebServer - Tomcat initialized with port 8001 (http)
2025-01-14 08:35:03 [main] INFO  o.a.coyote.http11.Http11NioProtocol - Initializing ProtocolHandler ["http-nio-8001"]
2025-01-14 08:35:03 [main] INFO  o.a.catalina.core.StandardService - Starting service [Tomcat]
2025-01-14 08:35:03 [main] INFO  o.a.catalina.core.StandardEngine - Starting Servlet engine: [Apache Tomcat/10.1.26]
2025-01-14 08:35:03 [main] INFO  o.a.c.c.C.[.[.[/jetinno_api] - Initializing Spring embedded WebApplicationContext
2025-01-14 08:35:03 [main] INFO  o.s.b.w.s.c.ServletWebServerApplicationContext - Root WebApplicationContext: initialization completed in 2848 ms
2025-01-14 08:35:04 [main] INFO  com.zaxxer.hikari.HikariDataSource - HikariPool-1 - Starting...
2025-01-14 08:35:04 [main] INFO  com.zaxxer.hikari.pool.HikariPool - HikariPool-1 - Added connection org.postgresql.jdbc.PgConnection@70c491b8
2025-01-14 08:35:04 [main] INFO  com.zaxxer.hikari.HikariDataSource - HikariPool-1 - Start completed.
2025-01-14 08:35:04 [main] INFO  org.flywaydb.core.FlywayExecutor - Database: jdbc:postgresql://localhost:5432/CoffeeTelemetry (PostgreSQL 16.4)
2025-01-14 08:35:04 [main] INFO  o.f.core.internal.command.DbValidate - Successfully validated 4 migrations (execution time 00:00.057s)
2025-01-14 08:35:04 [main] INFO  o.f.core.internal.command.DbMigrate - Current version of schema "public": 3
2025-01-14 08:35:04 [main] INFO  o.f.core.internal.command.DbMigrate - Schema "public" is up to date. No migration necessary.
2025-01-14 08:35:04 [main] INFO  o.h.jpa.internal.util.LogHelper - HHH000204: Processing PersistenceUnitInfo [name: default]
2025-01-14 08:35:04 [main] INFO  org.hibernate.Version - HHH000412: Hibernate ORM core version 6.5.2.Final
2025-01-14 08:35:05 [main] INFO  o.h.c.i.RegionFactoryInitiator - HHH000026: Second-level cache disabled
2025-01-14 08:35:05 [main] WARN  org.hibernate.orm.deprecation - HHH90000025: PostgreSQLDialect does not need to be specified explicitly using 'hibernate.dialect' (remove the property setting and it will be selected by default)
2025-01-14 08:35:05 [main] INFO  o.s.o.j.p.SpringPersistenceUnitInfo - No LoadTimeWeaver setup: ignoring JPA class transformer
2025-01-14 08:35:06 [main] INFO  o.h.e.t.j.p.i.JtaPlatformInitiator - HHH000489: No JTA platform available (set 'hibernate.transaction.jta.platform' to enable JTA platform integration)
2025-01-14 08:35:07 [main] INFO  o.s.o.j.LocalContainerEntityManagerFactoryBean - Initialized JPA EntityManagerFactory for persistence unit 'default'
2025-01-14 08:35:07 [main] INFO  o.s.d.j.r.query.QueryEnhancerFactory - Hibernate is in classpath; If applicable, HQL parser will be used.
2025-01-14 08:35:08 [main] WARN  o.s.b.a.o.j.JpaBaseConfiguration$JpaWebConfiguration - spring.jpa.open-in-view is enabled by default. Therefore, database queries may be performed during view rendering. Explicitly configure spring.jpa.open-in-view to disable this warning
2025-01-14 08:35:09 [main] INFO  o.s.s.c.a.a.c.InitializeUserDetailsBeanManagerConfigurer$InitializeUserDetailsManagerConfigurer - Global AuthenticationManager configured with UserDetailsService bean with name userDetailsService
2025-01-14 08:35:09 [main] INFO  o.s.b.a.w.s.WelcomePageHandlerMapping - Adding welcome page template: index
2025-01-14 08:35:10 [main] INFO  o.s.i.endpoint.EventDrivenConsumer - Adding {logging-channel-adapter:_org.springframework.integration.errorLogger} as a subscriber to the 'errorChannel' channel
2025-01-14 08:35:10 [main] INFO  o.s.i.c.PublishSubscribeChannel - Channel 'JetinnoTelemetry.errorChannel' has 1 subscriber(s).
2025-01-14 08:35:10 [main] INFO  o.s.i.endpoint.EventDrivenConsumer - started bean '_org.springframework.integration.errorLogger'
2025-01-14 08:35:10 [main] INFO  o.a.coyote.http11.Http11NioProtocol - Starting ProtocolHandler ["http-nio-8001"]
2025-01-14 08:35:10 [main] INFO  o.s.b.w.e.tomcat.TomcatWebServer - Tomcat started on port 8001 (http) with context path '/jetinno_api'
2025-01-14 08:35:10 [main] INFO  c.e.telemetry.TelemetryApplication - Started TelemetryApplication in 11.173 seconds (process running for 11.88)
2025-01-14 08:35:28 [Thread-2] INFO  c.e.telemetry.model.MachineInterface - {"status":"clearerror","cmd":"machinestatus","vmc_no":73844}
2025-01-14 08:35:29 [Thread-2] INFO  c.e.telemetry.model.MachineInterface - {"PayType":"free","ProductAmount":0,"ProductId":105,"ProductName":"Americano","canisterIds":"","count":0,"isDelete":false,"isok":true,"nameKey":"american_style_coffee","order_no":"202501140804327384493181","order_resend_times":0,"order_uploaded":false,"recipeName":"","timestamp":"20250114080530","cmd":"productdone","vmc_no":73844}
2025-01-14 08:35:29 [Thread-2] INFO  c.e.telemetry.model.MachineInterface - {"PayType":"free","ProductAmount":0,"ProductId":802,"ProductName":"Chocolate Milk","canisterIds":"","count":0,"isDelete":false,"isok":true,"nameKey":"milch_choc","order_no":"202501140818217384483789","order_resend_times":0,"order_uploaded":false,"recipeName":"","timestamp":"20250114081849","cmd":"productdone","vmc_no":73844}
2025-01-14 08:36:07 [http-nio-8001-exec-1] INFO  o.a.c.c.C.[.[.[/jetinno_api] - Initializing Spring DispatcherServlet 'dispatcherServlet'
2025-01-14 08:36:07 [http-nio-8001-exec-1] INFO  o.s.web.servlet.DispatcherServlet - Initializing Servlet 'dispatcherServlet'
2025-01-14 08:36:07 [http-nio-8001-exec-1] INFO  o.s.web.servlet.DispatcherServlet - Completed initialization in 1 ms
2025-01-14 08:42:30 [SpringApplicationShutdownHook] INFO  o.s.i.endpoint.EventDrivenConsumer - Removing {logging-channel-adapter:_org.springframework.integration.errorLogger} as a subscriber to the 'errorChannel' channel
2025-01-14 08:42:30 [SpringApplicationShutdownHook] INFO  o.s.i.c.PublishSubscribeChannel - Channel 'JetinnoTelemetry.errorChannel' has 0 subscriber(s).
2025-01-14 08:42:30 [SpringApplicationShutdownHook] INFO  o.s.i.endpoint.EventDrivenConsumer - stopped bean '_org.springframework.integration.errorLogger'
2025-01-14 08:42:30 [SpringApplicationShutdownHook] INFO  o.s.o.j.LocalContainerEntityManagerFactoryBean - Closing JPA EntityManagerFactory for persistence unit 'default'
2025-01-14 08:42:30 [SpringApplicationShutdownHook] INFO  com.zaxxer.hikari.HikariDataSource - HikariPool-1 - Shutdown initiated...
2025-01-14 08:42:30 [SpringApplicationShutdownHook] INFO  com.zaxxer.hikari.HikariDataSource - HikariPool-1 - Shutdown completed.
2025-01-14 08:42:36 [main] INFO  c.e.telemetry.TelemetryApplication - Starting TelemetryApplication using Java 22.0.1 with PID 6412 (C:\Users\vadim.tissen\IdeaProjects\demo\target\classes started by vadim.tissen in C:\Users\vadim.tissen\IdeaProjects\demo)
2025-01-14 08:42:36 [main] INFO  c.e.telemetry.TelemetryApplication - No active profile set, falling back to 1 default profile: "default"
2025-01-14 08:42:37 [main] INFO  o.s.d.r.c.RepositoryConfigurationDelegate - Bootstrapping Spring Data JPA repositories in DEFAULT mode.
2025-01-14 08:42:37 [main] INFO  o.s.d.r.c.RepositoryConfigurationDelegate - Finished Spring Data repository scanning in 209 ms. Found 6 JPA repository interfaces.
2025-01-14 08:42:38 [main] INFO  o.s.i.c.DefaultConfiguringBeanFactoryPostProcessor - No bean named 'errorChannel' has been explicitly defined. Therefore, a default PublishSubscribeChannel will be created.
2025-01-14 08:42:38 [main] INFO  o.s.i.c.DefaultConfiguringBeanFactoryPostProcessor - No bean named 'integrationHeaderChannelRegistry' has been explicitly defined. Therefore, a default DefaultHeaderChannelRegistry will be created.
2025-01-14 08:42:39 [main] INFO  o.s.b.w.e.tomcat.TomcatWebServer - Tomcat initialized with port 8001 (http)
2025-01-14 08:42:39 [main] INFO  o.a.coyote.http11.Http11NioProtocol - Initializing ProtocolHandler ["http-nio-8001"]
2025-01-14 08:42:39 [main] INFO  o.a.catalina.core.StandardService - Starting service [Tomcat]
2025-01-14 08:42:39 [main] INFO  o.a.catalina.core.StandardEngine - Starting Servlet engine: [Apache Tomcat/10.1.26]
2025-01-14 08:42:39 [main] INFO  o.a.c.c.C.[.[.[/jetinno_api] - Initializing Spring embedded WebApplicationContext
2025-01-14 08:42:39 [main] INFO  o.s.b.w.s.c.ServletWebServerApplicationContext - Root WebApplicationContext: initialization completed in 2871 ms
2025-01-14 08:42:39 [main] INFO  com.zaxxer.hikari.HikariDataSource - HikariPool-1 - Starting...
2025-01-14 08:42:40 [main] INFO  com.zaxxer.hikari.pool.HikariPool - HikariPool-1 - Added connection org.postgresql.jdbc.PgConnection@70c491b8
2025-01-14 08:42:40 [main] INFO  com.zaxxer.hikari.HikariDataSource - HikariPool-1 - Start completed.
2025-01-14 08:42:40 [main] INFO  org.flywaydb.core.FlywayExecutor - Database: jdbc:postgresql://localhost:5432/CoffeeTelemetry (PostgreSQL 16.4)
2025-01-14 08:42:40 [main] INFO  o.f.core.internal.command.DbValidate - Successfully validated 4 migrations (execution time 00:00.079s)
2025-01-14 08:42:40 [main] INFO  o.f.core.internal.command.DbMigrate - Current version of schema "public": 3
2025-01-14 08:42:40 [main] INFO  o.f.core.internal.command.DbMigrate - Schema "public" is up to date. No migration necessary.
2025-01-14 08:42:40 [main] INFO  o.h.jpa.internal.util.LogHelper - HHH000204: Processing PersistenceUnitInfo [name: default]
2025-01-14 08:42:40 [main] INFO  org.hibernate.Version - HHH000412: Hibernate ORM core version 6.5.2.Final
2025-01-14 08:42:40 [main] INFO  o.h.c.i.RegionFactoryInitiator - HHH000026: Second-level cache disabled
2025-01-14 08:42:41 [main] WARN  org.hibernate.orm.deprecation - HHH90000025: PostgreSQLDialect does not need to be specified explicitly using 'hibernate.dialect' (remove the property setting and it will be selected by default)
2025-01-14 08:42:41 [main] INFO  o.s.o.j.p.SpringPersistenceUnitInfo - No LoadTimeWeaver setup: ignoring JPA class transformer
2025-01-14 08:42:43 [main] INFO  o.h.e.t.j.p.i.JtaPlatformInitiator - HHH000489: No JTA platform available (set 'hibernate.transaction.jta.platform' to enable JTA platform integration)
2025-01-14 08:42:43 [main] INFO  o.s.o.j.LocalContainerEntityManagerFactoryBean - Initialized JPA EntityManagerFactory for persistence unit 'default'
2025-01-14 08:42:43 [main] INFO  o.s.d.j.r.query.QueryEnhancerFactory - Hibernate is in classpath; If applicable, HQL parser will be used.
2025-01-14 08:42:44 [main] WARN  o.s.b.a.o.j.JpaBaseConfiguration$JpaWebConfiguration - spring.jpa.open-in-view is enabled by default. Therefore, database queries may be performed during view rendering. Explicitly configure spring.jpa.open-in-view to disable this warning
2025-01-14 08:42:45 [main] INFO  o.s.s.c.a.a.c.InitializeUserDetailsBeanManagerConfigurer$InitializeUserDetailsManagerConfigurer - Global AuthenticationManager configured with UserDetailsService bean with name userDetailsService
2025-01-14 08:42:45 [main] INFO  o.s.b.a.w.s.WelcomePageHandlerMapping - Adding welcome page template: index
2025-01-14 08:42:46 [main] INFO  o.s.i.endpoint.EventDrivenConsumer - Adding {logging-channel-adapter:_org.springframework.integration.errorLogger} as a subscriber to the 'errorChannel' channel
2025-01-14 08:42:46 [main] INFO  o.s.i.c.PublishSubscribeChannel - Channel 'JetinnoTelemetry.errorChannel' has 1 subscriber(s).
2025-01-14 08:42:46 [main] INFO  o.s.i.endpoint.EventDrivenConsumer - started bean '_org.springframework.integration.errorLogger'
2025-01-14 08:42:46 [main] INFO  o.a.coyote.http11.Http11NioProtocol - Starting ProtocolHandler ["http-nio-8001"]
2025-01-14 08:42:47 [main] INFO  o.s.b.w.e.tomcat.TomcatWebServer - Tomcat started on port 8001 (http) with context path '/jetinno_api'
2025-01-14 08:42:47 [main] INFO  c.e.telemetry.TelemetryApplication - Started TelemetryApplication in 11.366 seconds (process running for 12.011)
2025-01-14 08:45:16 [Thread-2] INFO  c.e.telemetry.model.MachineInterface - {"status":"clearerror","cmd":"machinestatus","vmc_no":73844}
2025-01-14 08:45:17 [Thread-2] INFO  c.e.telemetry.model.MachineInterface - {"status":"supply","supply":{"10284":"100000","10008":"37","9991":"100000","10009":"100000","10006":"35","19991":"100000","10007":"100000"},"time":"20250114084515","cmd":"machinestatus","vmc_no":73844}
2025-01-14 08:45:17 [Thread-2] INFO  c.e.telemetry.model.MachineInterface - {"status":"doorclose","cmd":"machinestatus","vmc_no":73844}
2025-01-14 08:49:22 [http-nio-8001-exec-1] INFO  o.a.c.c.C.[.[.[/jetinno_api] - Initializing Spring DispatcherServlet 'dispatcherServlet'
2025-01-14 08:49:22 [http-nio-8001-exec-1] INFO  o.s.web.servlet.DispatcherServlet - Initializing Servlet 'dispatcherServlet'
2025-01-14 08:49:22 [http-nio-8001-exec-1] INFO  o.s.web.servlet.DispatcherServlet - Completed initialization in 2 ms
2025-01-14 08:56:29 [Thread-2] INFO  c.e.telemetry.model.MachineInterface - {"PayType":"free","ProductAmount":0,"ProductId":204,"ProductName":"Long Coffee","canisterIds":"","count":0,"isDelete":false,"isok":true,"nameKey":"long_coffee","order_no":"202412200942157384487334","order_resend_times":53,"order_uploaded":false,"recipeName":"","timestamp":"20241220094431","cmd":"productdone","vmc_no":73844}
2025-01-14 08:56:29 [Thread-2] WARN  o.h.e.jdbc.spi.SqlExceptionHelper - SQL Error: 0, SQLState: 23503
2025-01-14 08:56:29 [Thread-2] ERROR o.h.e.jdbc.spi.SqlExceptionHelper - ОШИБКА: INSERT или UPDATE в таблице "telemetry_data" нарушает ограничение внешнего ключа "telemetry_data_product_id_fkey"
  Подробности: Ключ (product_id)=(204) отсутствует в таблице "coffee_order".
2025-01-14 08:59:11 [Thread-4] INFO  c.e.telemetry.model.MachineInterface - {"comp_id":0,"io_version":"V87.25","login_count":6,"sign":"tangtang","timestamp":"20250114","version":"V1.0.9.T_JL32_33","cmd":"login","vmc_no":73844}
2025-01-14 08:59:11 [Thread-4] INFO  c.e.telemetry.model.MachineInterface - {"status":"clearerror","cmd":"machinestatus","vmc_no":73844}
2025-01-14 08:59:11 [Thread-4] INFO  c.e.telemetry.model.MachineInterface - {"status":"supply","supply":{"10284":"100000","10008":"37","9991":"100000","10009":"100000","10006":"35","19991":"100000","10007":"100000"},"time":"20250114085910","cmd":"machinestatus","vmc_no":73844}
2025-01-14 08:59:11 [Thread-4] INFO  c.e.telemetry.model.MachineInterface - {"status":"doorclose","cmd":"machinestatus","vmc_no":73844}
2025-01-14 09:00:17 [main] INFO  c.e.telemetry.TelemetryApplication - Starting TelemetryApplication using Java 22.0.1 with PID 10000 (C:\Users\vadim.tissen\IdeaProjects\demo\target\classes started by vadim.tissen in C:\Users\vadim.tissen\IdeaProjects\demo)
2025-01-14 09:00:17 [main] INFO  c.e.telemetry.TelemetryApplication - No active profile set, falling back to 1 default profile: "default"
2025-01-14 09:00:19 [main] INFO  o.s.d.r.c.RepositoryConfigurationDelegate - Bootstrapping Spring Data JPA repositories in DEFAULT mode.
2025-01-14 09:00:19 [main] INFO  o.s.d.r.c.RepositoryConfigurationDelegate - Finished Spring Data repository scanning in 218 ms. Found 6 JPA repository interfaces.
2025-01-14 09:00:19 [main] INFO  o.s.i.c.DefaultConfiguringBeanFactoryPostProcessor - No bean named 'errorChannel' has been explicitly defined. Therefore, a default PublishSubscribeChannel will be created.
2025-01-14 09:00:19 [main] INFO  o.s.i.c.DefaultConfiguringBeanFactoryPostProcessor - No bean named 'integrationHeaderChannelRegistry' has been explicitly defined. Therefore, a default DefaultHeaderChannelRegistry will be created.
2025-01-14 09:00:20 [main] INFO  o.s.b.w.e.tomcat.TomcatWebServer - Tomcat initialized with port 8001 (http)
2025-01-14 09:00:20 [main] INFO  o.a.coyote.http11.Http11NioProtocol - Initializing ProtocolHandler ["http-nio-8001"]
2025-01-14 09:00:20 [main] INFO  o.a.catalina.core.StandardService - Starting service [Tomcat]
2025-01-14 09:00:20 [main] INFO  o.a.catalina.core.StandardEngine - Starting Servlet engine: [Apache Tomcat/10.1.26]
2025-01-14 09:00:20 [main] INFO  o.a.c.c.C.[.[.[/jetinno_api] - Initializing Spring embedded WebApplicationContext
2025-01-14 09:00:20 [main] INFO  o.s.b.w.s.c.ServletWebServerApplicationContext - Root WebApplicationContext: initialization completed in 2625 ms
2025-01-14 09:00:21 [main] INFO  com.zaxxer.hikari.HikariDataSource - HikariPool-1 - Starting...
2025-01-14 09:00:21 [main] INFO  com.zaxxer.hikari.pool.HikariPool - HikariPool-1 - Added connection org.postgresql.jdbc.PgConnection@3120495d
2025-01-14 09:00:21 [main] INFO  com.zaxxer.hikari.HikariDataSource - HikariPool-1 - Start completed.
2025-01-14 09:00:21 [main] INFO  org.flywaydb.core.FlywayExecutor - Database: jdbc:postgresql://localhost:5432/CoffeeTelemetry (PostgreSQL 16.4)
2025-01-14 09:00:21 [main] INFO  o.f.core.internal.command.DbValidate - Successfully validated 4 migrations (execution time 00:00.053s)
2025-01-14 09:00:21 [main] INFO  o.f.core.internal.command.DbMigrate - Current version of schema "public": 3
2025-01-14 09:00:21 [main] INFO  o.f.core.internal.command.DbMigrate - Schema "public" is up to date. No migration necessary.
2025-01-14 09:00:21 [main] INFO  o.h.jpa.internal.util.LogHelper - HHH000204: Processing PersistenceUnitInfo [name: default]
2025-01-14 09:00:22 [main] INFO  org.hibernate.Version - HHH000412: Hibernate ORM core version 6.5.2.Final
2025-01-14 09:00:22 [main] INFO  o.h.c.i.RegionFactoryInitiator - HHH000026: Second-level cache disabled
2025-01-14 09:00:22 [main] WARN  org.hibernate.orm.deprecation - HHH90000025: PostgreSQLDialect does not need to be specified explicitly using 'hibernate.dialect' (remove the property setting and it will be selected by default)
2025-01-14 09:00:22 [main] INFO  o.s.o.j.p.SpringPersistenceUnitInfo - No LoadTimeWeaver setup: ignoring JPA class transformer
2025-01-14 09:00:24 [main] INFO  o.h.e.t.j.p.i.JtaPlatformInitiator - HHH000489: No JTA platform available (set 'hibernate.transaction.jta.platform' to enable JTA platform integration)
2025-01-14 09:00:24 [main] INFO  o.s.o.j.LocalContainerEntityManagerFactoryBean - Initialized JPA EntityManagerFactory for persistence unit 'default'
2025-01-14 09:00:24 [main] INFO  o.s.d.j.r.query.QueryEnhancerFactory - Hibernate is in classpath; If applicable, HQL parser will be used.
2025-01-14 09:00:26 [main] WARN  o.s.b.a.o.j.JpaBaseConfiguration$JpaWebConfiguration - spring.jpa.open-in-view is enabled by default. Therefore, database queries may be performed during view rendering. Explicitly configure spring.jpa.open-in-view to disable this warning
2025-01-14 09:00:26 [main] INFO  o.s.s.c.a.a.c.InitializeUserDetailsBeanManagerConfigurer$InitializeUserDetailsManagerConfigurer - Global AuthenticationManager configured with UserDetailsService bean with name userDetailsService
2025-01-14 09:00:26 [main] INFO  o.s.b.a.w.s.WelcomePageHandlerMapping - Adding welcome page template: index
2025-01-14 09:00:28 [main] INFO  o.s.i.endpoint.EventDrivenConsumer - Adding {logging-channel-adapter:_org.springframework.integration.errorLogger} as a subscriber to the 'errorChannel' channel
2025-01-14 09:00:28 [main] INFO  o.s.i.c.PublishSubscribeChannel - Channel 'JetinnoTelemetry.errorChannel' has 1 subscriber(s).
2025-01-14 09:00:28 [main] INFO  o.s.i.endpoint.EventDrivenConsumer - started bean '_org.springframework.integration.errorLogger'
2025-01-14 09:00:28 [main] INFO  o.a.coyote.http11.Http11NioProtocol - Starting ProtocolHandler ["http-nio-8001"]
2025-01-14 09:00:28 [main] INFO  o.s.i.endpoint.EventDrivenConsumer - Removing {logging-channel-adapter:_org.springframework.integration.errorLogger} as a subscriber to the 'errorChannel' channel
2025-01-14 09:00:28 [main] INFO  o.s.i.c.PublishSubscribeChannel - Channel 'JetinnoTelemetry.errorChannel' has 0 subscriber(s).
2025-01-14 09:00:28 [main] INFO  o.s.i.endpoint.EventDrivenConsumer - stopped bean '_org.springframework.integration.errorLogger'
2025-01-14 09:00:28 [main] WARN  o.s.b.w.s.c.AnnotationConfigServletWebServerApplicationContext - Exception encountered during context initialization - cancelling refresh attempt: org.springframework.context.ApplicationContextException: Failed to start bean 'webServerStartStop'
2025-01-14 09:00:28 [main] INFO  o.s.o.j.LocalContainerEntityManagerFactoryBean - Closing JPA EntityManagerFactory for persistence unit 'default'
2025-01-14 09:00:28 [main] INFO  com.zaxxer.hikari.HikariDataSource - HikariPool-1 - Shutdown initiated...
2025-01-14 09:00:28 [main] INFO  com.zaxxer.hikari.HikariDataSource - HikariPool-1 - Shutdown completed.
2025-01-14 09:00:28 [main] INFO  o.s.b.a.l.ConditionEvaluationReportLogger - 

Error starting ApplicationContext. To display the condition evaluation report re-run your application with 'debug' enabled.
2025-01-14 09:00:28 [main] ERROR o.s.b.d.LoggingFailureAnalysisReporter - 

***************************
APPLICATION FAILED TO START
***************************

Description:

Web server failed to start. Port 8001 was already in use.

Action:

Identify and stop the process that's listening on port 8001 or configure this application to listen on another port.

2025-01-14 09:01:45 [main] INFO  c.e.telemetry.TelemetryApplication - Starting TelemetryApplication using Java 22.0.1 with PID 4616 (C:\Users\vadim.tissen\IdeaProjects\demo\target\classes started by vadim.tissen in C:\Users\vadim.tissen\IdeaProjects\demo)
2025-01-14 09:01:45 [main] INFO  c.e.telemetry.TelemetryApplication - No active profile set, falling back to 1 default profile: "default"
2025-01-14 09:01:47 [main] INFO  o.s.d.r.c.RepositoryConfigurationDelegate - Bootstrapping Spring Data JPA repositories in DEFAULT mode.
2025-01-14 09:01:47 [main] INFO  o.s.d.r.c.RepositoryConfigurationDelegate - Finished Spring Data repository scanning in 209 ms. Found 6 JPA repository interfaces.
2025-01-14 09:01:47 [main] INFO  o.s.i.c.DefaultConfiguringBeanFactoryPostProcessor - No bean named 'errorChannel' has been explicitly defined. Therefore, a default PublishSubscribeChannel will be created.
2025-01-14 09:01:47 [main] INFO  o.s.i.c.DefaultConfiguringBeanFactoryPostProcessor - No bean named 'integrationHeaderChannelRegistry' has been explicitly defined. Therefore, a default DefaultHeaderChannelRegistry will be created.
2025-01-14 09:01:48 [main] INFO  o.s.b.w.e.tomcat.TomcatWebServer - Tomcat initialized with port 8001 (http)
2025-01-14 09:01:48 [main] INFO  o.a.coyote.http11.Http11NioProtocol - Initializing ProtocolHandler ["http-nio-8001"]
2025-01-14 09:01:48 [main] INFO  o.a.catalina.core.StandardService - Starting service [Tomcat]
2025-01-14 09:01:48 [main] INFO  o.a.catalina.core.StandardEngine - Starting Servlet engine: [Apache Tomcat/10.1.26]
2025-01-14 09:01:48 [main] INFO  o.a.c.c.C.[.[.[/jetinno_api] - Initializing Spring embedded WebApplicationContext
2025-01-14 09:01:48 [main] INFO  o.s.b.w.s.c.ServletWebServerApplicationContext - Root WebApplicationContext: initialization completed in 2774 ms
2025-01-14 09:01:49 [main] INFO  com.zaxxer.hikari.HikariDataSource - HikariPool-1 - Starting...
2025-01-14 09:01:49 [main] INFO  com.zaxxer.hikari.pool.HikariPool - HikariPool-1 - Added connection org.postgresql.jdbc.PgConnection@2b170932
2025-01-14 09:01:49 [main] INFO  com.zaxxer.hikari.HikariDataSource - HikariPool-1 - Start completed.
2025-01-14 09:01:49 [main] INFO  org.flywaydb.core.FlywayExecutor - Database: jdbc:postgresql://localhost:5432/CoffeeTelemetry (PostgreSQL 16.4)
2025-01-14 09:01:49 [main] INFO  o.f.core.internal.command.DbValidate - Successfully validated 4 migrations (execution time 00:00.049s)
2025-01-14 09:01:49 [main] INFO  o.f.core.internal.command.DbMigrate - Current version of schema "public": 3
2025-01-14 09:01:49 [main] INFO  o.f.core.internal.command.DbMigrate - Schema "public" is up to date. No migration necessary.
2025-01-14 09:01:49 [main] INFO  o.h.jpa.internal.util.LogHelper - HHH000204: Processing PersistenceUnitInfo [name: default]
2025-01-14 09:01:50 [main] INFO  org.hibernate.Version - HHH000412: Hibernate ORM core version 6.5.2.Final
2025-01-14 09:01:50 [main] INFO  o.h.c.i.RegionFactoryInitiator - HHH000026: Second-level cache disabled
2025-01-14 09:01:50 [main] WARN  org.hibernate.orm.deprecation - HHH90000025: PostgreSQLDialect does not need to be specified explicitly using 'hibernate.dialect' (remove the property setting and it will be selected by default)
2025-01-14 09:01:50 [main] INFO  o.s.o.j.p.SpringPersistenceUnitInfo - No LoadTimeWeaver setup: ignoring JPA class transformer
2025-01-14 09:01:51 [main] INFO  o.h.e.t.j.p.i.JtaPlatformInitiator - HHH000489: No JTA platform available (set 'hibernate.transaction.jta.platform' to enable JTA platform integration)
2025-01-14 09:01:51 [main] INFO  o.s.o.j.LocalContainerEntityManagerFactoryBean - Initialized JPA EntityManagerFactory for persistence unit 'default'
2025-01-14 09:01:52 [main] INFO  o.s.d.j.r.query.QueryEnhancerFactory - Hibernate is in classpath; If applicable, HQL parser will be used.
2025-01-14 09:01:53 [main] WARN  o.s.b.a.o.j.JpaBaseConfiguration$JpaWebConfiguration - spring.jpa.open-in-view is enabled by default. Therefore, database queries may be performed during view rendering. Explicitly configure spring.jpa.open-in-view to disable this warning
2025-01-14 09:01:53 [main] INFO  o.s.s.c.a.a.c.InitializeUserDetailsBeanManagerConfigurer$InitializeUserDetailsManagerConfigurer - Global AuthenticationManager configured with UserDetailsService bean with name userDetailsService
2025-01-14 09:01:53 [main] INFO  o.s.b.a.w.s.WelcomePageHandlerMapping - Adding welcome page template: index
2025-01-14 09:01:54 [main] INFO  o.s.i.endpoint.EventDrivenConsumer - Adding {logging-channel-adapter:_org.springframework.integration.errorLogger} as a subscriber to the 'errorChannel' channel
2025-01-14 09:01:54 [main] INFO  o.s.i.c.PublishSubscribeChannel - Channel 'JetinnoTelemetry.errorChannel' has 1 subscriber(s).
2025-01-14 09:01:54 [main] INFO  o.s.i.endpoint.EventDrivenConsumer - started bean '_org.springframework.integration.errorLogger'
2025-01-14 09:01:54 [main] INFO  o.a.coyote.http11.Http11NioProtocol - Starting ProtocolHandler ["http-nio-8001"]
2025-01-14 09:01:54 [main] INFO  o.s.i.endpoint.EventDrivenConsumer - Removing {logging-channel-adapter:_org.springframework.integration.errorLogger} as a subscriber to the 'errorChannel' channel
2025-01-14 09:01:54 [main] INFO  o.s.i.c.PublishSubscribeChannel - Channel 'JetinnoTelemetry.errorChannel' has 0 subscriber(s).
2025-01-14 09:01:54 [main] INFO  o.s.i.endpoint.EventDrivenConsumer - stopped bean '_org.springframework.integration.errorLogger'
2025-01-14 09:01:54 [main] WARN  o.s.b.w.s.c.AnnotationConfigServletWebServerApplicationContext - Exception encountered during context initialization - cancelling refresh attempt: org.springframework.context.ApplicationContextException: Failed to start bean 'webServerStartStop'
2025-01-14 09:01:54 [main] INFO  o.s.o.j.LocalContainerEntityManagerFactoryBean - Closing JPA EntityManagerFactory for persistence unit 'default'
2025-01-14 09:01:54 [main] INFO  com.zaxxer.hikari.HikariDataSource - HikariPool-1 - Shutdown initiated...
2025-01-14 09:01:54 [main] INFO  com.zaxxer.hikari.HikariDataSource - HikariPool-1 - Shutdown completed.
2025-01-14 09:01:54 [main] INFO  o.s.b.a.l.ConditionEvaluationReportLogger - 

Error starting ApplicationContext. To display the condition evaluation report re-run your application with 'debug' enabled.
2025-01-14 09:01:54 [main] ERROR o.s.b.d.LoggingFailureAnalysisReporter - 

***************************
APPLICATION FAILED TO START
***************************

Description:

Web server failed to start. Port 8001 was already in use.

Action:

Identify and stop the process that's listening on port 8001 or configure this application to listen on another port.

2025-01-14 09:07:40 [Thread-4] INFO  c.e.telemetry.model.MachineInterface - {"PayType":"free","ProductAmount":0,"ProductId":101,"ProductName":"Cappuccino","canisterIds":"170,226","count":0,"failreason":"cancel order","isDelete":false,"isok":false,"nameKey":"cappuccino","order_no":"202501140906417384478946","order_resend_times":0,"order_uploaded":false,"recipeName":"Cappuccino","timestamp":"20250114090739","cmd":"productdone","vmc_no":73844}
2025-01-14 09:07:48 [main] INFO  c.e.telemetry.TelemetryApplication - Starting TelemetryApplication using Java 22.0.1 with PID 16100 (C:\Users\vadim.tissen\IdeaProjects\demo\target\classes started by vadim.tissen in C:\Users\vadim.tissen\IdeaProjects\demo)
2025-01-14 09:07:48 [main] INFO  c.e.telemetry.TelemetryApplication - No active profile set, falling back to 1 default profile: "default"
2025-01-14 09:07:50 [main] INFO  o.s.d.r.c.RepositoryConfigurationDelegate - Bootstrapping Spring Data JPA repositories in DEFAULT mode.
2025-01-14 09:07:50 [main] INFO  o.s.d.r.c.RepositoryConfigurationDelegate - Finished Spring Data repository scanning in 223 ms. Found 6 JPA repository interfaces.
2025-01-14 09:07:50 [main] INFO  o.s.i.c.DefaultConfiguringBeanFactoryPostProcessor - No bean named 'errorChannel' has been explicitly defined. Therefore, a default PublishSubscribeChannel will be created.
2025-01-14 09:07:50 [main] INFO  o.s.i.c.DefaultConfiguringBeanFactoryPostProcessor - No bean named 'integrationHeaderChannelRegistry' has been explicitly defined. Therefore, a default DefaultHeaderChannelRegistry will be created.
2025-01-14 09:07:51 [main] INFO  o.s.b.w.e.tomcat.TomcatWebServer - Tomcat initialized with port 8001 (http)
2025-01-14 09:07:51 [main] INFO  o.a.coyote.http11.Http11NioProtocol - Initializing ProtocolHandler ["http-nio-8001"]
2025-01-14 09:07:51 [main] INFO  o.a.catalina.core.StandardService - Starting service [Tomcat]
2025-01-14 09:07:51 [main] INFO  o.a.catalina.core.StandardEngine - Starting Servlet engine: [Apache Tomcat/10.1.26]
2025-01-14 09:07:51 [main] INFO  o.a.c.c.C.[.[.[/jetinno_api] - Initializing Spring embedded WebApplicationContext
2025-01-14 09:07:51 [main] INFO  o.s.b.w.s.c.ServletWebServerApplicationContext - Root WebApplicationContext: initialization completed in 2837 ms
2025-01-14 09:07:52 [main] INFO  com.zaxxer.hikari.HikariDataSource - HikariPool-1 - Starting...
2025-01-14 09:07:52 [main] INFO  com.zaxxer.hikari.pool.HikariPool - HikariPool-1 - Added connection org.postgresql.jdbc.PgConnection@1fc0d9b4
2025-01-14 09:07:52 [main] INFO  com.zaxxer.hikari.HikariDataSource - HikariPool-1 - Start completed.
2025-01-14 09:07:52 [main] INFO  org.flywaydb.core.FlywayExecutor - Database: jdbc:postgresql://localhost:5432/CoffeeTelemetry (PostgreSQL 16.4)
2025-01-14 09:07:52 [main] INFO  o.f.core.internal.command.DbValidate - Successfully validated 4 migrations (execution time 00:00.041s)
2025-01-14 09:07:52 [main] INFO  o.f.core.internal.command.DbMigrate - Current version of schema "public": 3
2025-01-14 09:07:52 [main] INFO  o.f.core.internal.command.DbMigrate - Schema "public" is up to date. No migration necessary.
2025-01-14 09:07:52 [main] INFO  o.h.jpa.internal.util.LogHelper - HHH000204: Processing PersistenceUnitInfo [name: default]
2025-01-14 09:07:53 [main] INFO  org.hibernate.Version - HHH000412: Hibernate ORM core version 6.5.2.Final
2025-01-14 09:07:53 [main] INFO  o.h.c.i.RegionFactoryInitiator - HHH000026: Second-level cache disabled
2025-01-14 09:07:53 [main] WARN  org.hibernate.orm.deprecation - HHH90000025: PostgreSQLDialect does not need to be specified explicitly using 'hibernate.dialect' (remove the property setting and it will be selected by default)
2025-01-14 09:07:53 [main] INFO  o.s.o.j.p.SpringPersistenceUnitInfo - No LoadTimeWeaver setup: ignoring JPA class transformer
2025-01-14 09:07:54 [main] INFO  o.h.e.t.j.p.i.JtaPlatformInitiator - HHH000489: No JTA platform available (set 'hibernate.transaction.jta.platform' to enable JTA platform integration)
2025-01-14 09:07:54 [main] INFO  o.s.o.j.LocalContainerEntityManagerFactoryBean - Initialized JPA EntityManagerFactory for persistence unit 'default'
2025-01-14 09:07:55 [main] INFO  o.s.d.j.r.query.QueryEnhancerFactory - Hibernate is in classpath; If applicable, HQL parser will be used.
2025-01-14 09:07:56 [main] WARN  o.s.b.a.o.j.JpaBaseConfiguration$JpaWebConfiguration - spring.jpa.open-in-view is enabled by default. Therefore, database queries may be performed during view rendering. Explicitly configure spring.jpa.open-in-view to disable this warning
2025-01-14 09:07:56 [main] INFO  o.s.s.c.a.a.c.InitializeUserDetailsBeanManagerConfigurer$InitializeUserDetailsManagerConfigurer - Global AuthenticationManager configured with UserDetailsService bean with name userDetailsService
2025-01-14 09:07:56 [main] INFO  o.s.b.a.w.s.WelcomePageHandlerMapping - Adding welcome page template: index
2025-01-14 09:07:57 [main] INFO  o.s.i.endpoint.EventDrivenConsumer - Adding {logging-channel-adapter:_org.springframework.integration.errorLogger} as a subscriber to the 'errorChannel' channel
2025-01-14 09:07:57 [main] INFO  o.s.i.c.PublishSubscribeChannel - Channel 'JetinnoTelemetry.errorChannel' has 1 subscriber(s).
2025-01-14 09:07:57 [main] INFO  o.s.i.endpoint.EventDrivenConsumer - started bean '_org.springframework.integration.errorLogger'
2025-01-14 09:07:57 [main] INFO  o.a.coyote.http11.Http11NioProtocol - Starting ProtocolHandler ["http-nio-8001"]
2025-01-14 09:07:57 [main] INFO  o.s.b.w.e.tomcat.TomcatWebServer - Tomcat started on port 8001 (http) with context path '/jetinno_api'
2025-01-14 09:07:57 [main] INFO  c.e.telemetry.TelemetryApplication - Started TelemetryApplication in 9.636 seconds (process running for 10.239)
2025-01-14 09:10:29 [Thread-2] INFO  c.e.telemetry.model.MachineInterface - {"status":"clearerror","cmd":"machinestatus","vmc_no":73844}
2025-01-14 09:10:29 [Thread-2] INFO  c.e.telemetry.model.MachineInterface - {"status":"supply","supply":{"10284":"100000","10008":"37","9991":"100000","10009":"100000","10006":"35","19991":"100000","10007":"100000"},"time":"20250114091027","cmd":"machinestatus","vmc_no":73844}
2025-01-14 09:10:29 [Thread-2] INFO  c.e.telemetry.model.MachineInterface - {"status":"doorclose","cmd":"machinestatus","vmc_no":73844}
2025-01-14 09:11:11 [Thread-2] INFO  c.e.telemetry.model.MachineInterface - {"PayType":"free","ProductAmount":0,"ProductId":204,"ProductName":"Long Coffee","canisterIds":"","count":0,"isDelete":false,"isok":true,"nameKey":"long_coffee","order_no":"202412200942157384487334","order_resend_times":54,"order_uploaded":false,"recipeName":"","timestamp":"20241220094431","cmd":"productdone","vmc_no":73844}
2025-01-14 09:11:11 [Thread-2] WARN  o.h.e.jdbc.spi.SqlExceptionHelper - SQL Error: 0, SQLState: 23503
2025-01-14 09:11:11 [Thread-2] ERROR o.h.e.jdbc.spi.SqlExceptionHelper - ОШИБКА: INSERT или UPDATE в таблице "telemetry_data" нарушает ограничение внешнего ключа "telemetry_data_product_id_fkey"
  Подробности: Ключ (product_id)=(204) отсутствует в таблице "coffee_order".
2025-01-14 09:14:02 [Thread-3] INFO  c.e.telemetry.model.MachineInterface - {"comp_id":0,"io_version":"V87.25","login_count":10,"sign":"tangtang","timestamp":"20250114","version":"V1.0.9.T_JL32_33","cmd":"login","vmc_no":73844}
2025-01-14 09:14:02 [Thread-3] INFO  c.e.telemetry.model.MachineInterface - {"status":"clearerror","cmd":"machinestatus","vmc_no":73844}
2025-01-14 09:14:02 [Thread-3] INFO  c.e.telemetry.model.MachineInterface - {"status":"supply","supply":{"10284":"100000","10008":"37","9991":"100000","10009":"100000","10006":"35","19991":"100000","10007":"100000"},"time":"20250114091401","cmd":"machinestatus","vmc_no":73844}
2025-01-14 09:14:02 [Thread-3] INFO  c.e.telemetry.model.MachineInterface - {"status":"doorclose","cmd":"machinestatus","vmc_no":73844}
2025-01-14 09:15:04 [Thread-3] INFO  c.e.telemetry.model.MachineInterface - {"PayType":"free","ProductAmount":0,"ProductId":237,"ProductName":"Macchiato","canisterIds":"225,226,170","count":0,"isDelete":false,"isok":true,"nameKey":"macchiato","order_no":"202501140913357384454507","order_resend_times":0,"order_uploaded":false,"recipeName":"Macchiato","timestamp":"20250114091503","cmd":"productdone","vmc_no":73844}
2025-01-14 09:15:14 [SpringApplicationShutdownHook] INFO  o.s.i.endpoint.EventDrivenConsumer - Removing {logging-channel-adapter:_org.springframework.integration.errorLogger} as a subscriber to the 'errorChannel' channel
2025-01-14 09:15:14 [SpringApplicationShutdownHook] INFO  o.s.i.c.PublishSubscribeChannel - Channel 'JetinnoTelemetry.errorChannel' has 0 subscriber(s).
2025-01-14 09:15:14 [SpringApplicationShutdownHook] INFO  o.s.i.endpoint.EventDrivenConsumer - stopped bean '_org.springframework.integration.errorLogger'
2025-01-14 09:15:14 [SpringApplicationShutdownHook] INFO  o.s.o.j.LocalContainerEntityManagerFactoryBean - Closing JPA EntityManagerFactory for persistence unit 'default'
2025-01-14 09:15:14 [SpringApplicationShutdownHook] INFO  com.zaxxer.hikari.HikariDataSource - HikariPool-1 - Shutdown initiated...
2025-01-14 09:15:14 [SpringApplicationShutdownHook] INFO  com.zaxxer.hikari.HikariDataSource - HikariPool-1 - Shutdown completed.
2025-01-14 09:16:25 [main] INFO  c.e.telemetry.TelemetryApplication - Starting TelemetryApplication using Java 22.0.1 with PID 7744 (C:\Users\vadim.tissen\IdeaProjects\demo\target\classes started by vadim.tissen in C:\Users\vadim.tissen\IdeaProjects\demo)
2025-01-14 09:16:25 [main] INFO  c.e.telemetry.TelemetryApplication - No active profile set, falling back to 1 default profile: "default"
2025-01-14 09:16:26 [main] INFO  o.s.d.r.c.RepositoryConfigurationDelegate - Bootstrapping Spring Data JPA repositories in DEFAULT mode.
2025-01-14 09:16:26 [main] INFO  o.s.d.r.c.RepositoryConfigurationDelegate - Finished Spring Data repository scanning in 213 ms. Found 6 JPA repository interfaces.
2025-01-14 09:16:27 [main] INFO  o.s.i.c.DefaultConfiguringBeanFactoryPostProcessor - No bean named 'errorChannel' has been explicitly defined. Therefore, a default PublishSubscribeChannel will be created.
2025-01-14 09:16:27 [main] INFO  o.s.i.c.DefaultConfiguringBeanFactoryPostProcessor - No bean named 'integrationHeaderChannelRegistry' has been explicitly defined. Therefore, a default DefaultHeaderChannelRegistry will be created.
2025-01-14 09:16:28 [main] INFO  o.s.b.w.e.tomcat.TomcatWebServer - Tomcat initialized with port 8001 (http)
2025-01-14 09:16:28 [main] INFO  o.a.coyote.http11.Http11NioProtocol - Initializing ProtocolHandler ["http-nio-8001"]
2025-01-14 09:16:28 [main] INFO  o.a.catalina.core.StandardService - Starting service [Tomcat]
2025-01-14 09:16:28 [main] INFO  o.a.catalina.core.StandardEngine - Starting Servlet engine: [Apache Tomcat/10.1.26]
2025-01-14 09:16:28 [main] INFO  o.a.c.c.C.[.[.[/jetinno_api] - Initializing Spring embedded WebApplicationContext
2025-01-14 09:16:28 [main] INFO  o.s.b.w.s.c.ServletWebServerApplicationContext - Root WebApplicationContext: initialization completed in 2567 ms
2025-01-14 09:16:28 [main] INFO  com.zaxxer.hikari.HikariDataSource - HikariPool-1 - Starting...
2025-01-14 09:16:28 [main] INFO  com.zaxxer.hikari.pool.HikariPool - HikariPool-1 - Added connection org.postgresql.jdbc.PgConnection@3120495d
2025-01-14 09:16:28 [main] INFO  com.zaxxer.hikari.HikariDataSource - HikariPool-1 - Start completed.
2025-01-14 09:16:29 [main] INFO  org.flywaydb.core.FlywayExecutor - Database: jdbc:postgresql://localhost:5432/CoffeeTelemetry (PostgreSQL 16.4)
2025-01-14 09:16:29 [main] INFO  o.f.core.internal.command.DbValidate - Successfully validated 4 migrations (execution time 00:00.072s)
2025-01-14 09:16:29 [main] INFO  o.f.core.internal.command.DbMigrate - Current version of schema "public": 3
2025-01-14 09:16:29 [main] INFO  o.f.core.internal.command.DbMigrate - Schema "public" is up to date. No migration necessary.
2025-01-14 09:16:29 [main] INFO  o.h.jpa.internal.util.LogHelper - HHH000204: Processing PersistenceUnitInfo [name: default]
2025-01-14 09:16:29 [main] INFO  org.hibernate.Version - HHH000412: Hibernate ORM core version 6.5.2.Final
2025-01-14 09:16:29 [main] INFO  o.h.c.i.RegionFactoryInitiator - HHH000026: Second-level cache disabled
2025-01-14 09:16:29 [main] WARN  org.hibernate.orm.deprecation - HHH90000025: PostgreSQLDialect does not need to be specified explicitly using 'hibernate.dialect' (remove the property setting and it will be selected by default)
2025-01-14 09:16:30 [main] INFO  o.s.o.j.p.SpringPersistenceUnitInfo - No LoadTimeWeaver setup: ignoring JPA class transformer
2025-01-14 09:16:31 [main] INFO  o.h.e.t.j.p.i.JtaPlatformInitiator - HHH000489: No JTA platform available (set 'hibernate.transaction.jta.platform' to enable JTA platform integration)
2025-01-14 09:16:31 [main] INFO  o.s.o.j.LocalContainerEntityManagerFactoryBean - Initialized JPA EntityManagerFactory for persistence unit 'default'
2025-01-14 09:16:32 [main] INFO  o.s.d.j.r.query.QueryEnhancerFactory - Hibernate is in classpath; If applicable, HQL parser will be used.
2025-01-14 09:16:32 [main] WARN  o.s.b.a.o.j.JpaBaseConfiguration$JpaWebConfiguration - spring.jpa.open-in-view is enabled by default. Therefore, database queries may be performed during view rendering. Explicitly configure spring.jpa.open-in-view to disable this warning
2025-01-14 09:16:32 [main] INFO  o.s.s.c.a.a.c.InitializeUserDetailsBeanManagerConfigurer$InitializeUserDetailsManagerConfigurer - Global AuthenticationManager configured with UserDetailsService bean with name userDetailsService
2025-01-14 09:16:33 [main] INFO  o.s.b.a.w.s.WelcomePageHandlerMapping - Adding welcome page template: index
2025-01-14 09:16:34 [main] INFO  o.s.i.endpoint.EventDrivenConsumer - Adding {logging-channel-adapter:_org.springframework.integration.errorLogger} as a subscriber to the 'errorChannel' channel
2025-01-14 09:16:34 [main] INFO  o.s.i.c.PublishSubscribeChannel - Channel 'JetinnoTelemetry.errorChannel' has 1 subscriber(s).
2025-01-14 09:16:34 [main] INFO  o.s.i.endpoint.EventDrivenConsumer - started bean '_org.springframework.integration.errorLogger'
2025-01-14 09:16:34 [main] INFO  o.a.coyote.http11.Http11NioProtocol - Starting ProtocolHandler ["http-nio-8001"]
2025-01-14 09:16:34 [main] INFO  o.s.b.w.e.tomcat.TomcatWebServer - Tomcat started on port 8001 (http) with context path '/jetinno_api'
2025-01-14 09:16:34 [main] INFO  c.e.telemetry.TelemetryApplication - Started TelemetryApplication in 9.59 seconds (process running for 10.383)
2025-01-14 09:18:09 [Thread-2] INFO  c.e.telemetry.model.MachineInterface - {"status":"clearerror","cmd":"machinestatus","vmc_no":73844}
2025-01-14 09:18:09 [Thread-2] INFO  c.e.telemetry.model.MachineInterface - {"PayType":"free","ProductAmount":0,"ProductId":237,"ProductName":"Macchiato","canisterIds":"","count":0,"isDelete":false,"isok":false,"nameKey":"macchiato","order_no":"202501140913267384434936","order_resend_times":0,"order_uploaded":false,"recipeName":"","timestamp":"20250114091330","cmd":"productdone","vmc_no":73844}
2025-01-14 09:18:09 [Thread-2] INFO  c.e.telemetry.model.MachineInterface - {"status":"supply","supply":{"10284":"100000","10008":"37","9991":"100000","10009":"100000","10006":"35","19991":"100000","10007":"100000"},"time":"20250114091808","cmd":"machinestatus","vmc_no":73844}
2025-01-14 09:22:22 [http-nio-8001-exec-2] INFO  o.a.c.c.C.[.[.[/jetinno_api] - Initializing Spring DispatcherServlet 'dispatcherServlet'
2025-01-14 09:22:22 [http-nio-8001-exec-2] INFO  o.s.web.servlet.DispatcherServlet - Initializing Servlet 'dispatcherServlet'
2025-01-14 09:22:22 [http-nio-8001-exec-2] INFO  o.s.web.servlet.DispatcherServlet - Completed initialization in 2 ms
2025-01-14 09:28:20 [SpringApplicationShutdownHook] INFO  o.s.i.endpoint.EventDrivenConsumer - Removing {logging-channel-adapter:_org.springframework.integration.errorLogger} as a subscriber to the 'errorChannel' channel
2025-01-14 09:28:20 [SpringApplicationShutdownHook] INFO  o.s.i.c.PublishSubscribeChannel - Channel 'JetinnoTelemetry.errorChannel' has 0 subscriber(s).
2025-01-14 09:28:20 [SpringApplicationShutdownHook] INFO  o.s.i.endpoint.EventDrivenConsumer - stopped bean '_org.springframework.integration.errorLogger'
2025-01-14 09:28:20 [SpringApplicationShutdownHook] INFO  o.s.o.j.LocalContainerEntityManagerFactoryBean - Closing JPA EntityManagerFactory for persistence unit 'default'
2025-01-14 09:28:20 [SpringApplicationShutdownHook] INFO  com.zaxxer.hikari.HikariDataSource - HikariPool-1 - Shutdown initiated...
2025-01-14 09:28:20 [SpringApplicationShutdownHook] INFO  com.zaxxer.hikari.HikariDataSource - HikariPool-1 - Shutdown completed.
2025-01-14 09:28:27 [main] INFO  c.e.telemetry.TelemetryApplication - Starting TelemetryApplication using Java 22.0.1 with PID 12948 (C:\Users\vadim.tissen\IdeaProjects\demo\target\classes started by vadim.tissen in C:\Users\vadim.tissen\IdeaProjects\demo)
2025-01-14 09:28:27 [main] INFO  c.e.telemetry.TelemetryApplication - No active profile set, falling back to 1 default profile: "default"
2025-01-14 09:28:28 [main] INFO  o.s.d.r.c.RepositoryConfigurationDelegate - Bootstrapping Spring Data JPA repositories in DEFAULT mode.
2025-01-14 09:28:28 [main] INFO  o.s.d.r.c.RepositoryConfigurationDelegate - Finished Spring Data repository scanning in 187 ms. Found 6 JPA repository interfaces.
2025-01-14 09:28:29 [main] INFO  o.s.i.c.DefaultConfiguringBeanFactoryPostProcessor - No bean named 'errorChannel' has been explicitly defined. Therefore, a default PublishSubscribeChannel will be created.
2025-01-14 09:28:29 [main] INFO  o.s.i.c.DefaultConfiguringBeanFactoryPostProcessor - No bean named 'integrationHeaderChannelRegistry' has been explicitly defined. Therefore, a default DefaultHeaderChannelRegistry will be created.
2025-01-14 09:28:30 [main] INFO  o.s.b.w.e.tomcat.TomcatWebServer - Tomcat initialized with port 8001 (http)
2025-01-14 09:28:30 [main] INFO  o.a.coyote.http11.Http11NioProtocol - Initializing ProtocolHandler ["http-nio-8001"]
2025-01-14 09:28:30 [main] INFO  o.a.catalina.core.StandardService - Starting service [Tomcat]
2025-01-14 09:28:30 [main] INFO  o.a.catalina.core.StandardEngine - Starting Servlet engine: [Apache Tomcat/10.1.26]
2025-01-14 09:28:30 [main] INFO  o.a.c.c.C.[.[.[/jetinno_api] - Initializing Spring embedded WebApplicationContext
2025-01-14 09:28:30 [main] INFO  o.s.b.w.s.c.ServletWebServerApplicationContext - Root WebApplicationContext: initialization completed in 2863 ms
2025-01-14 09:28:30 [main] INFO  com.zaxxer.hikari.HikariDataSource - HikariPool-1 - Starting...
2025-01-14 09:28:31 [main] INFO  com.zaxxer.hikari.pool.HikariPool - HikariPool-1 - Added connection org.postgresql.jdbc.PgConnection@3120495d
2025-01-14 09:28:31 [main] INFO  com.zaxxer.hikari.HikariDataSource - HikariPool-1 - Start completed.
2025-01-14 09:28:31 [main] INFO  org.flywaydb.core.FlywayExecutor - Database: jdbc:postgresql://localhost:5432/CoffeeTelemetry (PostgreSQL 16.4)
2025-01-14 09:28:31 [main] INFO  o.f.core.internal.command.DbValidate - Successfully validated 4 migrations (execution time 00:00.054s)
2025-01-14 09:28:31 [main] INFO  o.f.core.internal.command.DbMigrate - Current version of schema "public": 3
2025-01-14 09:28:31 [main] INFO  o.f.core.internal.command.DbMigrate - Schema "public" is up to date. No migration necessary.
2025-01-14 09:28:31 [main] INFO  o.h.jpa.internal.util.LogHelper - HHH000204: Processing PersistenceUnitInfo [name: default]
2025-01-14 09:28:31 [main] INFO  org.hibernate.Version - HHH000412: Hibernate ORM core version 6.5.2.Final
2025-01-14 09:28:31 [main] INFO  o.h.c.i.RegionFactoryInitiator - HHH000026: Second-level cache disabled
2025-01-14 09:28:32 [main] WARN  org.hibernate.orm.deprecation - HHH90000025: PostgreSQLDialect does not need to be specified explicitly using 'hibernate.dialect' (remove the property setting and it will be selected by default)
2025-01-14 09:28:32 [main] INFO  o.s.o.j.p.SpringPersistenceUnitInfo - No LoadTimeWeaver setup: ignoring JPA class transformer
2025-01-14 09:28:33 [main] INFO  o.h.e.t.j.p.i.JtaPlatformInitiator - HHH000489: No JTA platform available (set 'hibernate.transaction.jta.platform' to enable JTA platform integration)
2025-01-14 09:28:33 [main] INFO  o.s.o.j.LocalContainerEntityManagerFactoryBean - Initialized JPA EntityManagerFactory for persistence unit 'default'
2025-01-14 09:28:34 [main] INFO  o.s.d.j.r.query.QueryEnhancerFactory - Hibernate is in classpath; If applicable, HQL parser will be used.
2025-01-14 09:28:34 [main] WARN  o.s.b.w.s.c.AnnotationConfigServletWebServerApplicationContext - Exception encountered during context initialization - cancelling refresh attempt: org.springframework.beans.factory.UnsatisfiedDependencyException: Error creating bean with name 'machineController' defined in file [C:\Users\vadim.tissen\IdeaProjects\demo\target\classes\com\example\telemetry\controller\MachineController.class]: Unsatisfied dependency expressed through constructor parameter 0: Error creating bean with name 'requestGenerator' defined in file [C:\Users\vadim.tissen\IdeaProjects\demo\target\classes\com\example\telemetry\generator\RequestGenerator.class]: Unsatisfied dependency expressed through constructor parameter 4: Error creating bean with name 'uploadHandler': Injection of autowired dependencies failed
2025-01-14 09:28:34 [main] INFO  o.s.o.j.LocalContainerEntityManagerFactoryBean - Closing JPA EntityManagerFactory for persistence unit 'default'
2025-01-14 09:28:34 [main] INFO  com.zaxxer.hikari.HikariDataSource - HikariPool-1 - Shutdown initiated...
2025-01-14 09:28:34 [main] INFO  com.zaxxer.hikari.HikariDataSource - HikariPool-1 - Shutdown completed.
2025-01-14 09:28:34 [main] INFO  o.a.catalina.core.StandardService - Stopping service [Tomcat]
2025-01-14 09:28:34 [main] INFO  o.s.b.a.l.ConditionEvaluationReportLogger - 

Error starting ApplicationContext. To display the condition evaluation report re-run your application with 'debug' enabled.
2025-01-14 09:28:34 [main] ERROR o.s.boot.SpringApplication - Application run failed
org.springframework.beans.factory.UnsatisfiedDependencyException: Error creating bean with name 'machineController' defined in file [C:\Users\vadim.tissen\IdeaProjects\demo\target\classes\com\example\telemetry\controller\MachineController.class]: Unsatisfied dependency expressed through constructor parameter 0: Error creating bean with name 'requestGenerator' defined in file [C:\Users\vadim.tissen\IdeaProjects\demo\target\classes\com\example\telemetry\generator\RequestGenerator.class]: Unsatisfied dependency expressed through constructor parameter 4: Error creating bean with name 'uploadHandler': Injection of autowired dependencies failed
	at org.springframework.beans.factory.support.ConstructorResolver.createArgumentArray(ConstructorResolver.java:795)
	at org.springframework.beans.factory.support.ConstructorResolver.autowireConstructor(ConstructorResolver.java:237)
	at org.springframework.beans.factory.support.AbstractAutowireCapableBeanFactory.autowireConstructor(AbstractAutowireCapableBeanFactory.java:1375)
	at org.springframework.beans.factory.support.AbstractAutowireCapableBeanFactory.createBeanInstance(AbstractAutowireCapableBeanFactory.java:1212)
	at org.springframework.beans.factory.support.AbstractAutowireCapableBeanFactory.doCreateBean(AbstractAutowireCapableBeanFactory.java:562)
	at org.springframework.beans.factory.support.AbstractAutowireCapableBeanFactory.createBean(AbstractAutowireCapableBeanFactory.java:522)
	at org.springframework.beans.factory.support.AbstractBeanFactory.lambda$doGetBean$0(AbstractBeanFactory.java:337)
	at org.springframework.beans.factory.support.DefaultSingletonBeanRegistry.getSingleton(DefaultSingletonBeanRegistry.java:234)
	at org.springframework.beans.factory.support.AbstractBeanFactory.doGetBean(AbstractBeanFactory.java:335)
	at org.springframework.beans.factory.support.AbstractBeanFactory.getBean(AbstractBeanFactory.java:200)
	at org.springframework.beans.factory.support.DefaultListableBeanFactory.preInstantiateSingletons(DefaultListableBeanFactory.java:975)
	at org.springframework.context.support.AbstractApplicationContext.finishBeanFactoryInitialization(AbstractApplicationContext.java:971)
	at org.springframework.context.support.AbstractApplicationContext.refresh(AbstractApplicationContext.java:625)
	at org.springframework.boot.web.servlet.context.ServletWebServerApplicationContext.refresh(ServletWebServerApplicationContext.java:146)
	at org.springframework.boot.SpringApplication.refresh(SpringApplication.java:754)
	at org.springframework.boot.SpringApplication.refreshContext(SpringApplication.java:456)
	at org.springframework.boot.SpringApplication.run(SpringApplication.java:335)
	at org.springframework.boot.SpringApplication.run(SpringApplication.java:1363)
	at org.springframework.boot.SpringApplication.run(SpringApplication.java:1352)
	at com.example.telemetry.TelemetryApplication.main(TelemetryApplication.java:10)
Caused by: org.springframework.beans.factory.UnsatisfiedDependencyException: Error creating bean with name 'requestGenerator' defined in file [C:\Users\vadim.tissen\IdeaProjects\demo\target\classes\com\example\telemetry\generator\RequestGenerator.class]: Unsatisfied dependency expressed through constructor parameter 4: Error creating bean with name 'uploadHandler': Injection of autowired dependencies failed
	at org.springframework.beans.factory.support.ConstructorResolver.createArgumentArray(ConstructorResolver.java:795)
	at org.springframework.beans.factory.support.ConstructorResolver.autowireConstructor(ConstructorResolver.java:237)
	at org.springframework.beans.factory.support.AbstractAutowireCapableBeanFactory.autowireConstructor(AbstractAutowireCapableBeanFactory.java:1375)
	at org.springframework.beans.factory.support.AbstractAutowireCapableBeanFactory.createBeanInstance(AbstractAutowireCapableBeanFactory.java:1212)
	at org.springframework.beans.factory.support.AbstractAutowireCapableBeanFactory.doCreateBean(AbstractAutowireCapableBeanFactory.java:562)
	at org.springframework.beans.factory.support.AbstractAutowireCapableBeanFactory.createBean(AbstractAutowireCapableBeanFactory.java:522)
	at org.springframework.beans.factory.support.AbstractBeanFactory.lambda$doGetBean$0(AbstractBeanFactory.java:337)
	at org.springframework.beans.factory.support.DefaultSingletonBeanRegistry.getSingleton(DefaultSingletonBeanRegistry.java:234)
	at org.springframework.beans.factory.support.AbstractBeanFactory.doGetBean(AbstractBeanFactory.java:335)
	at org.springframework.beans.factory.support.AbstractBeanFactory.getBean(AbstractBeanFactory.java:200)
	at org.springframework.beans.factory.config.DependencyDescriptor.resolveCandidate(DependencyDescriptor.java:254)
	at org.springframework.beans.factory.support.DefaultListableBeanFactory.doResolveDependency(DefaultListableBeanFactory.java:1443)
	at org.springframework.beans.factory.support.DefaultListableBeanFactory.resolveDependency(DefaultListableBeanFactory.java:1353)
	at org.springframework.beans.factory.support.ConstructorResolver.resolveAutowiredArgument(ConstructorResolver.java:904)
	at org.springframework.beans.factory.support.ConstructorResolver.createArgumentArray(ConstructorResolver.java:782)
	... 19 common frames omitted
Caused by: org.springframework.beans.factory.BeanCreationException: Error creating bean with name 'uploadHandler': Injection of autowired dependencies failed
	at org.springframework.beans.factory.annotation.AutowiredAnnotationBeanPostProcessor.postProcessProperties(AutowiredAnnotationBeanPostProcessor.java:514)
	at org.springframework.beans.factory.support.AbstractAutowireCapableBeanFactory.populateBean(AbstractAutowireCapableBeanFactory.java:1439)
	at org.springframework.beans.factory.support.AbstractAutowireCapableBeanFactory.doCreateBean(AbstractAutowireCapableBeanFactory.java:599)
	at org.springframework.beans.factory.support.AbstractAutowireCapableBeanFactory.createBean(AbstractAutowireCapableBeanFactory.java:522)
	at org.springframework.beans.factory.support.AbstractBeanFactory.lambda$doGetBean$0(AbstractBeanFactory.java:337)
	at org.springframework.beans.factory.support.DefaultSingletonBeanRegistry.getSingleton(DefaultSingletonBeanRegistry.java:234)
	at org.springframework.beans.factory.support.AbstractBeanFactory.doGetBean(AbstractBeanFactory.java:335)
	at org.springframework.beans.factory.support.AbstractBeanFactory.getBean(AbstractBeanFactory.java:200)
	at org.springframework.beans.factory.config.DependencyDescriptor.resolveCandidate(DependencyDescriptor.java:254)
	at org.springframework.beans.factory.support.DefaultListableBeanFactory.doResolveDependency(DefaultListableBeanFactory.java:1443)
	at org.springframework.beans.factory.support.DefaultListableBeanFactory.resolveDependency(DefaultListableBeanFactory.java:1353)
	at org.springframework.beans.factory.support.ConstructorResolver.resolveAutowiredArgument(ConstructorResolver.java:904)
	at org.springframework.beans.factory.support.ConstructorResolver.createArgumentArray(ConstructorResolver.java:782)
	... 33 common frames omitted
Caused by: java.lang.IllegalArgumentException: Could not resolve placeholder 'dirForUp`loadRecipe' in value "${dirForUp`loadRecipe}"
	at org.springframework.util.PropertyPlaceholderHelper.parseStringValue(PropertyPlaceholderHelper.java:180)
	at org.springframework.util.PropertyPlaceholderHelper.replacePlaceholders(PropertyPlaceholderHelper.java:126)
	at org.springframework.core.env.AbstractPropertyResolver.doResolvePlaceholders(AbstractPropertyResolver.java:239)
	at org.springframework.core.env.AbstractPropertyResolver.resolveRequiredPlaceholders(AbstractPropertyResolver.java:210)
	at org.springframework.context.support.PropertySourcesPlaceholderConfigurer.lambda$processProperties$0(PropertySourcesPlaceholderConfigurer.java:200)
	at org.springframework.beans.factory.support.AbstractBeanFactory.resolveEmbeddedValue(AbstractBeanFactory.java:964)
	at org.springframework.beans.factory.support.DefaultListableBeanFactory.doResolveDependency(DefaultListableBeanFactory.java:1374)
	at org.springframework.beans.factory.support.DefaultListableBeanFactory.resolveDependency(DefaultListableBeanFactory.java:1353)
	at org.springframework.beans.factory.annotation.AutowiredAnnotationBeanPostProcessor$AutowiredFieldElement.resolveFieldValue(AutowiredAnnotationBeanPostProcessor.java:784)
	at org.springframework.beans.factory.annotation.AutowiredAnnotationBeanPostProcessor$AutowiredFieldElement.inject(AutowiredAnnotationBeanPostProcessor.java:767)
	at org.springframework.beans.factory.annotation.InjectionMetadata.inject(InjectionMetadata.java:145)
	at org.springframework.beans.factory.annotation.AutowiredAnnotationBeanPostProcessor.postProcessProperties(AutowiredAnnotationBeanPostProcessor.java:508)
	... 45 common frames omitted
2025-01-14 09:29:00 [main] INFO  c.e.telemetry.TelemetryApplication - Starting TelemetryApplication using Java 22.0.1 with PID 8936 (C:\Users\vadim.tissen\IdeaProjects\demo\target\classes started by vadim.tissen in C:\Users\vadim.tissen\IdeaProjects\demo)
2025-01-14 09:29:00 [main] INFO  c.e.telemetry.TelemetryApplication - No active profile set, falling back to 1 default profile: "default"
2025-01-14 09:29:01 [main] INFO  o.s.d.r.c.RepositoryConfigurationDelegate - Bootstrapping Spring Data JPA repositories in DEFAULT mode.
2025-01-14 09:29:02 [main] INFO  o.s.d.r.c.RepositoryConfigurationDelegate - Finished Spring Data repository scanning in 261 ms. Found 6 JPA repository interfaces.
2025-01-14 09:29:02 [main] INFO  o.s.i.c.DefaultConfiguringBeanFactoryPostProcessor - No bean named 'errorChannel' has been explicitly defined. Therefore, a default PublishSubscribeChannel will be created.
2025-01-14 09:29:02 [main] INFO  o.s.i.c.DefaultConfiguringBeanFactoryPostProcessor - No bean named 'integrationHeaderChannelRegistry' has been explicitly defined. Therefore, a default DefaultHeaderChannelRegistry will be created.
2025-01-14 09:29:03 [main] INFO  o.s.b.w.e.tomcat.TomcatWebServer - Tomcat initialized with port 8001 (http)
2025-01-14 09:29:03 [main] INFO  o.a.coyote.http11.Http11NioProtocol - Initializing ProtocolHandler ["http-nio-8001"]
2025-01-14 09:29:03 [main] INFO  o.a.catalina.core.StandardService - Starting service [Tomcat]
2025-01-14 09:29:03 [main] INFO  o.a.catalina.core.StandardEngine - Starting Servlet engine: [Apache Tomcat/10.1.26]
2025-01-14 09:29:03 [main] INFO  o.a.c.c.C.[.[.[/jetinno_api] - Initializing Spring embedded WebApplicationContext
2025-01-14 09:29:03 [main] INFO  o.s.b.w.s.c.ServletWebServerApplicationContext - Root WebApplicationContext: initialization completed in 2946 ms
2025-01-14 09:29:04 [main] INFO  com.zaxxer.hikari.HikariDataSource - HikariPool-1 - Starting...
2025-01-14 09:29:04 [main] INFO  com.zaxxer.hikari.pool.HikariPool - HikariPool-1 - Added connection org.postgresql.jdbc.PgConnection@3120495d
2025-01-14 09:29:04 [main] INFO  com.zaxxer.hikari.HikariDataSource - HikariPool-1 - Start completed.
2025-01-14 09:29:04 [main] INFO  org.flywaydb.core.FlywayExecutor - Database: jdbc:postgresql://localhost:5432/CoffeeTelemetry (PostgreSQL 16.4)
2025-01-14 09:29:04 [main] INFO  o.f.core.internal.command.DbValidate - Successfully validated 4 migrations (execution time 00:00.057s)
2025-01-14 09:29:04 [main] INFO  o.f.core.internal.command.DbMigrate - Current version of schema "public": 3
2025-01-14 09:29:04 [main] INFO  o.f.core.internal.command.DbMigrate - Schema "public" is up to date. No migration necessary.
2025-01-14 09:29:04 [main] INFO  o.h.jpa.internal.util.LogHelper - HHH000204: Processing PersistenceUnitInfo [name: default]
2025-01-14 09:29:04 [main] INFO  org.hibernate.Version - HHH000412: Hibernate ORM core version 6.5.2.Final
2025-01-14 09:29:04 [main] INFO  o.h.c.i.RegionFactoryInitiator - HHH000026: Second-level cache disabled
2025-01-14 09:29:05 [main] WARN  org.hibernate.orm.deprecation - HHH90000025: PostgreSQLDialect does not need to be specified explicitly using 'hibernate.dialect' (remove the property setting and it will be selected by default)
2025-01-14 09:29:05 [main] INFO  o.s.o.j.p.SpringPersistenceUnitInfo - No LoadTimeWeaver setup: ignoring JPA class transformer
2025-01-14 09:29:07 [main] INFO  o.h.e.t.j.p.i.JtaPlatformInitiator - HHH000489: No JTA platform available (set 'hibernate.transaction.jta.platform' to enable JTA platform integration)
2025-01-14 09:29:07 [main] INFO  o.s.o.j.LocalContainerEntityManagerFactoryBean - Initialized JPA EntityManagerFactory for persistence unit 'default'
2025-01-14 09:29:07 [main] INFO  o.s.d.j.r.query.QueryEnhancerFactory - Hibernate is in classpath; If applicable, HQL parser will be used.
2025-01-14 09:29:08 [main] WARN  o.s.b.a.o.j.JpaBaseConfiguration$JpaWebConfiguration - spring.jpa.open-in-view is enabled by default. Therefore, database queries may be performed during view rendering. Explicitly configure spring.jpa.open-in-view to disable this warning
2025-01-14 09:29:08 [main] INFO  o.s.s.c.a.a.c.InitializeUserDetailsBeanManagerConfigurer$InitializeUserDetailsManagerConfigurer - Global AuthenticationManager configured with UserDetailsService bean with name userDetailsService
2025-01-14 09:29:09 [main] INFO  o.s.b.a.w.s.WelcomePageHandlerMapping - Adding welcome page template: index
2025-01-14 09:29:10 [main] INFO  o.s.i.endpoint.EventDrivenConsumer - Adding {logging-channel-adapter:_org.springframework.integration.errorLogger} as a subscriber to the 'errorChannel' channel
2025-01-14 09:29:10 [main] INFO  o.s.i.c.PublishSubscribeChannel - Channel 'JetinnoTelemetry.errorChannel' has 1 subscriber(s).
2025-01-14 09:29:10 [main] INFO  o.s.i.endpoint.EventDrivenConsumer - started bean '_org.springframework.integration.errorLogger'
2025-01-14 09:29:10 [main] INFO  o.a.coyote.http11.Http11NioProtocol - Starting ProtocolHandler ["http-nio-8001"]
2025-01-14 09:29:10 [main] INFO  o.s.b.w.e.tomcat.TomcatWebServer - Tomcat started on port 8001 (http) with context path '/jetinno_api'
2025-01-14 09:29:10 [main] INFO  c.e.telemetry.TelemetryApplication - Started TelemetryApplication in 10.824 seconds (process running for 11.519)
2025-01-14 09:31:01 [Thread-2] INFO  c.e.telemetry.model.MachineInterface - {"status":"clearerror","cmd":"machinestatus","vmc_no":73844}
2025-01-14 09:31:01 [Thread-2] INFO  c.e.telemetry.model.MachineInterface - {"status":"supply","supply":{"10284":"100000","10008":"37","9991":"100000","10009":"100000","10006":"35","19991":"100000","10007":"100000"},"time":"20250114093100","cmd":"machinestatus","vmc_no":73844}
2025-01-14 09:31:01 [Thread-2] INFO  c.e.telemetry.model.MachineInterface - {"status":"doorclose","cmd":"machinestatus","vmc_no":73844}
2025-01-14 09:32:26 [http-nio-8001-exec-1] INFO  o.a.c.c.C.[.[.[/jetinno_api] - Initializing Spring DispatcherServlet 'dispatcherServlet'
2025-01-14 09:32:26 [http-nio-8001-exec-1] INFO  o.s.web.servlet.DispatcherServlet - Initializing Servlet 'dispatcherServlet'
2025-01-14 09:32:26 [http-nio-8001-exec-1] INFO  o.s.web.servlet.DispatcherServlet - Completed initialization in 2 ms
2025-01-14 09:35:15 [SpringApplicationShutdownHook] INFO  o.s.i.endpoint.EventDrivenConsumer - Removing {logging-channel-adapter:_org.springframework.integration.errorLogger} as a subscriber to the 'errorChannel' channel
2025-01-14 09:35:15 [SpringApplicationShutdownHook] INFO  o.s.i.c.PublishSubscribeChannel - Channel 'JetinnoTelemetry.errorChannel' has 0 subscriber(s).
2025-01-14 09:35:15 [SpringApplicationShutdownHook] INFO  o.s.i.endpoint.EventDrivenConsumer - stopped bean '_org.springframework.integration.errorLogger'
2025-01-14 09:35:15 [SpringApplicationShutdownHook] INFO  o.s.o.j.LocalContainerEntityManagerFactoryBean - Closing JPA EntityManagerFactory for persistence unit 'default'
2025-01-14 09:35:15 [SpringApplicationShutdownHook] INFO  com.zaxxer.hikari.HikariDataSource - HikariPool-1 - Shutdown initiated...
2025-01-14 09:35:15 [SpringApplicationShutdownHook] INFO  com.zaxxer.hikari.HikariDataSource - HikariPool-1 - Shutdown completed.
2025-01-14 10:44:25 [main] INFO  c.e.telemetry.TelemetryApplication - Starting TelemetryApplication using Java 22.0.1 with PID 11144 (C:\Users\vadim.tissen\IdeaProjects\demo\target\classes started by vadim.tissen in C:\Users\vadim.tissen\IdeaProjects\demo)
2025-01-14 10:44:25 [main] INFO  c.e.telemetry.TelemetryApplication - No active profile set, falling back to 1 default profile: "default"
2025-01-14 10:44:27 [main] INFO  o.s.d.r.c.RepositoryConfigurationDelegate - Bootstrapping Spring Data JPA repositories in DEFAULT mode.
2025-01-14 10:44:27 [main] INFO  o.s.d.r.c.RepositoryConfigurationDelegate - Finished Spring Data repository scanning in 231 ms. Found 6 JPA repository interfaces.
2025-01-14 10:44:27 [main] INFO  o.s.i.c.DefaultConfiguringBeanFactoryPostProcessor - No bean named 'errorChannel' has been explicitly defined. Therefore, a default PublishSubscribeChannel will be created.
2025-01-14 10:44:27 [main] INFO  o.s.i.c.DefaultConfiguringBeanFactoryPostProcessor - No bean named 'integrationHeaderChannelRegistry' has been explicitly defined. Therefore, a default DefaultHeaderChannelRegistry will be created.
2025-01-14 10:44:28 [main] INFO  o.s.b.w.e.tomcat.TomcatWebServer - Tomcat initialized with port 8001 (http)
2025-01-14 10:44:28 [main] INFO  o.a.coyote.http11.Http11NioProtocol - Initializing ProtocolHandler ["http-nio-8001"]
2025-01-14 10:44:28 [main] INFO  o.a.catalina.core.StandardService - Starting service [Tomcat]
2025-01-14 10:44:28 [main] INFO  o.a.catalina.core.StandardEngine - Starting Servlet engine: [Apache Tomcat/10.1.26]
2025-01-14 10:44:28 [main] INFO  o.a.c.c.C.[.[.[/jetinno_api] - Initializing Spring embedded WebApplicationContext
2025-01-14 10:44:28 [main] INFO  o.s.b.w.s.c.ServletWebServerApplicationContext - Root WebApplicationContext: initialization completed in 2838 ms
2025-01-14 10:44:29 [main] INFO  com.zaxxer.hikari.HikariDataSource - HikariPool-1 - Starting...
2025-01-14 10:44:29 [main] INFO  com.zaxxer.hikari.pool.HikariPool - HikariPool-1 - Added connection org.postgresql.jdbc.PgConnection@439d545c
2025-01-14 10:44:29 [main] INFO  com.zaxxer.hikari.HikariDataSource - HikariPool-1 - Start completed.
2025-01-14 10:44:29 [main] INFO  org.flywaydb.core.FlywayExecutor - Database: jdbc:postgresql://localhost:5432/CoffeeTelemetry (PostgreSQL 16.4)
2025-01-14 10:44:29 [main] INFO  o.f.core.internal.command.DbValidate - Successfully validated 4 migrations (execution time 00:00.054s)
2025-01-14 10:44:29 [main] INFO  o.f.core.internal.command.DbMigrate - Current version of schema "public": 3
2025-01-14 10:44:29 [main] INFO  o.f.core.internal.command.DbMigrate - Schema "public" is up to date. No migration necessary.
2025-01-14 10:44:29 [main] INFO  o.h.jpa.internal.util.LogHelper - HHH000204: Processing PersistenceUnitInfo [name: default]
2025-01-14 10:44:29 [main] INFO  org.hibernate.Version - HHH000412: Hibernate ORM core version 6.5.2.Final
2025-01-14 10:44:30 [main] INFO  o.h.c.i.RegionFactoryInitiator - HHH000026: Second-level cache disabled
2025-01-14 10:44:30 [main] WARN  org.hibernate.orm.deprecation - HHH90000025: PostgreSQLDialect does not need to be specified explicitly using 'hibernate.dialect' (remove the property setting and it will be selected by default)
2025-01-14 10:44:30 [main] INFO  o.s.o.j.p.SpringPersistenceUnitInfo - No LoadTimeWeaver setup: ignoring JPA class transformer
2025-01-14 10:44:31 [main] INFO  o.h.e.t.j.p.i.JtaPlatformInitiator - HHH000489: No JTA platform available (set 'hibernate.transaction.jta.platform' to enable JTA platform integration)
2025-01-14 10:44:31 [main] INFO  o.s.o.j.LocalContainerEntityManagerFactoryBean - Initialized JPA EntityManagerFactory for persistence unit 'default'
2025-01-14 10:44:32 [main] INFO  o.s.d.j.r.query.QueryEnhancerFactory - Hibernate is in classpath; If applicable, HQL parser will be used.
2025-01-14 10:44:33 [main] WARN  o.s.b.a.o.j.JpaBaseConfiguration$JpaWebConfiguration - spring.jpa.open-in-view is enabled by default. Therefore, database queries may be performed during view rendering. Explicitly configure spring.jpa.open-in-view to disable this warning
2025-01-14 10:44:34 [main] INFO  o.s.s.c.a.a.c.InitializeUserDetailsBeanManagerConfigurer$InitializeUserDetailsManagerConfigurer - Global AuthenticationManager configured with UserDetailsService bean with name userDetailsService
2025-01-14 10:44:34 [main] INFO  o.s.b.a.w.s.WelcomePageHandlerMapping - Adding welcome page template: index
2025-01-14 10:44:36 [main] INFO  o.s.i.endpoint.EventDrivenConsumer - Adding {logging-channel-adapter:_org.springframework.integration.errorLogger} as a subscriber to the 'errorChannel' channel
2025-01-14 10:44:36 [main] INFO  o.s.i.c.PublishSubscribeChannel - Channel 'JetinnoTelemetry.errorChannel' has 1 subscriber(s).
2025-01-14 10:44:36 [main] INFO  o.s.i.endpoint.EventDrivenConsumer - started bean '_org.springframework.integration.errorLogger'
2025-01-14 10:44:36 [main] INFO  o.a.coyote.http11.Http11NioProtocol - Starting ProtocolHandler ["http-nio-8001"]
2025-01-14 10:44:36 [main] INFO  o.s.b.w.e.tomcat.TomcatWebServer - Tomcat started on port 8001 (http) with context path '/jetinno_api'
2025-01-14 10:44:36 [main] INFO  c.e.telemetry.TelemetryApplication - Started TelemetryApplication in 11.463 seconds (process running for 12.107)
2025-01-14 10:46:20 [Thread-2] INFO  c.e.telemetry.model.MachineInterface - {"status":"clearerror","cmd":"machinestatus","vmc_no":73844}
2025-01-14 10:46:21 [Thread-2] INFO  c.e.telemetry.model.MachineInterface - {"status":"supply","supply":{"10284":"100000","10008":"37","9991":"100000","10009":"100000","10006":"35","19991":"100000","10007":"100000"},"time":"20250114104619","cmd":"machinestatus","vmc_no":73844}
2025-01-14 10:46:21 [Thread-2] INFO  c.e.telemetry.model.MachineInterface - {"status":"doorclose","cmd":"machinestatus","vmc_no":73844}
2025-01-14 10:53:55 [Thread-2] INFO  c.e.telemetry.model.MachineInterface - {"status":"supply","supply":{"10284":"100000","10008":"37","9991":"100000","10009":"100000","10006":"35","19991":"100000","10007":"100000"},"time":"20250114105353","cmd":"machinestatus","vmc_no":73844}
2025-01-14 10:53:55 [Thread-2] INFO  c.e.telemetry.model.MachineInterface - {"status":"doorclose","cmd":"machinestatus","vmc_no":73844}
2025-01-14 10:54:50 [Thread-2] INFO  c.e.telemetry.model.MachineInterface - {"PayType":"free","ProductAmount":0,"ProductId":105,"ProductName":"Americano","canisterIds":"170,0","count":0,"isDelete":false,"isok":true,"nameKey":"american_style_coffee","order_no":"202501141053477384497048","order_resend_times":0,"order_uploaded":false,"recipeName":"Americano","timestamp":"20250114105448","cmd":"productdone","vmc_no":73844}
2025-01-14 11:11:21 [Thread-2] INFO  c.e.telemetry.model.MachineInterface - {"PayType":"free","ProductAmount":0,"ProductId":204,"ProductName":"Long Coffee","canisterIds":"","count":0,"isDelete":false,"isok":true,"nameKey":"long_coffee","order_no":"202412200942157384487334","order_resend_times":57,"order_uploaded":false,"recipeName":"","timestamp":"20241220094431","cmd":"productdone","vmc_no":73844}
2025-01-14 11:11:46 [Thread-2] INFO  c.e.telemetry.model.MachineInterface - {"PayType":"free","ProductAmount":0,"ProductId":243,"ProductName":"Coffee Latte","canisterIds":"","count":0,"isDelete":false,"isok":true,"nameKey":"caffe_latte","order_no":"202501140646567384499866","order_resend_times":4,"order_uploaded":false,"recipeName":"","timestamp":"20250114064757","cmd":"productdone","vmc_no":73844}
2025-01-14 11:12:11 [Thread-2] INFO  c.e.telemetry.model.MachineInterface - {"PayType":"free","ProductAmount":0,"ProductId":551,"ProductName":"Milk Foam","canisterIds":"","count":0,"isDelete":false,"isok":false,"nameKey":"milk_foam","order_no":"202501140649327384418659","order_resend_times":4,"order_uploaded":false,"recipeName":"","timestamp":"20250114064953","cmd":"productdone","vmc_no":73844}
2025-01-14 11:12:36 [Thread-2] INFO  c.e.telemetry.model.MachineInterface - {"PayType":"free","ProductAmount":0,"ProductId":105,"ProductName":"Americano","canisterIds":"","count":0,"isDelete":false,"isok":true,"nameKey":"american_style_coffee","order_no":"202501140740577384490626","order_resend_times":4,"order_uploaded":false,"recipeName":"","timestamp":"20250114074149","cmd":"productdone","vmc_no":73844}
2025-01-14 11:13:01 [Thread-2] INFO  c.e.telemetry.model.MachineInterface - {"PayType":"free","ProductAmount":0,"ProductId":827,"ProductName":"2 Cappuccino","canisterIds":"","count":0,"isDelete":false,"isok":true,"nameKey":"cappuccino_2","order_no":"202501140752467384474075","order_resend_times":4,"order_uploaded":false,"recipeName":"","timestamp":"20250114075409","cmd":"productdone","vmc_no":73844}
2025-01-14 11:13:46 [Thread-2] INFO  c.e.telemetry.model.MachineInterface - {"PayType":"free","ProductAmount":0,"ProductId":101,"ProductName":"Cappuccino","canisterIds":"170,226","count":0,"isDelete":false,"isok":true,"nameKey":"cappuccino","order_no":"202501141112407384447505","order_resend_times":0,"order_uploaded":false,"recipeName":"Cappuccino","timestamp":"20250114111344","cmd":"productdone","vmc_no":73844}
2025-01-14 11:37:08 [Thread-2] INFO  c.e.telemetry.model.MachineInterface - {"PayType":"free","ProductAmount":0,"ProductId":101,"ProductName":"Cappuccino","canisterIds":"170,226","count":0,"isDelete":false,"isok":true,"nameKey":"cappuccino","order_no":"202501141135597384453926","order_resend_times":0,"order_uploaded":false,"recipeName":"Cappuccino","timestamp":"20250114113707","cmd":"productdone","vmc_no":73844}
2025-01-14 11:49:08 [Thread-2] INFO  c.e.telemetry.model.MachineInterface - {"PayType":"free","ProductAmount":0,"ProductId":178,"ProductName":"2 Long Coffee","canisterIds":"170","count":0,"isDelete":false,"isok":true,"nameKey":"long_coffee_2","order_no":"202501141148057384461034","order_resend_times":0,"order_uploaded":false,"recipeName":"2 Long Coffee","timestamp":"20250114114907","cmd":"productdone","vmc_no":73844}
2025-01-14 12:27:00 [Thread-2] INFO  c.e.telemetry.model.MachineInterface - {"PayType":"free","ProductAmount":0,"ProductId":105,"ProductName":"Americano","canisterIds":"170,0","count":0,"isDelete":false,"isok":true,"nameKey":"american_style_coffee","order_no":"202501141226057384467163","order_resend_times":0,"order_uploaded":false,"recipeName":"Americano","timestamp":"20250114122658","cmd":"productdone","vmc_no":73844}
2025-01-14 12:31:20 [Thread-2] INFO  c.e.telemetry.model.MachineInterface - {"status":"supply","supply":{"10284":"100000","10008":"37","9991":"100000","10009":"100000","10006":"35","19991":"100000","10007":"100000"},"time":"20250114123119","cmd":"machinestatus","vmc_no":73844}
2025-01-14 12:31:20 [Thread-2] INFO  c.e.telemetry.model.MachineInterface - {"status":"doorclose","cmd":"machinestatus","vmc_no":73844}
2025-01-14 12:32:40 [Thread-2] INFO  c.e.telemetry.model.MachineInterface - {"PayType":"free","ProductAmount":0,"ProductId":827,"ProductName":"2 Cappuccino","canisterIds":"170,225,226","count":0,"isDelete":false,"isok":true,"nameKey":"cappuccino_2","order_no":"202501141231167384486937","order_resend_times":0,"order_uploaded":false,"recipeName":"2 Cappuccino","timestamp":"20250114123238","cmd":"productdone","vmc_no":73844}
2025-01-14 12:35:37 [Thread-2] INFO  c.e.telemetry.model.MachineInterface - {"PayType":"free","ProductAmount":0,"ProductId":237,"ProductName":"Macchiato","canisterIds":"225,226,170","count":0,"isDelete":false,"isok":true,"nameKey":"macchiato","order_no":"202501141234207384410075","order_resend_times":0,"order_uploaded":false,"recipeName":"Macchiato","timestamp":"20250114123536","cmd":"productdone","vmc_no":73844}
2025-01-14 13:42:43 [SpringApplicationShutdownHook] INFO  o.s.i.endpoint.EventDrivenConsumer - Removing {logging-channel-adapter:_org.springframework.integration.errorLogger} as a subscriber to the 'errorChannel' channel
2025-01-14 13:42:43 [SpringApplicationShutdownHook] INFO  o.s.i.c.PublishSubscribeChannel - Channel 'JetinnoTelemetry.errorChannel' has 0 subscriber(s).
2025-01-14 13:42:43 [SpringApplicationShutdownHook] INFO  o.s.i.endpoint.EventDrivenConsumer - stopped bean '_org.springframework.integration.errorLogger'
2025-01-14 13:42:43 [SpringApplicationShutdownHook] INFO  o.s.o.j.LocalContainerEntityManagerFactoryBean - Closing JPA EntityManagerFactory for persistence unit 'default'
2025-01-14 13:42:43 [SpringApplicationShutdownHook] INFO  com.zaxxer.hikari.HikariDataSource - HikariPool-1 - Shutdown initiated...
2025-01-14 13:42:43 [SpringApplicationShutdownHook] INFO  com.zaxxer.hikari.HikariDataSource - HikariPool-1 - Shutdown completed.
2025-01-14 13:59:13 [main] INFO  c.e.telemetry.TelemetryApplication - Starting TelemetryApplication using Java 22.0.1 with PID 2424 (C:\Users\vadim.tissen\IdeaProjects\demo\target\classes started by vadim.tissen in C:\Users\vadim.tissen\IdeaProjects\demo)
2025-01-14 13:59:13 [main] INFO  c.e.telemetry.TelemetryApplication - No active profile set, falling back to 1 default profile: "default"
2025-01-14 13:59:15 [main] INFO  o.s.d.r.c.RepositoryConfigurationDelegate - Bootstrapping Spring Data JPA repositories in DEFAULT mode.
2025-01-14 13:59:15 [main] INFO  o.s.d.r.c.RepositoryConfigurationDelegate - Finished Spring Data repository scanning in 225 ms. Found 6 JPA repository interfaces.
2025-01-14 13:59:15 [main] INFO  o.s.i.c.DefaultConfiguringBeanFactoryPostProcessor - No bean named 'errorChannel' has been explicitly defined. Therefore, a default PublishSubscribeChannel will be created.
2025-01-14 13:59:15 [main] INFO  o.s.i.c.DefaultConfiguringBeanFactoryPostProcessor - No bean named 'integrationHeaderChannelRegistry' has been explicitly defined. Therefore, a default DefaultHeaderChannelRegistry will be created.
2025-01-14 13:59:16 [main] INFO  o.s.b.w.e.tomcat.TomcatWebServer - Tomcat initialized with port 8001 (http)
2025-01-14 13:59:16 [main] INFO  o.a.coyote.http11.Http11NioProtocol - Initializing ProtocolHandler ["http-nio-8001"]
2025-01-14 13:59:16 [main] INFO  o.a.catalina.core.StandardService - Starting service [Tomcat]
2025-01-14 13:59:16 [main] INFO  o.a.catalina.core.StandardEngine - Starting Servlet engine: [Apache Tomcat/10.1.26]
2025-01-14 13:59:16 [main] INFO  o.a.c.c.C.[.[.[/jetinno_api] - Initializing Spring embedded WebApplicationContext
2025-01-14 13:59:16 [main] INFO  o.s.b.w.s.c.ServletWebServerApplicationContext - Root WebApplicationContext: initialization completed in 2874 ms
2025-01-14 13:59:17 [main] INFO  com.zaxxer.hikari.HikariDataSource - HikariPool-1 - Starting...
2025-01-14 13:59:17 [main] INFO  com.zaxxer.hikari.pool.HikariPool - HikariPool-1 - Added connection org.postgresql.jdbc.PgConnection@7c2b6acb
2025-01-14 13:59:17 [main] INFO  com.zaxxer.hikari.HikariDataSource - HikariPool-1 - Start completed.
2025-01-14 13:59:17 [main] INFO  org.flywaydb.core.FlywayExecutor - Database: jdbc:postgresql://localhost:5432/CoffeeTelemetry (PostgreSQL 16.4)
2025-01-14 13:59:17 [main] INFO  o.f.core.internal.command.DbValidate - Successfully validated 4 migrations (execution time 00:00.053s)
2025-01-14 13:59:17 [main] INFO  o.f.core.internal.command.DbMigrate - Current version of schema "public": 3
2025-01-14 13:59:17 [main] INFO  o.f.core.internal.command.DbMigrate - Schema "public" is up to date. No migration necessary.
2025-01-14 13:59:18 [main] INFO  o.h.jpa.internal.util.LogHelper - HHH000204: Processing PersistenceUnitInfo [name: default]
2025-01-14 13:59:18 [main] INFO  org.hibernate.Version - HHH000412: Hibernate ORM core version 6.5.2.Final
2025-01-14 13:59:18 [main] INFO  o.h.c.i.RegionFactoryInitiator - HHH000026: Second-level cache disabled
2025-01-14 13:59:18 [main] WARN  org.hibernate.orm.deprecation - HHH90000025: PostgreSQLDialect does not need to be specified explicitly using 'hibernate.dialect' (remove the property setting and it will be selected by default)
2025-01-14 13:59:18 [main] INFO  o.s.o.j.p.SpringPersistenceUnitInfo - No LoadTimeWeaver setup: ignoring JPA class transformer
2025-01-14 13:59:20 [main] INFO  o.h.e.t.j.p.i.JtaPlatformInitiator - HHH000489: No JTA platform available (set 'hibernate.transaction.jta.platform' to enable JTA platform integration)
2025-01-14 13:59:20 [main] INFO  o.s.o.j.LocalContainerEntityManagerFactoryBean - Initialized JPA EntityManagerFactory for persistence unit 'default'
2025-01-14 13:59:20 [main] INFO  o.s.d.j.r.query.QueryEnhancerFactory - Hibernate is in classpath; If applicable, HQL parser will be used.
2025-01-14 13:59:21 [main] WARN  o.s.b.a.o.j.JpaBaseConfiguration$JpaWebConfiguration - spring.jpa.open-in-view is enabled by default. Therefore, database queries may be performed during view rendering. Explicitly configure spring.jpa.open-in-view to disable this warning
2025-01-14 13:59:22 [main] INFO  o.s.s.c.a.a.c.InitializeUserDetailsBeanManagerConfigurer$InitializeUserDetailsManagerConfigurer - Global AuthenticationManager configured with UserDetailsService bean with name userDetailsService
2025-01-14 13:59:22 [main] INFO  o.s.b.a.w.s.WelcomePageHandlerMapping - Adding welcome page template: index
2025-01-14 13:59:23 [main] INFO  o.s.i.endpoint.EventDrivenConsumer - Adding {logging-channel-adapter:_org.springframework.integration.errorLogger} as a subscriber to the 'errorChannel' channel
2025-01-14 13:59:23 [main] INFO  o.s.i.c.PublishSubscribeChannel - Channel 'JetinnoTelemetry.errorChannel' has 1 subscriber(s).
2025-01-14 13:59:23 [main] INFO  o.s.i.endpoint.EventDrivenConsumer - started bean '_org.springframework.integration.errorLogger'
2025-01-14 13:59:23 [main] INFO  o.a.coyote.http11.Http11NioProtocol - Starting ProtocolHandler ["http-nio-8001"]
2025-01-14 13:59:23 [main] INFO  o.s.b.w.e.tomcat.TomcatWebServer - Tomcat started on port 8001 (http) with context path '/jetinno_api'
2025-01-14 13:59:23 [main] INFO  c.e.telemetry.TelemetryApplication - Started TelemetryApplication in 10.711 seconds (process running for 11.366)
2025-01-14 14:00:22 [http-nio-8001-exec-2] INFO  o.a.c.c.C.[.[.[/jetinno_api] - Initializing Spring DispatcherServlet 'dispatcherServlet'
2025-01-14 14:00:22 [http-nio-8001-exec-2] INFO  o.s.web.servlet.DispatcherServlet - Initializing Servlet 'dispatcherServlet'
2025-01-14 14:00:22 [http-nio-8001-exec-2] INFO  o.s.web.servlet.DispatcherServlet - Completed initialization in 1 ms
2025-01-14 14:01:11 [Thread-2] INFO  c.e.telemetry.model.MachineInterface - {"status":"clearerror","cmd":"machinestatus","vmc_no":73844}
2025-01-14 14:01:11 [Thread-2] INFO  c.e.telemetry.model.MachineInterface - {"PayType":"free","ProductAmount":0,"ProductId":105,"ProductName":"Americano","canisterIds":"","count":0,"isDelete":false,"isok":true,"nameKey":"american_style_coffee","order_no":"202501141350427384422676","order_resend_times":0,"order_uploaded":false,"recipeName":"","timestamp":"20250114135142","cmd":"productdone","vmc_no":73844}
2025-01-14 14:01:12 [Thread-2] INFO  c.e.telemetry.model.MachineInterface - {"status":"supply","supply":{"10284":"100000","10008":"37","9991":"100000","10009":"100000","10006":"35","19991":"100000","10007":"100000"},"time":"20250114140110","cmd":"machinestatus","vmc_no":73844}
2025-01-14 14:34:16 [SpringApplicationShutdownHook] INFO  o.s.i.endpoint.EventDrivenConsumer - Removing {logging-channel-adapter:_org.springframework.integration.errorLogger} as a subscriber to the 'errorChannel' channel
2025-01-14 14:34:16 [SpringApplicationShutdownHook] INFO  o.s.i.c.PublishSubscribeChannel - Channel 'JetinnoTelemetry.errorChannel' has 0 subscriber(s).
2025-01-14 14:34:16 [SpringApplicationShutdownHook] INFO  o.s.i.endpoint.EventDrivenConsumer - stopped bean '_org.springframework.integration.errorLogger'
2025-01-14 14:34:16 [SpringApplicationShutdownHook] INFO  o.s.o.j.LocalContainerEntityManagerFactoryBean - Closing JPA EntityManagerFactory for persistence unit 'default'
2025-01-14 14:34:16 [SpringApplicationShutdownHook] INFO  com.zaxxer.hikari.HikariDataSource - HikariPool-1 - Shutdown initiated...
2025-01-14 14:34:16 [SpringApplicationShutdownHook] INFO  com.zaxxer.hikari.HikariDataSource - HikariPool-1 - Shutdown completed.
2025-01-14 14:34:22 [main] INFO  c.e.telemetry.TelemetryApplication - Starting TelemetryApplication using Java 22.0.1 with PID 14724 (C:\Users\vadim.tissen\IdeaProjects\demo\target\classes started by vadim.tissen in C:\Users\vadim.tissen\IdeaProjects\demo)
2025-01-14 14:34:22 [main] INFO  c.e.telemetry.TelemetryApplication - No active profile set, falling back to 1 default profile: "default"
2025-01-14 14:34:24 [main] INFO  o.s.d.r.c.RepositoryConfigurationDelegate - Bootstrapping Spring Data JPA repositories in DEFAULT mode.
2025-01-14 14:34:24 [main] INFO  o.s.d.r.c.RepositoryConfigurationDelegate - Finished Spring Data repository scanning in 260 ms. Found 6 JPA repository interfaces.
2025-01-14 14:34:24 [main] INFO  o.s.i.c.DefaultConfiguringBeanFactoryPostProcessor - No bean named 'errorChannel' has been explicitly defined. Therefore, a default PublishSubscribeChannel will be created.
2025-01-14 14:34:24 [main] INFO  o.s.i.c.DefaultConfiguringBeanFactoryPostProcessor - No bean named 'integrationHeaderChannelRegistry' has been explicitly defined. Therefore, a default DefaultHeaderChannelRegistry will be created.
2025-01-14 14:34:25 [main] INFO  o.s.b.w.e.tomcat.TomcatWebServer - Tomcat initialized with port 8001 (http)
2025-01-14 14:34:25 [main] INFO  o.a.coyote.http11.Http11NioProtocol - Initializing ProtocolHandler ["http-nio-8001"]
2025-01-14 14:34:25 [main] INFO  o.a.catalina.core.StandardService - Starting service [Tomcat]
2025-01-14 14:34:25 [main] INFO  o.a.catalina.core.StandardEngine - Starting Servlet engine: [Apache Tomcat/10.1.26]
2025-01-14 14:34:25 [main] INFO  o.a.c.c.C.[.[.[/jetinno_api] - Initializing Spring embedded WebApplicationContext
2025-01-14 14:34:25 [main] INFO  o.s.b.w.s.c.ServletWebServerApplicationContext - Root WebApplicationContext: initialization completed in 2961 ms
2025-01-14 14:34:26 [main] INFO  com.zaxxer.hikari.HikariDataSource - HikariPool-1 - Starting...
2025-01-14 14:34:26 [main] INFO  com.zaxxer.hikari.pool.HikariPool - HikariPool-1 - Added connection org.postgresql.jdbc.PgConnection@42107318
2025-01-14 14:34:26 [main] INFO  com.zaxxer.hikari.HikariDataSource - HikariPool-1 - Start completed.
2025-01-14 14:34:26 [main] INFO  org.flywaydb.core.FlywayExecutor - Database: jdbc:postgresql://localhost:5432/CoffeeTelemetry (PostgreSQL 16.4)
2025-01-14 14:34:26 [main] INFO  o.f.core.internal.command.DbValidate - Successfully validated 4 migrations (execution time 00:00.057s)
2025-01-14 14:34:26 [main] INFO  o.f.core.internal.command.DbMigrate - Current version of schema "public": 3
2025-01-14 14:34:26 [main] INFO  o.f.core.internal.command.DbMigrate - Schema "public" is up to date. No migration necessary.
2025-01-14 14:34:27 [main] INFO  o.h.jpa.internal.util.LogHelper - HHH000204: Processing PersistenceUnitInfo [name: default]
2025-01-14 14:34:27 [main] INFO  org.hibernate.Version - HHH000412: Hibernate ORM core version 6.5.2.Final
2025-01-14 14:34:27 [main] INFO  o.h.c.i.RegionFactoryInitiator - HHH000026: Second-level cache disabled
2025-01-14 14:34:27 [main] WARN  org.hibernate.orm.deprecation - HHH90000025: PostgreSQLDialect does not need to be specified explicitly using 'hibernate.dialect' (remove the property setting and it will be selected by default)
2025-01-14 14:34:28 [main] INFO  o.s.o.j.p.SpringPersistenceUnitInfo - No LoadTimeWeaver setup: ignoring JPA class transformer
2025-01-14 14:34:29 [main] INFO  o.h.e.t.j.p.i.JtaPlatformInitiator - HHH000489: No JTA platform available (set 'hibernate.transaction.jta.platform' to enable JTA platform integration)
2025-01-14 14:34:29 [main] INFO  o.s.o.j.LocalContainerEntityManagerFactoryBean - Initialized JPA EntityManagerFactory for persistence unit 'default'
2025-01-14 14:34:30 [main] INFO  o.s.d.j.r.query.QueryEnhancerFactory - Hibernate is in classpath; If applicable, HQL parser will be used.
2025-01-14 14:34:30 [main] WARN  o.s.b.a.o.j.JpaBaseConfiguration$JpaWebConfiguration - spring.jpa.open-in-view is enabled by default. Therefore, database queries may be performed during view rendering. Explicitly configure spring.jpa.open-in-view to disable this warning
2025-01-14 14:34:31 [main] INFO  o.s.s.c.a.a.c.InitializeUserDetailsBeanManagerConfigurer$InitializeUserDetailsManagerConfigurer - Global AuthenticationManager configured with UserDetailsService bean with name userDetailsService
2025-01-14 14:34:31 [main] INFO  o.s.b.a.w.s.WelcomePageHandlerMapping - Adding welcome page template: index
2025-01-14 14:34:32 [main] INFO  o.s.i.endpoint.EventDrivenConsumer - Adding {logging-channel-adapter:_org.springframework.integration.errorLogger} as a subscriber to the 'errorChannel' channel
2025-01-14 14:34:32 [main] INFO  o.s.i.c.PublishSubscribeChannel - Channel 'JetinnoTelemetry.errorChannel' has 1 subscriber(s).
2025-01-14 14:34:32 [main] INFO  o.s.i.endpoint.EventDrivenConsumer - started bean '_org.springframework.integration.errorLogger'
2025-01-14 14:34:32 [main] INFO  o.a.coyote.http11.Http11NioProtocol - Starting ProtocolHandler ["http-nio-8001"]
2025-01-14 14:34:32 [main] INFO  o.s.b.w.e.tomcat.TomcatWebServer - Tomcat started on port 8001 (http) with context path '/jetinno_api'
2025-01-14 14:34:32 [main] INFO  c.e.telemetry.TelemetryApplication - Started TelemetryApplication in 11.006 seconds (process running for 11.714)
2025-01-14 14:34:48 [http-nio-8001-exec-2] INFO  o.a.c.c.C.[.[.[/jetinno_api] - Initializing Spring DispatcherServlet 'dispatcherServlet'
2025-01-14 14:34:48 [http-nio-8001-exec-2] INFO  o.s.web.servlet.DispatcherServlet - Initializing Servlet 'dispatcherServlet'
2025-01-14 14:34:48 [http-nio-8001-exec-2] INFO  o.s.web.servlet.DispatcherServlet - Completed initialization in 1 ms
2025-01-14 14:37:08 [Thread-2] INFO  c.e.telemetry.model.MachineInterface - {"status":"clearerror","cmd":"machinestatus","vmc_no":73844}
2025-01-14 14:37:08 [Thread-2] INFO  c.e.telemetry.model.MachineInterface - {"c_uid":"C20250114143542403","isok":true,"rinsing_code":"C02","timestamp":"20250114143542","cmd":"rinsingrecord","vmc_no":73844}
2025-01-14 14:37:08 [Thread-2] INFO  c.e.telemetry.model.MachineInterface - {"status":"supply","supply":{"10284":"100000","10008":"37","9991":"100000","10009":"100000","10006":"35","19991":"100000","10007":"100000"},"time":"20250114143706","cmd":"machinestatus","vmc_no":73844}
2025-01-14 14:37:08 [Thread-2] INFO  c.e.telemetry.model.MachineInterface - {"status":"doorclose","cmd":"machinestatus","vmc_no":73844}
2025-01-14 14:40:09 [SpringApplicationShutdownHook] INFO  o.s.i.endpoint.EventDrivenConsumer - Removing {logging-channel-adapter:_org.springframework.integration.errorLogger} as a subscriber to the 'errorChannel' channel
2025-01-14 14:40:09 [SpringApplicationShutdownHook] INFO  o.s.i.c.PublishSubscribeChannel - Channel 'JetinnoTelemetry.errorChannel' has 0 subscriber(s).
2025-01-14 14:40:09 [SpringApplicationShutdownHook] INFO  o.s.i.endpoint.EventDrivenConsumer - stopped bean '_org.springframework.integration.errorLogger'
2025-01-14 14:40:09 [SpringApplicationShutdownHook] INFO  o.s.o.j.LocalContainerEntityManagerFactoryBean - Closing JPA EntityManagerFactory for persistence unit 'default'
2025-01-14 14:40:09 [SpringApplicationShutdownHook] INFO  com.zaxxer.hikari.HikariDataSource - HikariPool-1 - Shutdown initiated...
2025-01-14 14:40:09 [SpringApplicationShutdownHook] INFO  com.zaxxer.hikari.HikariDataSource - HikariPool-1 - Shutdown completed.
2025-01-14 14:40:18 [main] INFO  c.e.telemetry.TelemetryApplication - Starting TelemetryApplication using Java 22.0.1 with PID 14252 (C:\Users\vadim.tissen\IdeaProjects\demo\target\classes started by vadim.tissen in C:\Users\vadim.tissen\IdeaProjects\demo)
2025-01-14 14:40:18 [main] INFO  c.e.telemetry.TelemetryApplication - No active profile set, falling back to 1 default profile: "default"
2025-01-14 14:40:19 [main] INFO  o.s.d.r.c.RepositoryConfigurationDelegate - Bootstrapping Spring Data JPA repositories in DEFAULT mode.
2025-01-14 14:40:19 [main] INFO  o.s.d.r.c.RepositoryConfigurationDelegate - Finished Spring Data repository scanning in 212 ms. Found 6 JPA repository interfaces.
2025-01-14 14:40:19 [main] INFO  o.s.i.c.DefaultConfiguringBeanFactoryPostProcessor - No bean named 'errorChannel' has been explicitly defined. Therefore, a default PublishSubscribeChannel will be created.
2025-01-14 14:40:19 [main] INFO  o.s.i.c.DefaultConfiguringBeanFactoryPostProcessor - No bean named 'integrationHeaderChannelRegistry' has been explicitly defined. Therefore, a default DefaultHeaderChannelRegistry will be created.
2025-01-14 14:40:20 [main] INFO  o.s.b.w.e.tomcat.TomcatWebServer - Tomcat initialized with port 8001 (http)
2025-01-14 14:40:20 [main] INFO  o.a.coyote.http11.Http11NioProtocol - Initializing ProtocolHandler ["http-nio-8001"]
2025-01-14 14:40:20 [main] INFO  o.a.catalina.core.StandardService - Starting service [Tomcat]
2025-01-14 14:40:20 [main] INFO  o.a.catalina.core.StandardEngine - Starting Servlet engine: [Apache Tomcat/10.1.26]
2025-01-14 14:40:20 [main] INFO  o.a.c.c.C.[.[.[/jetinno_api] - Initializing Spring embedded WebApplicationContext
2025-01-14 14:40:20 [main] INFO  o.s.b.w.s.c.ServletWebServerApplicationContext - Root WebApplicationContext: initialization completed in 2569 ms
2025-01-14 14:40:21 [main] INFO  com.zaxxer.hikari.HikariDataSource - HikariPool-1 - Starting...
2025-01-14 14:40:21 [main] INFO  com.zaxxer.hikari.pool.HikariPool - HikariPool-1 - Added connection org.postgresql.jdbc.PgConnection@3120495d
2025-01-14 14:40:21 [main] INFO  com.zaxxer.hikari.HikariDataSource - HikariPool-1 - Start completed.
2025-01-14 14:40:21 [main] INFO  org.flywaydb.core.FlywayExecutor - Database: jdbc:postgresql://localhost:5432/CoffeeTelemetry (PostgreSQL 16.4)
2025-01-14 14:40:21 [main] INFO  o.f.core.internal.command.DbValidate - Successfully validated 4 migrations (execution time 00:00.048s)
2025-01-14 14:40:21 [main] INFO  o.f.core.internal.command.DbMigrate - Current version of schema "public": 3
2025-01-14 14:40:21 [main] INFO  o.f.core.internal.command.DbMigrate - Schema "public" is up to date. No migration necessary.
2025-01-14 14:40:21 [main] INFO  o.h.jpa.internal.util.LogHelper - HHH000204: Processing PersistenceUnitInfo [name: default]
2025-01-14 14:40:22 [main] INFO  org.hibernate.Version - HHH000412: Hibernate ORM core version 6.5.2.Final
2025-01-14 14:40:22 [main] INFO  o.h.c.i.RegionFactoryInitiator - HHH000026: Second-level cache disabled
2025-01-14 14:40:22 [main] WARN  org.hibernate.orm.deprecation - HHH90000025: PostgreSQLDialect does not need to be specified explicitly using 'hibernate.dialect' (remove the property setting and it will be selected by default)
2025-01-14 14:40:22 [main] INFO  o.s.o.j.p.SpringPersistenceUnitInfo - No LoadTimeWeaver setup: ignoring JPA class transformer
2025-01-14 14:40:23 [main] INFO  o.h.e.t.j.p.i.JtaPlatformInitiator - HHH000489: No JTA platform available (set 'hibernate.transaction.jta.platform' to enable JTA platform integration)
2025-01-14 14:40:23 [main] INFO  o.s.o.j.LocalContainerEntityManagerFactoryBean - Initialized JPA EntityManagerFactory for persistence unit 'default'
2025-01-14 14:40:24 [main] INFO  o.s.d.j.r.query.QueryEnhancerFactory - Hibernate is in classpath; If applicable, HQL parser will be used.
2025-01-14 14:40:25 [main] WARN  o.s.b.a.o.j.JpaBaseConfiguration$JpaWebConfiguration - spring.jpa.open-in-view is enabled by default. Therefore, database queries may be performed during view rendering. Explicitly configure spring.jpa.open-in-view to disable this warning
2025-01-14 14:40:25 [main] INFO  o.s.s.c.a.a.c.InitializeUserDetailsBeanManagerConfigurer$InitializeUserDetailsManagerConfigurer - Global AuthenticationManager configured with UserDetailsService bean with name userDetailsService
2025-01-14 14:40:25 [main] INFO  o.s.b.a.w.s.WelcomePageHandlerMapping - Adding welcome page template: index
2025-01-14 14:40:26 [main] INFO  o.s.i.endpoint.EventDrivenConsumer - Adding {logging-channel-adapter:_org.springframework.integration.errorLogger} as a subscriber to the 'errorChannel' channel
2025-01-14 14:40:26 [main] INFO  o.s.i.c.PublishSubscribeChannel - Channel 'JetinnoTelemetry.errorChannel' has 1 subscriber(s).
2025-01-14 14:40:26 [main] INFO  o.s.i.endpoint.EventDrivenConsumer - started bean '_org.springframework.integration.errorLogger'
2025-01-14 14:40:26 [main] INFO  o.a.coyote.http11.Http11NioProtocol - Starting ProtocolHandler ["http-nio-8001"]
2025-01-14 14:40:26 [main] INFO  o.s.b.w.e.tomcat.TomcatWebServer - Tomcat started on port 8001 (http) with context path '/jetinno_api'
2025-01-14 14:40:26 [main] INFO  c.e.telemetry.TelemetryApplication - Started TelemetryApplication in 9.503 seconds (process running for 10.148)
2025-01-14 14:40:36 [http-nio-8001-exec-2] INFO  o.a.c.c.C.[.[.[/jetinno_api] - Initializing Spring DispatcherServlet 'dispatcherServlet'
2025-01-14 14:40:36 [http-nio-8001-exec-2] INFO  o.s.web.servlet.DispatcherServlet - Initializing Servlet 'dispatcherServlet'
2025-01-14 14:40:36 [http-nio-8001-exec-2] INFO  o.s.web.servlet.DispatcherServlet - Completed initialization in 1 ms
2025-01-14 14:42:46 [Thread-2] INFO  c.e.telemetry.model.MachineInterface - {"status":"clearerror","cmd":"machinestatus","vmc_no":73844}
2025-01-14 14:42:47 [Thread-2] INFO  c.e.telemetry.model.MachineInterface - {"status":"supply","supply":{"10284":"100000","10008":"37","9991":"100000","10009":"100000","10006":"35","19991":"100000","10007":"100000"},"time":"20250114144245","cmd":"machinestatus","vmc_no":73844}
2025-01-14 14:42:47 [Thread-2] INFO  c.e.telemetry.model.MachineInterface - {"status":"doorclose","cmd":"machinestatus","vmc_no":73844}
2025-01-14 14:46:14 [SpringApplicationShutdownHook] INFO  o.s.i.endpoint.EventDrivenConsumer - Removing {logging-channel-adapter:_org.springframework.integration.errorLogger} as a subscriber to the 'errorChannel' channel
2025-01-14 14:46:14 [SpringApplicationShutdownHook] INFO  o.s.i.c.PublishSubscribeChannel - Channel 'JetinnoTelemetry.errorChannel' has 0 subscriber(s).
2025-01-14 14:46:14 [SpringApplicationShutdownHook] INFO  o.s.i.endpoint.EventDrivenConsumer - stopped bean '_org.springframework.integration.errorLogger'
2025-01-14 14:46:14 [SpringApplicationShutdownHook] INFO  o.s.o.j.LocalContainerEntityManagerFactoryBean - Closing JPA EntityManagerFactory for persistence unit 'default'
2025-01-14 14:46:14 [SpringApplicationShutdownHook] INFO  com.zaxxer.hikari.HikariDataSource - HikariPool-1 - Shutdown initiated...
2025-01-14 14:46:14 [SpringApplicationShutdownHook] INFO  com.zaxxer.hikari.HikariDataSource - HikariPool-1 - Shutdown completed.
2025-01-14 14:46:21 [main] INFO  c.e.telemetry.TelemetryApplication - Starting TelemetryApplication using Java 22.0.1 with PID 8048 (C:\Users\vadim.tissen\IdeaProjects\demo\target\classes started by vadim.tissen in C:\Users\vadim.tissen\IdeaProjects\demo)
2025-01-14 14:46:21 [main] INFO  c.e.telemetry.TelemetryApplication - No active profile set, falling back to 1 default profile: "default"
2025-01-14 14:46:22 [main] INFO  o.s.d.r.c.RepositoryConfigurationDelegate - Bootstrapping Spring Data JPA repositories in DEFAULT mode.
2025-01-14 14:46:22 [main] INFO  o.s.d.r.c.RepositoryConfigurationDelegate - Finished Spring Data repository scanning in 205 ms. Found 6 JPA repository interfaces.
2025-01-14 14:46:22 [main] INFO  o.s.i.c.DefaultConfiguringBeanFactoryPostProcessor - No bean named 'errorChannel' has been explicitly defined. Therefore, a default PublishSubscribeChannel will be created.
2025-01-14 14:46:22 [main] INFO  o.s.i.c.DefaultConfiguringBeanFactoryPostProcessor - No bean named 'integrationHeaderChannelRegistry' has been explicitly defined. Therefore, a default DefaultHeaderChannelRegistry will be created.
2025-01-14 14:46:23 [main] INFO  o.s.b.w.e.tomcat.TomcatWebServer - Tomcat initialized with port 8001 (http)
2025-01-14 14:46:23 [main] INFO  o.a.coyote.http11.Http11NioProtocol - Initializing ProtocolHandler ["http-nio-8001"]
2025-01-14 14:46:23 [main] INFO  o.a.catalina.core.StandardService - Starting service [Tomcat]
2025-01-14 14:46:23 [main] INFO  o.a.catalina.core.StandardEngine - Starting Servlet engine: [Apache Tomcat/10.1.26]
2025-01-14 14:46:23 [main] INFO  o.a.c.c.C.[.[.[/jetinno_api] - Initializing Spring embedded WebApplicationContext
2025-01-14 14:46:23 [main] INFO  o.s.b.w.s.c.ServletWebServerApplicationContext - Root WebApplicationContext: initialization completed in 2651 ms
2025-01-14 14:46:24 [main] INFO  com.zaxxer.hikari.HikariDataSource - HikariPool-1 - Starting...
2025-01-14 14:46:24 [main] INFO  com.zaxxer.hikari.pool.HikariPool - HikariPool-1 - Added connection org.postgresql.jdbc.PgConnection@70c491b8
2025-01-14 14:46:24 [main] INFO  com.zaxxer.hikari.HikariDataSource - HikariPool-1 - Start completed.
2025-01-14 14:46:24 [main] INFO  org.flywaydb.core.FlywayExecutor - Database: jdbc:postgresql://localhost:5432/CoffeeTelemetry (PostgreSQL 16.4)
2025-01-14 14:46:24 [main] INFO  o.f.core.internal.command.DbValidate - Successfully validated 4 migrations (execution time 00:00.051s)
2025-01-14 14:46:24 [main] INFO  o.f.core.internal.command.DbMigrate - Current version of schema "public": 3
2025-01-14 14:46:24 [main] INFO  o.f.core.internal.command.DbMigrate - Schema "public" is up to date. No migration necessary.
2025-01-14 14:46:24 [main] INFO  o.h.jpa.internal.util.LogHelper - HHH000204: Processing PersistenceUnitInfo [name: default]
2025-01-14 14:46:25 [main] INFO  org.hibernate.Version - HHH000412: Hibernate ORM core version 6.5.2.Final
2025-01-14 14:46:25 [main] INFO  o.h.c.i.RegionFactoryInitiator - HHH000026: Second-level cache disabled
2025-01-14 14:46:25 [main] WARN  org.hibernate.orm.deprecation - HHH90000025: PostgreSQLDialect does not need to be specified explicitly using 'hibernate.dialect' (remove the property setting and it will be selected by default)
2025-01-14 14:46:25 [main] INFO  o.s.o.j.p.SpringPersistenceUnitInfo - No LoadTimeWeaver setup: ignoring JPA class transformer
2025-01-14 14:46:26 [main] INFO  o.h.e.t.j.p.i.JtaPlatformInitiator - HHH000489: No JTA platform available (set 'hibernate.transaction.jta.platform' to enable JTA platform integration)
2025-01-14 14:46:26 [main] INFO  o.s.o.j.LocalContainerEntityManagerFactoryBean - Initialized JPA EntityManagerFactory for persistence unit 'default'
2025-01-14 14:46:27 [main] INFO  o.s.d.j.r.query.QueryEnhancerFactory - Hibernate is in classpath; If applicable, HQL parser will be used.
2025-01-14 14:46:28 [main] WARN  o.s.b.a.o.j.JpaBaseConfiguration$JpaWebConfiguration - spring.jpa.open-in-view is enabled by default. Therefore, database queries may be performed during view rendering. Explicitly configure spring.jpa.open-in-view to disable this warning
2025-01-14 14:46:28 [main] INFO  o.s.s.c.a.a.c.InitializeUserDetailsBeanManagerConfigurer$InitializeUserDetailsManagerConfigurer - Global AuthenticationManager configured with UserDetailsService bean with name userDetailsService
2025-01-14 14:46:28 [main] INFO  o.s.b.a.w.s.WelcomePageHandlerMapping - Adding welcome page template: index
2025-01-14 14:46:29 [main] INFO  o.s.i.endpoint.EventDrivenConsumer - Adding {logging-channel-adapter:_org.springframework.integration.errorLogger} as a subscriber to the 'errorChannel' channel
2025-01-14 14:46:29 [main] INFO  o.s.i.c.PublishSubscribeChannel - Channel 'JetinnoTelemetry.errorChannel' has 1 subscriber(s).
2025-01-14 14:46:29 [main] INFO  o.s.i.endpoint.EventDrivenConsumer - started bean '_org.springframework.integration.errorLogger'
2025-01-14 14:46:29 [main] INFO  o.a.coyote.http11.Http11NioProtocol - Starting ProtocolHandler ["http-nio-8001"]
2025-01-14 14:46:29 [main] INFO  o.s.b.w.e.tomcat.TomcatWebServer - Tomcat started on port 8001 (http) with context path '/jetinno_api'
2025-01-14 14:46:29 [main] INFO  c.e.telemetry.TelemetryApplication - Started TelemetryApplication in 9.756 seconds (process running for 10.383)
2025-01-14 14:46:33 [http-nio-8001-exec-2] INFO  o.a.c.c.C.[.[.[/jetinno_api] - Initializing Spring DispatcherServlet 'dispatcherServlet'
2025-01-14 14:46:33 [http-nio-8001-exec-2] INFO  o.s.web.servlet.DispatcherServlet - Initializing Servlet 'dispatcherServlet'
2025-01-14 14:46:33 [http-nio-8001-exec-2] INFO  o.s.web.servlet.DispatcherServlet - Completed initialization in 1 ms
2025-01-14 14:48:55 [Thread-2] INFO  c.e.telemetry.model.MachineInterface - {"status":"clearerror","cmd":"machinestatus","vmc_no":73844}
2025-01-14 14:48:55 [Thread-2] INFO  c.e.telemetry.model.MachineInterface - {"status":"supply","supply":{"10284":"100000","10008":"37","9991":"100000","10009":"100000","10006":"35","19991":"100000","10007":"100000"},"time":"20250114144854","cmd":"machinestatus","vmc_no":73844}
2025-01-14 14:48:55 [Thread-2] INFO  c.e.telemetry.model.MachineInterface - {"status":"doorclose","cmd":"machinestatus","vmc_no":73844}
2025-01-14 14:50:58 [SpringApplicationShutdownHook] INFO  o.s.i.endpoint.EventDrivenConsumer - Removing {logging-channel-adapter:_org.springframework.integration.errorLogger} as a subscriber to the 'errorChannel' channel
2025-01-14 14:50:58 [SpringApplicationShutdownHook] INFO  o.s.i.c.PublishSubscribeChannel - Channel 'JetinnoTelemetry.errorChannel' has 0 subscriber(s).
2025-01-14 14:50:58 [SpringApplicationShutdownHook] INFO  o.s.i.endpoint.EventDrivenConsumer - stopped bean '_org.springframework.integration.errorLogger'
2025-01-14 14:50:58 [SpringApplicationShutdownHook] INFO  o.s.o.j.LocalContainerEntityManagerFactoryBean - Closing JPA EntityManagerFactory for persistence unit 'default'
2025-01-14 14:50:58 [SpringApplicationShutdownHook] INFO  com.zaxxer.hikari.HikariDataSource - HikariPool-1 - Shutdown initiated...
2025-01-14 14:50:58 [SpringApplicationShutdownHook] INFO  com.zaxxer.hikari.HikariDataSource - HikariPool-1 - Shutdown completed.
2025-01-14 14:52:06 [main] INFO  c.e.telemetry.TelemetryApplication - Starting TelemetryApplication using Java 22.0.1 with PID 7156 (C:\Users\vadim.tissen\IdeaProjects\demo\target\classes started by vadim.tissen in C:\Users\vadim.tissen\IdeaProjects\demo)
2025-01-14 14:52:06 [main] INFO  c.e.telemetry.TelemetryApplication - No active profile set, falling back to 1 default profile: "default"
2025-01-14 14:52:08 [main] INFO  o.s.d.r.c.RepositoryConfigurationDelegate - Bootstrapping Spring Data JPA repositories in DEFAULT mode.
2025-01-14 14:52:08 [main] INFO  o.s.d.r.c.RepositoryConfigurationDelegate - Finished Spring Data repository scanning in 243 ms. Found 6 JPA repository interfaces.
2025-01-14 14:52:08 [main] INFO  o.s.i.c.DefaultConfiguringBeanFactoryPostProcessor - No bean named 'errorChannel' has been explicitly defined. Therefore, a default PublishSubscribeChannel will be created.
2025-01-14 14:52:08 [main] INFO  o.s.i.c.DefaultConfiguringBeanFactoryPostProcessor - No bean named 'integrationHeaderChannelRegistry' has been explicitly defined. Therefore, a default DefaultHeaderChannelRegistry will be created.
2025-01-14 14:52:09 [main] INFO  o.s.b.w.e.tomcat.TomcatWebServer - Tomcat initialized with port 8001 (http)
2025-01-14 14:52:09 [main] INFO  o.a.coyote.http11.Http11NioProtocol - Initializing ProtocolHandler ["http-nio-8001"]
2025-01-14 14:52:09 [main] INFO  o.a.catalina.core.StandardService - Starting service [Tomcat]
2025-01-14 14:52:09 [main] INFO  o.a.catalina.core.StandardEngine - Starting Servlet engine: [Apache Tomcat/10.1.26]
2025-01-14 14:52:09 [main] INFO  o.a.c.c.C.[.[.[/jetinno_api] - Initializing Spring embedded WebApplicationContext
2025-01-14 14:52:09 [main] INFO  o.s.b.w.s.c.ServletWebServerApplicationContext - Root WebApplicationContext: initialization completed in 3280 ms
2025-01-14 14:52:10 [main] INFO  com.zaxxer.hikari.HikariDataSource - HikariPool-1 - Starting...
2025-01-14 14:52:10 [main] INFO  com.zaxxer.hikari.pool.HikariPool - HikariPool-1 - Added connection org.postgresql.jdbc.PgConnection@3120495d
2025-01-14 14:52:10 [main] INFO  com.zaxxer.hikari.HikariDataSource - HikariPool-1 - Start completed.
2025-01-14 14:52:10 [main] INFO  org.flywaydb.core.FlywayExecutor - Database: jdbc:postgresql://localhost:5432/CoffeeTelemetry (PostgreSQL 16.4)
2025-01-14 14:52:10 [main] INFO  o.f.core.internal.command.DbValidate - Successfully validated 4 migrations (execution time 00:00.045s)
2025-01-14 14:52:11 [main] INFO  o.f.core.internal.command.DbMigrate - Current version of schema "public": 3
2025-01-14 14:52:11 [main] INFO  o.f.core.internal.command.DbMigrate - Schema "public" is up to date. No migration necessary.
2025-01-14 14:52:11 [main] INFO  o.h.jpa.internal.util.LogHelper - HHH000204: Processing PersistenceUnitInfo [name: default]
2025-01-14 14:52:11 [main] INFO  org.hibernate.Version - HHH000412: Hibernate ORM core version 6.5.2.Final
2025-01-14 14:52:11 [main] INFO  o.h.c.i.RegionFactoryInitiator - HHH000026: Second-level cache disabled
2025-01-14 14:52:11 [main] WARN  org.hibernate.orm.deprecation - HHH90000025: PostgreSQLDialect does not need to be specified explicitly using 'hibernate.dialect' (remove the property setting and it will be selected by default)
2025-01-14 14:52:11 [main] INFO  o.s.o.j.p.SpringPersistenceUnitInfo - No LoadTimeWeaver setup: ignoring JPA class transformer
2025-01-14 14:52:13 [main] INFO  o.h.e.t.j.p.i.JtaPlatformInitiator - HHH000489: No JTA platform available (set 'hibernate.transaction.jta.platform' to enable JTA platform integration)
2025-01-14 14:52:13 [main] INFO  o.s.o.j.LocalContainerEntityManagerFactoryBean - Initialized JPA EntityManagerFactory for persistence unit 'default'
2025-01-14 14:52:14 [main] INFO  o.s.d.j.r.query.QueryEnhancerFactory - Hibernate is in classpath; If applicable, HQL parser will be used.
2025-01-14 14:52:15 [main] WARN  o.s.b.a.o.j.JpaBaseConfiguration$JpaWebConfiguration - spring.jpa.open-in-view is enabled by default. Therefore, database queries may be performed during view rendering. Explicitly configure spring.jpa.open-in-view to disable this warning
2025-01-14 14:52:15 [main] INFO  o.s.s.c.a.a.c.InitializeUserDetailsBeanManagerConfigurer$InitializeUserDetailsManagerConfigurer - Global AuthenticationManager configured with UserDetailsService bean with name userDetailsService
2025-01-14 14:52:15 [main] INFO  o.s.b.a.w.s.WelcomePageHandlerMapping - Adding welcome page template: index
2025-01-14 14:52:17 [main] INFO  o.s.i.endpoint.EventDrivenConsumer - Adding {logging-channel-adapter:_org.springframework.integration.errorLogger} as a subscriber to the 'errorChannel' channel
2025-01-14 14:52:17 [main] INFO  o.s.i.c.PublishSubscribeChannel - Channel 'JetinnoTelemetry.errorChannel' has 1 subscriber(s).
2025-01-14 14:52:17 [main] INFO  o.s.i.endpoint.EventDrivenConsumer - started bean '_org.springframework.integration.errorLogger'
2025-01-14 14:52:17 [main] INFO  o.a.coyote.http11.Http11NioProtocol - Starting ProtocolHandler ["http-nio-8001"]
2025-01-14 14:52:17 [main] INFO  o.s.b.w.e.tomcat.TomcatWebServer - Tomcat started on port 8001 (http) with context path '/jetinno_api'
2025-01-14 14:52:17 [main] INFO  c.e.telemetry.TelemetryApplication - Started TelemetryApplication in 12.111 seconds (process running for 13.043)
2025-01-14 14:52:41 [http-nio-8001-exec-2] INFO  o.a.c.c.C.[.[.[/jetinno_api] - Initializing Spring DispatcherServlet 'dispatcherServlet'
2025-01-14 14:52:41 [http-nio-8001-exec-2] INFO  o.s.web.servlet.DispatcherServlet - Initializing Servlet 'dispatcherServlet'
2025-01-14 14:52:41 [http-nio-8001-exec-2] INFO  o.s.web.servlet.DispatcherServlet - Completed initialization in 1 ms
2025-01-14 14:54:03 [Thread-2] INFO  c.e.telemetry.model.MachineInterface - {"status":"clearerror","cmd":"machinestatus","vmc_no":73844}
2025-01-14 14:54:03 [Thread-2] INFO  c.e.telemetry.model.MachineInterface - {"status":"supply","supply":{"10284":"100000","10008":"37","9991":"100000","10009":"100000","10006":"35","19991":"100000","10007":"100000"},"time":"20250114145402","cmd":"machinestatus","vmc_no":73844}
2025-01-14 14:54:03 [Thread-2] INFO  c.e.telemetry.model.MachineInterface - {"status":"doorclose","cmd":"machinestatus","vmc_no":73844}
2025-01-14 14:55:40 [SpringApplicationShutdownHook] INFO  o.s.i.endpoint.EventDrivenConsumer - Removing {logging-channel-adapter:_org.springframework.integration.errorLogger} as a subscriber to the 'errorChannel' channel
2025-01-14 14:55:40 [SpringApplicationShutdownHook] INFO  o.s.i.c.PublishSubscribeChannel - Channel 'JetinnoTelemetry.errorChannel' has 0 subscriber(s).
2025-01-14 14:55:40 [SpringApplicationShutdownHook] INFO  o.s.i.endpoint.EventDrivenConsumer - stopped bean '_org.springframework.integration.errorLogger'
2025-01-14 14:55:40 [SpringApplicationShutdownHook] INFO  o.s.o.j.LocalContainerEntityManagerFactoryBean - Closing JPA EntityManagerFactory for persistence unit 'default'
2025-01-14 14:55:40 [SpringApplicationShutdownHook] INFO  com.zaxxer.hikari.HikariDataSource - HikariPool-1 - Shutdown initiated...
2025-01-14 14:55:40 [SpringApplicationShutdownHook] INFO  com.zaxxer.hikari.HikariDataSource - HikariPool-1 - Shutdown completed.
2025-01-14 15:38:16 [main] INFO  c.e.telemetry.TelemetryApplication - Starting TelemetryApplication using Java 22.0.1 with PID 12724 (C:\Users\vadim.tissen\IdeaProjects\demo\target\classes started by vadim.tissen in C:\Users\vadim.tissen\IdeaProjects\demo)
2025-01-14 15:38:16 [main] INFO  c.e.telemetry.TelemetryApplication - No active profile set, falling back to 1 default profile: "default"
2025-01-14 15:38:17 [main] INFO  o.s.d.r.c.RepositoryConfigurationDelegate - Bootstrapping Spring Data JPA repositories in DEFAULT mode.
2025-01-14 15:38:17 [main] INFO  o.s.d.r.c.RepositoryConfigurationDelegate - Finished Spring Data repository scanning in 196 ms. Found 6 JPA repository interfaces.
2025-01-14 15:38:18 [main] INFO  o.s.i.c.DefaultConfiguringBeanFactoryPostProcessor - No bean named 'errorChannel' has been explicitly defined. Therefore, a default PublishSubscribeChannel will be created.
2025-01-14 15:38:18 [main] INFO  o.s.i.c.DefaultConfiguringBeanFactoryPostProcessor - No bean named 'integrationHeaderChannelRegistry' has been explicitly defined. Therefore, a default DefaultHeaderChannelRegistry will be created.
2025-01-14 15:38:19 [main] INFO  o.s.b.w.e.tomcat.TomcatWebServer - Tomcat initialized with port 8001 (http)
2025-01-14 15:38:19 [main] INFO  o.a.coyote.http11.Http11NioProtocol - Initializing ProtocolHandler ["http-nio-8001"]
2025-01-14 15:38:19 [main] INFO  o.a.catalina.core.StandardService - Starting service [Tomcat]
2025-01-14 15:38:19 [main] INFO  o.a.catalina.core.StandardEngine - Starting Servlet engine: [Apache Tomcat/10.1.26]
2025-01-14 15:38:19 [main] INFO  o.a.c.c.C.[.[.[/jetinno_api] - Initializing Spring embedded WebApplicationContext
2025-01-14 15:38:19 [main] INFO  o.s.b.w.s.c.ServletWebServerApplicationContext - Root WebApplicationContext: initialization completed in 2992 ms
2025-01-14 15:38:19 [main] INFO  com.zaxxer.hikari.HikariDataSource - HikariPool-1 - Starting...
2025-01-14 15:38:20 [main] INFO  com.zaxxer.hikari.pool.HikariPool - HikariPool-1 - Added connection org.postgresql.jdbc.PgConnection@6b3f4bd8
2025-01-14 15:38:20 [main] INFO  com.zaxxer.hikari.HikariDataSource - HikariPool-1 - Start completed.
2025-01-14 15:38:20 [main] INFO  org.flywaydb.core.FlywayExecutor - Database: jdbc:postgresql://localhost:5432/CoffeeTelemetry (PostgreSQL 16.4)
2025-01-14 15:38:20 [main] INFO  o.f.core.internal.command.DbValidate - Successfully validated 4 migrations (execution time 00:00.066s)
2025-01-14 15:38:20 [main] INFO  o.f.core.internal.command.DbMigrate - Current version of schema "public": 3
2025-01-14 15:38:20 [main] INFO  o.f.core.internal.command.DbMigrate - Schema "public" is up to date. No migration necessary.
2025-01-14 15:38:20 [main] INFO  o.h.jpa.internal.util.LogHelper - HHH000204: Processing PersistenceUnitInfo [name: default]
2025-01-14 15:38:20 [main] INFO  org.hibernate.Version - HHH000412: Hibernate ORM core version 6.5.2.Final
2025-01-14 15:38:20 [main] INFO  o.h.c.i.RegionFactoryInitiator - HHH000026: Second-level cache disabled
2025-01-14 15:38:20 [main] WARN  org.hibernate.orm.deprecation - HHH90000025: PostgreSQLDialect does not need to be specified explicitly using 'hibernate.dialect' (remove the property setting and it will be selected by default)
2025-01-14 15:38:21 [main] INFO  o.s.o.j.p.SpringPersistenceUnitInfo - No LoadTimeWeaver setup: ignoring JPA class transformer
2025-01-14 15:38:22 [main] INFO  o.h.e.t.j.p.i.JtaPlatformInitiator - HHH000489: No JTA platform available (set 'hibernate.transaction.jta.platform' to enable JTA platform integration)
2025-01-14 15:38:22 [main] INFO  o.s.o.j.LocalContainerEntityManagerFactoryBean - Initialized JPA EntityManagerFactory for persistence unit 'default'
2025-01-14 15:38:23 [main] INFO  o.s.d.j.r.query.QueryEnhancerFactory - Hibernate is in classpath; If applicable, HQL parser will be used.
2025-01-14 15:38:24 [main] WARN  o.s.b.a.o.j.JpaBaseConfiguration$JpaWebConfiguration - spring.jpa.open-in-view is enabled by default. Therefore, database queries may be performed during view rendering. Explicitly configure spring.jpa.open-in-view to disable this warning
2025-01-14 15:38:24 [main] INFO  o.s.s.c.a.a.c.InitializeUserDetailsBeanManagerConfigurer$InitializeUserDetailsManagerConfigurer - Global AuthenticationManager configured with UserDetailsService bean with name userDetailsService
2025-01-14 15:38:24 [main] INFO  o.s.b.a.w.s.WelcomePageHandlerMapping - Adding welcome page template: index
2025-01-14 15:38:25 [main] INFO  o.s.i.endpoint.EventDrivenConsumer - Adding {logging-channel-adapter:_org.springframework.integration.errorLogger} as a subscriber to the 'errorChannel' channel
2025-01-14 15:38:25 [main] INFO  o.s.i.c.PublishSubscribeChannel - Channel 'JetinnoTelemetry.errorChannel' has 1 subscriber(s).
2025-01-14 15:38:25 [main] INFO  o.s.i.endpoint.EventDrivenConsumer - started bean '_org.springframework.integration.errorLogger'
2025-01-14 15:38:25 [main] INFO  o.a.coyote.http11.Http11NioProtocol - Starting ProtocolHandler ["http-nio-8001"]
2025-01-14 15:38:25 [main] INFO  o.s.b.w.e.tomcat.TomcatWebServer - Tomcat started on port 8001 (http) with context path '/jetinno_api'
2025-01-14 15:38:25 [main] INFO  c.e.telemetry.TelemetryApplication - Started TelemetryApplication in 10.628 seconds (process running for 11.311)
2025-01-14 15:38:28 [http-nio-8001-exec-1] INFO  o.a.c.c.C.[.[.[/jetinno_api] - Initializing Spring DispatcherServlet 'dispatcherServlet'
2025-01-14 15:38:28 [http-nio-8001-exec-1] INFO  o.s.web.servlet.DispatcherServlet - Initializing Servlet 'dispatcherServlet'
2025-01-14 15:38:28 [http-nio-8001-exec-1] INFO  o.s.web.servlet.DispatcherServlet - Completed initialization in 0 ms
2025-01-14 15:38:46 [Thread-2] INFO  c.e.telemetry.model.MachineInterface - {"status":"clearerror","cmd":"machinestatus","vmc_no":73844}
2025-01-14 15:38:47 [Thread-2] INFO  c.e.telemetry.model.MachineInterface - {"PayType":"free","ProductAmount":0,"ProductId":105,"ProductName":"Americano","canisterIds":"","count":0,"isDelete":false,"isok":true,"nameKey":"american_style_coffee","order_no":"202501141521157384495256","order_resend_times":0,"order_uploaded":false,"recipeName":"","timestamp":"20250114152210","cmd":"productdone","vmc_no":73844}
2025-01-14 15:38:47 [Thread-2] INFO  c.e.telemetry.model.MachineInterface - {"status":"supply","supply":{"10284":"100000","10008":"37","9991":"100000","10009":"100000","10006":"35","19991":"100000","10007":"100000"},"time":"20250114153845","cmd":"machinestatus","vmc_no":73844}
2025-01-14 15:38:58 [Thread-2] INFO  c.e.telemetry.model.MachineInterface - {"comp_id":0,"io_version":"V87.25","login_count":30,"sign":"tangtang","timestamp":"20250114","version":"V1.0.9.T_JL32_33","cmd":"login","vmc_no":73844}
2025-01-14 15:38:59 [Thread-2] INFO  c.e.telemetry.model.MachineInterface - {"status":"supply","supply":{"10284":"100000","10008":"37","9991":"100000","10009":"100000","10006":"35","19991":"100000","10007":"100000"},"time":"20250114153857","cmd":"machinestatus","vmc_no":73844}
2025-01-14 15:38:59 [Thread-2] INFO  c.e.telemetry.model.MachineInterface - {"status":"doorclose","cmd":"machinestatus","vmc_no":73844}
2025-01-14 15:41:57 [SpringApplicationShutdownHook] INFO  o.s.i.endpoint.EventDrivenConsumer - Removing {logging-channel-adapter:_org.springframework.integration.errorLogger} as a subscriber to the 'errorChannel' channel
2025-01-14 15:41:57 [SpringApplicationShutdownHook] INFO  o.s.i.c.PublishSubscribeChannel - Channel 'JetinnoTelemetry.errorChannel' has 0 subscriber(s).
2025-01-14 15:41:57 [SpringApplicationShutdownHook] INFO  o.s.i.endpoint.EventDrivenConsumer - stopped bean '_org.springframework.integration.errorLogger'
2025-01-14 15:41:57 [SpringApplicationShutdownHook] INFO  o.s.o.j.LocalContainerEntityManagerFactoryBean - Closing JPA EntityManagerFactory for persistence unit 'default'
2025-01-14 15:41:57 [SpringApplicationShutdownHook] INFO  com.zaxxer.hikari.HikariDataSource - HikariPool-1 - Shutdown initiated...
2025-01-14 15:41:57 [SpringApplicationShutdownHook] INFO  com.zaxxer.hikari.HikariDataSource - HikariPool-1 - Shutdown completed.
2025-01-14 15:43:18 [main] INFO  c.e.telemetry.TelemetryApplication - Starting TelemetryApplication using Java 22.0.1 with PID 2828 (C:\Users\vadim.tissen\IdeaProjects\demo\target\classes started by vadim.tissen in C:\Users\vadim.tissen\IdeaProjects\demo)
2025-01-14 15:43:18 [main] INFO  c.e.telemetry.TelemetryApplication - No active profile set, falling back to 1 default profile: "default"
2025-01-14 15:43:19 [main] INFO  o.s.d.r.c.RepositoryConfigurationDelegate - Bootstrapping Spring Data JPA repositories in DEFAULT mode.
2025-01-14 15:43:20 [main] INFO  o.s.d.r.c.RepositoryConfigurationDelegate - Finished Spring Data repository scanning in 240 ms. Found 6 JPA repository interfaces.
2025-01-14 15:43:20 [main] INFO  o.s.i.c.DefaultConfiguringBeanFactoryPostProcessor - No bean named 'errorChannel' has been explicitly defined. Therefore, a default PublishSubscribeChannel will be created.
2025-01-14 15:43:20 [main] INFO  o.s.i.c.DefaultConfiguringBeanFactoryPostProcessor - No bean named 'integrationHeaderChannelRegistry' has been explicitly defined. Therefore, a default DefaultHeaderChannelRegistry will be created.
2025-01-14 15:43:21 [main] INFO  o.s.b.w.e.tomcat.TomcatWebServer - Tomcat initialized with port 8001 (http)
2025-01-14 15:43:21 [main] INFO  o.a.coyote.http11.Http11NioProtocol - Initializing ProtocolHandler ["http-nio-8001"]
2025-01-14 15:43:21 [main] INFO  o.a.catalina.core.StandardService - Starting service [Tomcat]
2025-01-14 15:43:21 [main] INFO  o.a.catalina.core.StandardEngine - Starting Servlet engine: [Apache Tomcat/10.1.26]
2025-01-14 15:43:21 [main] INFO  o.a.c.c.C.[.[.[/jetinno_api] - Initializing Spring embedded WebApplicationContext
2025-01-14 15:43:21 [main] INFO  o.s.b.w.s.c.ServletWebServerApplicationContext - Root WebApplicationContext: initialization completed in 2880 ms
2025-01-14 15:43:21 [main] INFO  com.zaxxer.hikari.HikariDataSource - HikariPool-1 - Starting...
2025-01-14 15:43:22 [main] INFO  com.zaxxer.hikari.pool.HikariPool - HikariPool-1 - Added connection org.postgresql.jdbc.PgConnection@70d3cdbf
2025-01-14 15:43:22 [main] INFO  com.zaxxer.hikari.HikariDataSource - HikariPool-1 - Start completed.
2025-01-14 15:43:22 [main] INFO  org.flywaydb.core.FlywayExecutor - Database: jdbc:postgresql://localhost:5432/CoffeeTelemetry (PostgreSQL 16.4)
2025-01-14 15:43:22 [main] INFO  o.f.core.internal.command.DbValidate - Successfully validated 4 migrations (execution time 00:00.052s)
2025-01-14 15:43:22 [main] INFO  o.f.core.internal.command.DbMigrate - Current version of schema "public": 3
2025-01-14 15:43:22 [main] INFO  o.f.core.internal.command.DbMigrate - Schema "public" is up to date. No migration necessary.
2025-01-14 15:43:22 [main] INFO  o.h.jpa.internal.util.LogHelper - HHH000204: Processing PersistenceUnitInfo [name: default]
2025-01-14 15:43:22 [main] INFO  org.hibernate.Version - HHH000412: Hibernate ORM core version 6.5.2.Final
2025-01-14 15:43:22 [main] INFO  o.h.c.i.RegionFactoryInitiator - HHH000026: Second-level cache disabled
2025-01-14 15:43:23 [main] WARN  org.hibernate.orm.deprecation - HHH90000025: PostgreSQLDialect does not need to be specified explicitly using 'hibernate.dialect' (remove the property setting and it will be selected by default)
2025-01-14 15:43:23 [main] INFO  o.s.o.j.p.SpringPersistenceUnitInfo - No LoadTimeWeaver setup: ignoring JPA class transformer
2025-01-14 15:43:24 [main] INFO  o.h.e.t.j.p.i.JtaPlatformInitiator - HHH000489: No JTA platform available (set 'hibernate.transaction.jta.platform' to enable JTA platform integration)
2025-01-14 15:43:24 [main] INFO  o.s.o.j.LocalContainerEntityManagerFactoryBean - Initialized JPA EntityManagerFactory for persistence unit 'default'
2025-01-14 15:43:25 [main] INFO  o.s.d.j.r.query.QueryEnhancerFactory - Hibernate is in classpath; If applicable, HQL parser will be used.
2025-01-14 15:43:26 [main] WARN  o.s.b.a.o.j.JpaBaseConfiguration$JpaWebConfiguration - spring.jpa.open-in-view is enabled by default. Therefore, database queries may be performed during view rendering. Explicitly configure spring.jpa.open-in-view to disable this warning
2025-01-14 15:43:26 [main] INFO  o.s.s.c.a.a.c.InitializeUserDetailsBeanManagerConfigurer$InitializeUserDetailsManagerConfigurer - Global AuthenticationManager configured with UserDetailsService bean with name userDetailsService
2025-01-14 15:43:26 [main] INFO  o.s.b.a.w.s.WelcomePageHandlerMapping - Adding welcome page template: index
2025-01-14 15:43:28 [main] INFO  o.s.i.endpoint.EventDrivenConsumer - Adding {logging-channel-adapter:_org.springframework.integration.errorLogger} as a subscriber to the 'errorChannel' channel
2025-01-14 15:43:28 [main] INFO  o.s.i.c.PublishSubscribeChannel - Channel 'JetinnoTelemetry.errorChannel' has 1 subscriber(s).
2025-01-14 15:43:28 [main] INFO  o.s.i.endpoint.EventDrivenConsumer - started bean '_org.springframework.integration.errorLogger'
2025-01-14 15:43:28 [main] INFO  o.a.coyote.http11.Http11NioProtocol - Starting ProtocolHandler ["http-nio-8001"]
2025-01-14 15:43:28 [main] INFO  o.s.b.w.e.tomcat.TomcatWebServer - Tomcat started on port 8001 (http) with context path '/jetinno_api'
2025-01-14 15:43:28 [main] INFO  c.e.telemetry.TelemetryApplication - Started TelemetryApplication in 10.504 seconds (process running for 11.236)
2025-01-14 15:43:36 [http-nio-8001-exec-2] INFO  o.a.c.c.C.[.[.[/jetinno_api] - Initializing Spring DispatcherServlet 'dispatcherServlet'
2025-01-14 15:43:36 [http-nio-8001-exec-2] INFO  o.s.web.servlet.DispatcherServlet - Initializing Servlet 'dispatcherServlet'
2025-01-14 15:43:36 [http-nio-8001-exec-2] INFO  o.s.web.servlet.DispatcherServlet - Completed initialization in 2 ms
2025-01-14 15:44:59 [Thread-2] INFO  c.e.telemetry.model.MachineInterface - {"status":"clearerror","cmd":"machinestatus","vmc_no":73844}
2025-01-14 15:44:59 [Thread-2] INFO  c.e.telemetry.model.MachineInterface - {"status":"supply","supply":{"10284":"100000","10008":"37","9991":"100000","10009":"100000","10006":"35","19991":"100000","10007":"100000"},"time":"20250114154458","cmd":"machinestatus","vmc_no":73844}
2025-01-14 15:44:59 [Thread-2] INFO  c.e.telemetry.model.MachineInterface - {"status":"doorclose","cmd":"machinestatus","vmc_no":73844}
2025-01-14 15:45:13 [SpringApplicationShutdownHook] INFO  o.s.i.endpoint.EventDrivenConsumer - Removing {logging-channel-adapter:_org.springframework.integration.errorLogger} as a subscriber to the 'errorChannel' channel
2025-01-14 15:45:13 [SpringApplicationShutdownHook] INFO  o.s.i.c.PublishSubscribeChannel - Channel 'JetinnoTelemetry.errorChannel' has 0 subscriber(s).
2025-01-14 15:45:13 [SpringApplicationShutdownHook] INFO  o.s.i.endpoint.EventDrivenConsumer - stopped bean '_org.springframework.integration.errorLogger'
2025-01-14 15:45:13 [SpringApplicationShutdownHook] INFO  o.s.o.j.LocalContainerEntityManagerFactoryBean - Closing JPA EntityManagerFactory for persistence unit 'default'
2025-01-14 15:45:13 [SpringApplicationShutdownHook] INFO  com.zaxxer.hikari.HikariDataSource - HikariPool-1 - Shutdown initiated...
2025-01-14 15:45:13 [SpringApplicationShutdownHook] INFO  com.zaxxer.hikari.HikariDataSource - HikariPool-1 - Shutdown completed.
2025-01-14 15:47:00 [main] INFO  c.e.telemetry.TelemetryApplication - Starting TelemetryApplication using Java 22.0.1 with PID 2960 (C:\Users\vadim.tissen\IdeaProjects\demo\target\classes started by vadim.tissen in C:\Users\vadim.tissen\IdeaProjects\demo)
2025-01-14 15:47:00 [main] INFO  c.e.telemetry.TelemetryApplication - No active profile set, falling back to 1 default profile: "default"
2025-01-14 15:47:01 [main] INFO  o.s.d.r.c.RepositoryConfigurationDelegate - Bootstrapping Spring Data JPA repositories in DEFAULT mode.
2025-01-14 15:47:01 [main] INFO  o.s.d.r.c.RepositoryConfigurationDelegate - Finished Spring Data repository scanning in 212 ms. Found 6 JPA repository interfaces.
2025-01-14 15:47:02 [main] INFO  o.s.i.c.DefaultConfiguringBeanFactoryPostProcessor - No bean named 'errorChannel' has been explicitly defined. Therefore, a default PublishSubscribeChannel will be created.
2025-01-14 15:47:02 [main] INFO  o.s.i.c.DefaultConfiguringBeanFactoryPostProcessor - No bean named 'integrationHeaderChannelRegistry' has been explicitly defined. Therefore, a default DefaultHeaderChannelRegistry will be created.
2025-01-14 15:47:03 [main] INFO  o.s.b.w.e.tomcat.TomcatWebServer - Tomcat initialized with port 8001 (http)
2025-01-14 15:47:03 [main] INFO  o.a.coyote.http11.Http11NioProtocol - Initializing ProtocolHandler ["http-nio-8001"]
2025-01-14 15:47:03 [main] INFO  o.a.catalina.core.StandardService - Starting service [Tomcat]
2025-01-14 15:47:03 [main] INFO  o.a.catalina.core.StandardEngine - Starting Servlet engine: [Apache Tomcat/10.1.26]
2025-01-14 15:47:03 [main] INFO  o.a.c.c.C.[.[.[/jetinno_api] - Initializing Spring embedded WebApplicationContext
2025-01-14 15:47:03 [main] INFO  o.s.b.w.s.c.ServletWebServerApplicationContext - Root WebApplicationContext: initialization completed in 2891 ms
2025-01-14 15:47:03 [main] INFO  com.zaxxer.hikari.HikariDataSource - HikariPool-1 - Starting...
2025-01-14 15:47:04 [main] INFO  com.zaxxer.hikari.pool.HikariPool - HikariPool-1 - Added connection org.postgresql.jdbc.PgConnection@516195cf
2025-01-14 15:47:04 [main] INFO  com.zaxxer.hikari.HikariDataSource - HikariPool-1 - Start completed.
2025-01-14 15:47:04 [main] INFO  org.flywaydb.core.FlywayExecutor - Database: jdbc:postgresql://localhost:5432/CoffeeTelemetry (PostgreSQL 16.4)
2025-01-14 15:47:04 [main] INFO  o.f.core.internal.command.DbValidate - Successfully validated 4 migrations (execution time 00:00.065s)
2025-01-14 15:47:04 [main] INFO  o.f.core.internal.command.DbMigrate - Current version of schema "public": 3
2025-01-14 15:47:04 [main] INFO  o.f.core.internal.command.DbMigrate - Schema "public" is up to date. No migration necessary.
2025-01-14 15:47:04 [main] INFO  o.h.jpa.internal.util.LogHelper - HHH000204: Processing PersistenceUnitInfo [name: default]
2025-01-14 15:47:04 [main] INFO  org.hibernate.Version - HHH000412: Hibernate ORM core version 6.5.2.Final
2025-01-14 15:47:04 [main] INFO  o.h.c.i.RegionFactoryInitiator - HHH000026: Second-level cache disabled
2025-01-14 15:47:04 [main] WARN  org.hibernate.orm.deprecation - HHH90000025: PostgreSQLDialect does not need to be specified explicitly using 'hibernate.dialect' (remove the property setting and it will be selected by default)
2025-01-14 15:47:05 [main] INFO  o.s.o.j.p.SpringPersistenceUnitInfo - No LoadTimeWeaver setup: ignoring JPA class transformer
2025-01-14 15:47:06 [main] INFO  o.h.e.t.j.p.i.JtaPlatformInitiator - HHH000489: No JTA platform available (set 'hibernate.transaction.jta.platform' to enable JTA platform integration)
2025-01-14 15:47:06 [main] INFO  o.s.o.j.LocalContainerEntityManagerFactoryBean - Initialized JPA EntityManagerFactory for persistence unit 'default'
2025-01-14 15:47:07 [main] INFO  o.s.d.j.r.query.QueryEnhancerFactory - Hibernate is in classpath; If applicable, HQL parser will be used.
2025-01-14 15:47:07 [main] WARN  o.s.b.a.o.j.JpaBaseConfiguration$JpaWebConfiguration - spring.jpa.open-in-view is enabled by default. Therefore, database queries may be performed during view rendering. Explicitly configure spring.jpa.open-in-view to disable this warning
2025-01-14 15:47:08 [main] INFO  o.s.s.c.a.a.c.InitializeUserDetailsBeanManagerConfigurer$InitializeUserDetailsManagerConfigurer - Global AuthenticationManager configured with UserDetailsService bean with name userDetailsService
2025-01-14 15:47:08 [main] INFO  o.s.b.a.w.s.WelcomePageHandlerMapping - Adding welcome page template: index
2025-01-14 15:47:09 [main] INFO  o.s.i.endpoint.EventDrivenConsumer - Adding {logging-channel-adapter:_org.springframework.integration.errorLogger} as a subscriber to the 'errorChannel' channel
2025-01-14 15:47:09 [main] INFO  o.s.i.c.PublishSubscribeChannel - Channel 'JetinnoTelemetry.errorChannel' has 1 subscriber(s).
2025-01-14 15:47:09 [main] INFO  o.s.i.endpoint.EventDrivenConsumer - started bean '_org.springframework.integration.errorLogger'
2025-01-14 15:47:09 [main] INFO  o.a.coyote.http11.Http11NioProtocol - Starting ProtocolHandler ["http-nio-8001"]
2025-01-14 15:47:09 [main] INFO  o.s.b.w.e.tomcat.TomcatWebServer - Tomcat started on port 8001 (http) with context path '/jetinno_api'
2025-01-14 15:47:09 [main] INFO  c.e.telemetry.TelemetryApplication - Started TelemetryApplication in 10.444 seconds (process running for 11.121)
2025-01-14 15:48:02 [http-nio-8001-exec-1] INFO  o.a.c.c.C.[.[.[/jetinno_api] - Initializing Spring DispatcherServlet 'dispatcherServlet'
2025-01-14 15:48:02 [http-nio-8001-exec-1] INFO  o.s.web.servlet.DispatcherServlet - Initializing Servlet 'dispatcherServlet'
2025-01-14 15:48:02 [http-nio-8001-exec-1] INFO  o.s.web.servlet.DispatcherServlet - Completed initialization in 2 ms
2025-01-14 15:48:04 [Thread-2] INFO  c.e.telemetry.model.MachineInterface - {"status":"clearerror","cmd":"machinestatus","vmc_no":73844}
2025-01-14 15:48:04 [Thread-2] INFO  c.e.telemetry.model.MachineInterface - {"status":"supply","supply":{"10284":"100000","10008":"37","9991":"100000","10009":"100000","10006":"35","19991":"100000","10007":"100000"},"time":"20250114154803","cmd":"machinestatus","vmc_no":73844}
2025-01-14 15:48:04 [Thread-2] INFO  c.e.telemetry.model.MachineInterface - {"status":"doorclose","cmd":"machinestatus","vmc_no":73844}
2025-01-14 15:49:55 [SpringApplicationShutdownHook] INFO  o.s.i.endpoint.EventDrivenConsumer - Removing {logging-channel-adapter:_org.springframework.integration.errorLogger} as a subscriber to the 'errorChannel' channel
2025-01-14 15:49:55 [SpringApplicationShutdownHook] INFO  o.s.i.c.PublishSubscribeChannel - Channel 'JetinnoTelemetry.errorChannel' has 0 subscriber(s).
2025-01-14 15:49:55 [SpringApplicationShutdownHook] INFO  o.s.i.endpoint.EventDrivenConsumer - stopped bean '_org.springframework.integration.errorLogger'
2025-01-14 15:49:55 [SpringApplicationShutdownHook] INFO  o.s.o.j.LocalContainerEntityManagerFactoryBean - Closing JPA EntityManagerFactory for persistence unit 'default'
2025-01-14 15:49:55 [SpringApplicationShutdownHook] INFO  com.zaxxer.hikari.HikariDataSource - HikariPool-1 - Shutdown initiated...
2025-01-14 15:49:55 [SpringApplicationShutdownHook] INFO  com.zaxxer.hikari.HikariDataSource - HikariPool-1 - Shutdown completed.
2025-01-14 15:56:02 [main] INFO  c.e.telemetry.TelemetryApplication - Starting TelemetryApplication using Java 22.0.1 with PID 4880 (C:\Users\vadim.tissen\IdeaProjects\demo\target\classes started by vadim.tissen in C:\Users\vadim.tissen\IdeaProjects\demo)
2025-01-14 15:56:02 [main] INFO  c.e.telemetry.TelemetryApplication - No active profile set, falling back to 1 default profile: "default"
2025-01-14 15:56:04 [main] INFO  o.s.d.r.c.RepositoryConfigurationDelegate - Bootstrapping Spring Data JPA repositories in DEFAULT mode.
2025-01-14 15:56:04 [main] INFO  o.s.d.r.c.RepositoryConfigurationDelegate - Finished Spring Data repository scanning in 200 ms. Found 6 JPA repository interfaces.
2025-01-14 15:56:04 [main] INFO  o.s.i.c.DefaultConfiguringBeanFactoryPostProcessor - No bean named 'errorChannel' has been explicitly defined. Therefore, a default PublishSubscribeChannel will be created.
2025-01-14 15:56:04 [main] INFO  o.s.i.c.DefaultConfiguringBeanFactoryPostProcessor - No bean named 'integrationHeaderChannelRegistry' has been explicitly defined. Therefore, a default DefaultHeaderChannelRegistry will be created.
2025-01-14 15:56:05 [main] INFO  o.s.b.w.e.tomcat.TomcatWebServer - Tomcat initialized with port 8001 (http)
2025-01-14 15:56:05 [main] INFO  o.a.coyote.http11.Http11NioProtocol - Initializing ProtocolHandler ["http-nio-8001"]
2025-01-14 15:56:05 [main] INFO  o.a.catalina.core.StandardService - Starting service [Tomcat]
2025-01-14 15:56:05 [main] INFO  o.a.catalina.core.StandardEngine - Starting Servlet engine: [Apache Tomcat/10.1.26]
2025-01-14 15:56:05 [main] INFO  o.a.c.c.C.[.[.[/jetinno_api] - Initializing Spring embedded WebApplicationContext
2025-01-14 15:56:05 [main] INFO  o.s.b.w.s.c.ServletWebServerApplicationContext - Root WebApplicationContext: initialization completed in 2726 ms
2025-01-14 15:56:05 [main] INFO  com.zaxxer.hikari.HikariDataSource - HikariPool-1 - Starting...
2025-01-14 15:56:06 [main] INFO  com.zaxxer.hikari.pool.HikariPool - HikariPool-1 - Added connection org.postgresql.jdbc.PgConnection@72a7aa4f
2025-01-14 15:56:06 [main] INFO  com.zaxxer.hikari.HikariDataSource - HikariPool-1 - Start completed.
2025-01-14 15:56:06 [main] INFO  org.flywaydb.core.FlywayExecutor - Database: jdbc:postgresql://localhost:5432/CoffeeTelemetry (PostgreSQL 16.4)
2025-01-14 15:56:06 [main] INFO  o.f.core.internal.command.DbValidate - Successfully validated 4 migrations (execution time 00:00.061s)
2025-01-14 15:56:06 [main] INFO  o.f.core.internal.command.DbMigrate - Current version of schema "public": 3
2025-01-14 15:56:06 [main] INFO  o.f.core.internal.command.DbMigrate - Schema "public" is up to date. No migration necessary.
2025-01-14 15:56:06 [main] INFO  o.h.jpa.internal.util.LogHelper - HHH000204: Processing PersistenceUnitInfo [name: default]
2025-01-14 15:56:06 [main] INFO  org.hibernate.Version - HHH000412: Hibernate ORM core version 6.5.2.Final
2025-01-14 15:56:06 [main] INFO  o.h.c.i.RegionFactoryInitiator - HHH000026: Second-level cache disabled
2025-01-14 15:56:07 [main] WARN  org.hibernate.orm.deprecation - HHH90000025: PostgreSQLDialect does not need to be specified explicitly using 'hibernate.dialect' (remove the property setting and it will be selected by default)
2025-01-14 15:56:07 [main] INFO  o.s.o.j.p.SpringPersistenceUnitInfo - No LoadTimeWeaver setup: ignoring JPA class transformer
2025-01-14 15:56:08 [main] INFO  o.h.e.t.j.p.i.JtaPlatformInitiator - HHH000489: No JTA platform available (set 'hibernate.transaction.jta.platform' to enable JTA platform integration)
2025-01-14 15:56:08 [main] INFO  o.s.o.j.LocalContainerEntityManagerFactoryBean - Initialized JPA EntityManagerFactory for persistence unit 'default'
2025-01-14 15:56:08 [main] INFO  o.s.d.j.r.query.QueryEnhancerFactory - Hibernate is in classpath; If applicable, HQL parser will be used.
2025-01-14 15:56:09 [main] WARN  o.s.b.a.o.j.JpaBaseConfiguration$JpaWebConfiguration - spring.jpa.open-in-view is enabled by default. Therefore, database queries may be performed during view rendering. Explicitly configure spring.jpa.open-in-view to disable this warning
2025-01-14 15:56:09 [main] INFO  o.s.s.c.a.a.c.InitializeUserDetailsBeanManagerConfigurer$InitializeUserDetailsManagerConfigurer - Global AuthenticationManager configured with UserDetailsService bean with name userDetailsService
2025-01-14 15:56:10 [main] INFO  o.s.b.a.w.s.WelcomePageHandlerMapping - Adding welcome page template: index
2025-01-14 15:56:11 [main] INFO  o.s.i.endpoint.EventDrivenConsumer - Adding {logging-channel-adapter:_org.springframework.integration.errorLogger} as a subscriber to the 'errorChannel' channel
2025-01-14 15:56:11 [main] INFO  o.s.i.c.PublishSubscribeChannel - Channel 'JetinnoTelemetry.errorChannel' has 1 subscriber(s).
2025-01-14 15:56:11 [main] INFO  o.s.i.endpoint.EventDrivenConsumer - started bean '_org.springframework.integration.errorLogger'
2025-01-14 15:56:11 [main] INFO  o.a.coyote.http11.Http11NioProtocol - Starting ProtocolHandler ["http-nio-8001"]
2025-01-14 15:56:11 [main] INFO  o.s.b.w.e.tomcat.TomcatWebServer - Tomcat started on port 8001 (http) with context path '/jetinno_api'
2025-01-14 15:56:11 [main] INFO  c.e.telemetry.TelemetryApplication - Started TelemetryApplication in 9.501 seconds (process running for 10.247)
2025-01-14 15:56:15 [http-nio-8001-exec-1] INFO  o.a.c.c.C.[.[.[/jetinno_api] - Initializing Spring DispatcherServlet 'dispatcherServlet'
2025-01-14 15:56:15 [http-nio-8001-exec-1] INFO  o.s.web.servlet.DispatcherServlet - Initializing Servlet 'dispatcherServlet'
2025-01-14 15:56:15 [http-nio-8001-exec-1] INFO  o.s.web.servlet.DispatcherServlet - Completed initialization in 1 ms
2025-01-14 15:58:53 [Thread-2] INFO  c.e.telemetry.model.MachineInterface - {"status":"clearerror","cmd":"machinestatus","vmc_no":73844}
2025-01-14 15:58:53 [Thread-2] INFO  c.e.telemetry.model.MachineInterface - {"status":"supply","supply":{"10284":"100000","10008":"37","9991":"100000","10009":"100000","10006":"35","19991":"100000","10007":"100000"},"time":"20250114155852","cmd":"machinestatus","vmc_no":73844}
2025-01-14 15:58:53 [Thread-2] INFO  c.e.telemetry.model.MachineInterface - {"status":"doorclose","cmd":"machinestatus","vmc_no":73844}
2025-01-14 16:05:47 [Thread-2] INFO  c.e.telemetry.model.MachineInterface - {"PayType":"free","ProductAmount":0,"ProductId":101,"ProductName":"Cappuccino","canisterIds":"","count":0,"isDelete":false,"isok":true,"nameKey":"cappuccino","order_no":"202501141503337384439252","order_resend_times":0,"order_uploaded":false,"recipeName":"","timestamp":"20250114150448","cmd":"productdone","vmc_no":73844}
2025-01-14 16:18:19 [SpringApplicationShutdownHook] INFO  o.s.i.endpoint.EventDrivenConsumer - Removing {logging-channel-adapter:_org.springframework.integration.errorLogger} as a subscriber to the 'errorChannel' channel
2025-01-14 16:18:19 [SpringApplicationShutdownHook] INFO  o.s.i.c.PublishSubscribeChannel - Channel 'JetinnoTelemetry.errorChannel' has 0 subscriber(s).
2025-01-14 16:18:19 [SpringApplicationShutdownHook] INFO  o.s.i.endpoint.EventDrivenConsumer - stopped bean '_org.springframework.integration.errorLogger'
2025-01-14 16:18:19 [SpringApplicationShutdownHook] INFO  o.s.o.j.LocalContainerEntityManagerFactoryBean - Closing JPA EntityManagerFactory for persistence unit 'default'
2025-01-14 16:18:19 [SpringApplicationShutdownHook] INFO  com.zaxxer.hikari.HikariDataSource - HikariPool-1 - Shutdown initiated...
2025-01-14 16:18:19 [SpringApplicationShutdownHook] INFO  com.zaxxer.hikari.HikariDataSource - HikariPool-1 - Shutdown completed.
2025-01-14 16:27:29 [main] INFO  c.e.telemetry.TelemetryApplication - Starting TelemetryApplication using Java 22.0.1 with PID 10252 (C:\Users\vadim.tissen\IdeaProjects\demo\target\classes started by vadim.tissen in C:\Users\vadim.tissen\IdeaProjects\demo)
2025-01-14 16:27:29 [main] INFO  c.e.telemetry.TelemetryApplication - No active profile set, falling back to 1 default profile: "default"
2025-01-14 16:27:30 [main] INFO  o.s.d.r.c.RepositoryConfigurationDelegate - Bootstrapping Spring Data JPA repositories in DEFAULT mode.
2025-01-14 16:27:30 [main] INFO  o.s.d.r.c.RepositoryConfigurationDelegate - Finished Spring Data repository scanning in 229 ms. Found 6 JPA repository interfaces.
2025-01-14 16:27:31 [main] INFO  o.s.i.c.DefaultConfiguringBeanFactoryPostProcessor - No bean named 'errorChannel' has been explicitly defined. Therefore, a default PublishSubscribeChannel will be created.
2025-01-14 16:27:31 [main] INFO  o.s.i.c.DefaultConfiguringBeanFactoryPostProcessor - No bean named 'integrationHeaderChannelRegistry' has been explicitly defined. Therefore, a default DefaultHeaderChannelRegistry will be created.
2025-01-14 16:27:31 [main] INFO  o.s.b.w.e.tomcat.TomcatWebServer - Tomcat initialized with port 8001 (http)
2025-01-14 16:27:31 [main] INFO  o.a.coyote.http11.Http11NioProtocol - Initializing ProtocolHandler ["http-nio-8001"]
2025-01-14 16:27:31 [main] INFO  o.a.catalina.core.StandardService - Starting service [Tomcat]
2025-01-14 16:27:31 [main] INFO  o.a.catalina.core.StandardEngine - Starting Servlet engine: [Apache Tomcat/10.1.26]
2025-01-14 16:27:31 [main] INFO  o.a.c.c.C.[.[.[/jetinno_api] - Initializing Spring embedded WebApplicationContext
2025-01-14 16:27:31 [main] INFO  o.s.b.w.s.c.ServletWebServerApplicationContext - Root WebApplicationContext: initialization completed in 2588 ms
2025-01-14 16:27:32 [main] INFO  com.zaxxer.hikari.HikariDataSource - HikariPool-1 - Starting...
2025-01-14 16:27:32 [main] INFO  com.zaxxer.hikari.pool.HikariPool - HikariPool-1 - Added connection org.postgresql.jdbc.PgConnection@ff0e6d4
2025-01-14 16:27:32 [main] INFO  com.zaxxer.hikari.HikariDataSource - HikariPool-1 - Start completed.
2025-01-14 16:27:32 [main] INFO  org.flywaydb.core.FlywayExecutor - Database: jdbc:postgresql://localhost:5432/CoffeeTelemetry (PostgreSQL 16.4)
2025-01-14 16:27:32 [main] INFO  o.f.core.internal.command.DbValidate - Successfully validated 4 migrations (execution time 00:00.052s)
2025-01-14 16:27:32 [main] INFO  o.f.core.internal.command.DbMigrate - Current version of schema "public": 3
2025-01-14 16:27:32 [main] INFO  o.f.core.internal.command.DbMigrate - Schema "public" is up to date. No migration necessary.
2025-01-14 16:27:33 [main] INFO  o.h.jpa.internal.util.LogHelper - HHH000204: Processing PersistenceUnitInfo [name: default]
2025-01-14 16:27:33 [main] INFO  org.hibernate.Version - HHH000412: Hibernate ORM core version 6.5.2.Final
2025-01-14 16:27:33 [main] INFO  o.h.c.i.RegionFactoryInitiator - HHH000026: Second-level cache disabled
2025-01-14 16:27:33 [main] WARN  org.hibernate.orm.deprecation - HHH90000025: PostgreSQLDialect does not need to be specified explicitly using 'hibernate.dialect' (remove the property setting and it will be selected by default)
2025-01-14 16:27:33 [main] INFO  o.s.o.j.p.SpringPersistenceUnitInfo - No LoadTimeWeaver setup: ignoring JPA class transformer
2025-01-14 16:27:35 [main] INFO  o.h.e.t.j.p.i.JtaPlatformInitiator - HHH000489: No JTA platform available (set 'hibernate.transaction.jta.platform' to enable JTA platform integration)
2025-01-14 16:27:35 [main] INFO  o.s.o.j.LocalContainerEntityManagerFactoryBean - Initialized JPA EntityManagerFactory for persistence unit 'default'
2025-01-14 16:27:35 [main] INFO  o.s.d.j.r.query.QueryEnhancerFactory - Hibernate is in classpath; If applicable, HQL parser will be used.
2025-01-14 16:27:36 [main] WARN  o.s.b.a.o.j.JpaBaseConfiguration$JpaWebConfiguration - spring.jpa.open-in-view is enabled by default. Therefore, database queries may be performed during view rendering. Explicitly configure spring.jpa.open-in-view to disable this warning
2025-01-14 16:27:36 [main] INFO  o.s.s.c.a.a.c.InitializeUserDetailsBeanManagerConfigurer$InitializeUserDetailsManagerConfigurer - Global AuthenticationManager configured with UserDetailsService bean with name userDetailsService
2025-01-14 16:27:36 [main] INFO  o.s.b.a.w.s.WelcomePageHandlerMapping - Adding welcome page template: index
2025-01-14 16:27:37 [main] INFO  o.s.i.endpoint.EventDrivenConsumer - Adding {logging-channel-adapter:_org.springframework.integration.errorLogger} as a subscriber to the 'errorChannel' channel
2025-01-14 16:27:37 [main] INFO  o.s.i.c.PublishSubscribeChannel - Channel 'JetinnoTelemetry.errorChannel' has 1 subscriber(s).
2025-01-14 16:27:37 [main] INFO  o.s.i.endpoint.EventDrivenConsumer - started bean '_org.springframework.integration.errorLogger'
2025-01-14 16:27:37 [main] INFO  o.a.coyote.http11.Http11NioProtocol - Starting ProtocolHandler ["http-nio-8001"]
2025-01-14 16:27:37 [main] INFO  o.s.b.w.e.tomcat.TomcatWebServer - Tomcat started on port 8001 (http) with context path '/jetinno_api'
2025-01-14 16:27:37 [main] INFO  c.e.telemetry.TelemetryApplication - Started TelemetryApplication in 9.502 seconds (process running for 10.46)
2025-01-14 16:27:42 [http-nio-8001-exec-2] INFO  o.a.c.c.C.[.[.[/jetinno_api] - Initializing Spring DispatcherServlet 'dispatcherServlet'
2025-01-14 16:27:42 [http-nio-8001-exec-2] INFO  o.s.web.servlet.DispatcherServlet - Initializing Servlet 'dispatcherServlet'
2025-01-14 16:27:42 [http-nio-8001-exec-2] INFO  o.s.web.servlet.DispatcherServlet - Completed initialization in 0 ms
2025-01-14 16:29:47 [SpringApplicationShutdownHook] INFO  o.s.i.endpoint.EventDrivenConsumer - Removing {logging-channel-adapter:_org.springframework.integration.errorLogger} as a subscriber to the 'errorChannel' channel
2025-01-14 16:29:47 [SpringApplicationShutdownHook] INFO  o.s.i.c.PublishSubscribeChannel - Channel 'JetinnoTelemetry.errorChannel' has 0 subscriber(s).
2025-01-14 16:29:47 [SpringApplicationShutdownHook] INFO  o.s.i.endpoint.EventDrivenConsumer - stopped bean '_org.springframework.integration.errorLogger'
2025-01-14 16:29:47 [SpringApplicationShutdownHook] INFO  o.s.o.j.LocalContainerEntityManagerFactoryBean - Closing JPA EntityManagerFactory for persistence unit 'default'
2025-01-14 16:29:47 [SpringApplicationShutdownHook] INFO  com.zaxxer.hikari.HikariDataSource - HikariPool-1 - Shutdown initiated...
2025-01-14 16:29:47 [SpringApplicationShutdownHook] INFO  com.zaxxer.hikari.HikariDataSource - HikariPool-1 - Shutdown completed.
2025-01-14 16:29:51 [main] INFO  c.e.telemetry.TelemetryApplication - Starting TelemetryApplication using Java 22.0.1 with PID 9556 (C:\Users\vadim.tissen\IdeaProjects\demo\target\classes started by vadim.tissen in C:\Users\vadim.tissen\IdeaProjects\demo)
2025-01-14 16:29:51 [main] INFO  c.e.telemetry.TelemetryApplication - No active profile set, falling back to 1 default profile: "default"
2025-01-14 16:29:52 [main] INFO  o.s.d.r.c.RepositoryConfigurationDelegate - Bootstrapping Spring Data JPA repositories in DEFAULT mode.
2025-01-14 16:29:53 [main] INFO  o.s.d.r.c.RepositoryConfigurationDelegate - Finished Spring Data repository scanning in 290 ms. Found 6 JPA repository interfaces.
2025-01-14 16:29:53 [main] INFO  o.s.i.c.DefaultConfiguringBeanFactoryPostProcessor - No bean named 'errorChannel' has been explicitly defined. Therefore, a default PublishSubscribeChannel will be created.
2025-01-14 16:29:53 [main] INFO  o.s.i.c.DefaultConfiguringBeanFactoryPostProcessor - No bean named 'integrationHeaderChannelRegistry' has been explicitly defined. Therefore, a default DefaultHeaderChannelRegistry will be created.
2025-01-14 16:29:54 [main] INFO  o.s.b.w.e.tomcat.TomcatWebServer - Tomcat initialized with port 8001 (http)
2025-01-14 16:29:54 [main] INFO  o.a.coyote.http11.Http11NioProtocol - Initializing ProtocolHandler ["http-nio-8001"]
2025-01-14 16:29:54 [main] INFO  o.a.catalina.core.StandardService - Starting service [Tomcat]
2025-01-14 16:29:54 [main] INFO  o.a.catalina.core.StandardEngine - Starting Servlet engine: [Apache Tomcat/10.1.26]
2025-01-14 16:29:54 [main] INFO  o.a.c.c.C.[.[.[/jetinno_api] - Initializing Spring embedded WebApplicationContext
2025-01-14 16:29:54 [main] INFO  o.s.b.w.s.c.ServletWebServerApplicationContext - Root WebApplicationContext: initialization completed in 3213 ms
2025-01-14 16:29:55 [main] INFO  com.zaxxer.hikari.HikariDataSource - HikariPool-1 - Starting...
2025-01-14 16:29:55 [main] INFO  com.zaxxer.hikari.pool.HikariPool - HikariPool-1 - Added connection org.postgresql.jdbc.PgConnection@2086d469
2025-01-14 16:29:55 [main] INFO  com.zaxxer.hikari.HikariDataSource - HikariPool-1 - Start completed.
2025-01-14 16:29:55 [main] INFO  org.flywaydb.core.FlywayExecutor - Database: jdbc:postgresql://localhost:5432/CoffeeTelemetry (PostgreSQL 16.4)
2025-01-14 16:29:55 [main] INFO  o.f.core.internal.command.DbValidate - Successfully validated 4 migrations (execution time 00:00.059s)
2025-01-14 16:29:55 [main] INFO  o.f.core.internal.command.DbMigrate - Current version of schema "public": 3
2025-01-14 16:29:55 [main] INFO  o.f.core.internal.command.DbMigrate - Schema "public" is up to date. No migration necessary.
2025-01-14 16:29:55 [main] INFO  o.h.jpa.internal.util.LogHelper - HHH000204: Processing PersistenceUnitInfo [name: default]
2025-01-14 16:29:56 [main] INFO  org.hibernate.Version - HHH000412: Hibernate ORM core version 6.5.2.Final
2025-01-14 16:29:56 [main] INFO  o.h.c.i.RegionFactoryInitiator - HHH000026: Second-level cache disabled
2025-01-14 16:29:56 [main] WARN  org.hibernate.orm.deprecation - HHH90000025: PostgreSQLDialect does not need to be specified explicitly using 'hibernate.dialect' (remove the property setting and it will be selected by default)
2025-01-14 16:29:56 [main] INFO  o.s.o.j.p.SpringPersistenceUnitInfo - No LoadTimeWeaver setup: ignoring JPA class transformer
2025-01-14 16:29:58 [main] INFO  o.h.e.t.j.p.i.JtaPlatformInitiator - HHH000489: No JTA platform available (set 'hibernate.transaction.jta.platform' to enable JTA platform integration)
2025-01-14 16:29:58 [main] INFO  o.s.o.j.LocalContainerEntityManagerFactoryBean - Initialized JPA EntityManagerFactory for persistence unit 'default'
2025-01-14 16:29:58 [main] INFO  o.s.d.j.r.query.QueryEnhancerFactory - Hibernate is in classpath; If applicable, HQL parser will be used.
2025-01-14 16:29:59 [main] WARN  o.s.b.a.o.j.JpaBaseConfiguration$JpaWebConfiguration - spring.jpa.open-in-view is enabled by default. Therefore, database queries may be performed during view rendering. Explicitly configure spring.jpa.open-in-view to disable this warning
2025-01-14 16:30:00 [main] INFO  o.s.s.c.a.a.c.InitializeUserDetailsBeanManagerConfigurer$InitializeUserDetailsManagerConfigurer - Global AuthenticationManager configured with UserDetailsService bean with name userDetailsService
2025-01-14 16:30:00 [main] INFO  o.s.b.a.w.s.WelcomePageHandlerMapping - Adding welcome page template: index
2025-01-14 16:30:01 [main] INFO  o.s.i.endpoint.EventDrivenConsumer - Adding {logging-channel-adapter:_org.springframework.integration.errorLogger} as a subscriber to the 'errorChannel' channel
2025-01-14 16:30:01 [main] INFO  o.s.i.c.PublishSubscribeChannel - Channel 'JetinnoTelemetry.errorChannel' has 1 subscriber(s).
2025-01-14 16:30:01 [main] INFO  o.s.i.endpoint.EventDrivenConsumer - started bean '_org.springframework.integration.errorLogger'
2025-01-14 16:30:01 [main] INFO  o.a.coyote.http11.Http11NioProtocol - Starting ProtocolHandler ["http-nio-8001"]
2025-01-14 16:30:01 [main] INFO  o.s.b.w.e.tomcat.TomcatWebServer - Tomcat started on port 8001 (http) with context path '/jetinno_api'
2025-01-14 16:30:01 [main] INFO  c.e.telemetry.TelemetryApplication - Started TelemetryApplication in 11.589 seconds (process running for 12.886)
2025-01-14 16:30:16 [Thread-2] INFO  c.e.telemetry.model.MachineInterface - {"status":"clearerror","cmd":"machinestatus","vmc_no":73844}
2025-01-14 16:30:17 [Thread-2] INFO  c.e.telemetry.model.MachineInterface - {"PayType":"free","ProductAmount":0,"ProductId":204,"ProductName":"Long Coffee","canisterIds":"","count":0,"isDelete":false,"isok":false,"nameKey":"long_coffee","order_no":"202501141622097384480258","order_resend_times":0,"order_uploaded":false,"recipeName":"","timestamp":"20250114162306","cmd":"productdone","vmc_no":73844}
2025-01-14 16:30:17 [Thread-2] INFO  c.e.telemetry.model.MachineInterface - {"PayType":"free","ProductAmount":0,"ProductId":237,"ProductName":"Macchiato","canisterIds":"","count":0,"isDelete":false,"isok":true,"nameKey":"macchiato","order_no":"202501141626467384449427","order_resend_times":0,"order_uploaded":false,"recipeName":"","timestamp":"20250114163011","cmd":"productdone","vmc_no":73844}
2025-01-14 16:30:22 [http-nio-8001-exec-1] INFO  o.a.c.c.C.[.[.[/jetinno_api] - Initializing Spring DispatcherServlet 'dispatcherServlet'
2025-01-14 16:30:22 [http-nio-8001-exec-1] INFO  o.s.web.servlet.DispatcherServlet - Initializing Servlet 'dispatcherServlet'
2025-01-14 16:30:22 [http-nio-8001-exec-1] INFO  o.s.web.servlet.DispatcherServlet - Completed initialization in 2 ms
2025-01-14 16:30:45 [SpringApplicationShutdownHook] INFO  o.s.i.endpoint.EventDrivenConsumer - Removing {logging-channel-adapter:_org.springframework.integration.errorLogger} as a subscriber to the 'errorChannel' channel
2025-01-14 16:30:45 [SpringApplicationShutdownHook] INFO  o.s.i.c.PublishSubscribeChannel - Channel 'JetinnoTelemetry.errorChannel' has 0 subscriber(s).
2025-01-14 16:30:45 [SpringApplicationShutdownHook] INFO  o.s.i.endpoint.EventDrivenConsumer - stopped bean '_org.springframework.integration.errorLogger'
2025-01-14 16:30:45 [SpringApplicationShutdownHook] INFO  o.s.o.j.LocalContainerEntityManagerFactoryBean - Closing JPA EntityManagerFactory for persistence unit 'default'
2025-01-14 16:30:45 [SpringApplicationShutdownHook] INFO  com.zaxxer.hikari.HikariDataSource - HikariPool-1 - Shutdown initiated...
2025-01-14 16:30:45 [SpringApplicationShutdownHook] INFO  com.zaxxer.hikari.HikariDataSource - HikariPool-1 - Shutdown completed.
2025-01-14 16:37:31 [main] INFO  c.e.telemetry.TelemetryApplication - Starting TelemetryApplication using Java 22.0.1 with PID 15048 (C:\Users\vadim.tissen\IdeaProjects\demo\target\classes started by vadim.tissen in C:\Users\vadim.tissen\IdeaProjects\demo)
2025-01-14 16:37:31 [main] INFO  c.e.telemetry.TelemetryApplication - No active profile set, falling back to 1 default profile: "default"
2025-01-14 16:37:32 [main] INFO  o.s.d.r.c.RepositoryConfigurationDelegate - Bootstrapping Spring Data JPA repositories in DEFAULT mode.
2025-01-14 16:37:33 [main] INFO  o.s.d.r.c.RepositoryConfigurationDelegate - Finished Spring Data repository scanning in 463 ms. Found 6 JPA repository interfaces.
2025-01-14 16:37:33 [main] INFO  o.s.i.c.DefaultConfiguringBeanFactoryPostProcessor - No bean named 'errorChannel' has been explicitly defined. Therefore, a default PublishSubscribeChannel will be created.
2025-01-14 16:37:33 [main] INFO  o.s.i.c.DefaultConfiguringBeanFactoryPostProcessor - No bean named 'integrationHeaderChannelRegistry' has been explicitly defined. Therefore, a default DefaultHeaderChannelRegistry will be created.
2025-01-14 16:37:34 [main] INFO  o.s.b.w.e.tomcat.TomcatWebServer - Tomcat initialized with port 8001 (http)
2025-01-14 16:37:34 [main] INFO  o.a.coyote.http11.Http11NioProtocol - Initializing ProtocolHandler ["http-nio-8001"]
2025-01-14 16:37:34 [main] INFO  o.a.catalina.core.StandardService - Starting service [Tomcat]
2025-01-14 16:37:34 [main] INFO  o.a.catalina.core.StandardEngine - Starting Servlet engine: [Apache Tomcat/10.1.26]
2025-01-14 16:37:34 [main] INFO  o.a.c.c.C.[.[.[/jetinno_api] - Initializing Spring embedded WebApplicationContext
2025-01-14 16:37:34 [main] INFO  o.s.b.w.s.c.ServletWebServerApplicationContext - Root WebApplicationContext: initialization completed in 3030 ms
2025-01-14 16:37:34 [main] INFO  com.zaxxer.hikari.HikariDataSource - HikariPool-1 - Starting...
2025-01-14 16:37:35 [main] INFO  com.zaxxer.hikari.pool.HikariPool - HikariPool-1 - Added connection org.postgresql.jdbc.PgConnection@7ad889be
2025-01-14 16:37:35 [main] INFO  com.zaxxer.hikari.HikariDataSource - HikariPool-1 - Start completed.
2025-01-14 16:37:35 [main] INFO  org.flywaydb.core.FlywayExecutor - Database: jdbc:postgresql://localhost:5432/CoffeeTelemetry (PostgreSQL 16.4)
2025-01-14 16:37:35 [main] INFO  o.f.core.internal.command.DbValidate - Successfully validated 4 migrations (execution time 00:00.057s)
2025-01-14 16:37:35 [main] INFO  o.f.core.internal.command.DbMigrate - Current version of schema "public": 3
2025-01-14 16:37:35 [main] INFO  o.f.core.internal.command.DbMigrate - Schema "public" is up to date. No migration necessary.
2025-01-14 16:37:35 [main] INFO  o.h.jpa.internal.util.LogHelper - HHH000204: Processing PersistenceUnitInfo [name: default]
2025-01-14 16:37:35 [main] INFO  org.hibernate.Version - HHH000412: Hibernate ORM core version 6.5.2.Final
2025-01-14 16:37:35 [main] INFO  o.h.c.i.RegionFactoryInitiator - HHH000026: Second-level cache disabled
2025-01-14 16:37:35 [main] WARN  org.hibernate.orm.deprecation - HHH90000025: PostgreSQLDialect does not need to be specified explicitly using 'hibernate.dialect' (remove the property setting and it will be selected by default)
2025-01-14 16:37:36 [main] INFO  o.s.o.j.p.SpringPersistenceUnitInfo - No LoadTimeWeaver setup: ignoring JPA class transformer
2025-01-14 16:37:37 [main] INFO  o.h.e.t.j.p.i.JtaPlatformInitiator - HHH000489: No JTA platform available (set 'hibernate.transaction.jta.platform' to enable JTA platform integration)
2025-01-14 16:37:37 [main] INFO  o.s.o.j.LocalContainerEntityManagerFactoryBean - Initialized JPA EntityManagerFactory for persistence unit 'default'
2025-01-14 16:37:38 [main] INFO  o.s.d.j.r.query.QueryEnhancerFactory - Hibernate is in classpath; If applicable, HQL parser will be used.
2025-01-14 16:37:38 [main] WARN  o.s.b.a.o.j.JpaBaseConfiguration$JpaWebConfiguration - spring.jpa.open-in-view is enabled by default. Therefore, database queries may be performed during view rendering. Explicitly configure spring.jpa.open-in-view to disable this warning
2025-01-14 16:37:39 [main] INFO  o.s.s.c.a.a.c.InitializeUserDetailsBeanManagerConfigurer$InitializeUserDetailsManagerConfigurer - Global AuthenticationManager configured with UserDetailsService bean with name userDetailsService
2025-01-14 16:37:39 [main] INFO  o.s.b.a.w.s.WelcomePageHandlerMapping - Adding welcome page template: index
2025-01-14 16:37:40 [main] INFO  o.s.i.endpoint.EventDrivenConsumer - Adding {logging-channel-adapter:_org.springframework.integration.errorLogger} as a subscriber to the 'errorChannel' channel
2025-01-14 16:37:40 [main] INFO  o.s.i.c.PublishSubscribeChannel - Channel 'JetinnoTelemetry.errorChannel' has 1 subscriber(s).
2025-01-14 16:37:40 [main] INFO  o.s.i.endpoint.EventDrivenConsumer - started bean '_org.springframework.integration.errorLogger'
2025-01-14 16:37:40 [main] INFO  o.a.coyote.http11.Http11NioProtocol - Starting ProtocolHandler ["http-nio-8001"]
2025-01-14 16:37:40 [main] INFO  o.s.b.w.e.tomcat.TomcatWebServer - Tomcat started on port 8001 (http) with context path '/jetinno_api'
2025-01-14 16:37:40 [main] INFO  c.e.telemetry.TelemetryApplication - Started TelemetryApplication in 10.389 seconds (process running for 11.088)
2025-01-14 16:38:01 [http-nio-8001-exec-2] INFO  o.a.c.c.C.[.[.[/jetinno_api] - Initializing Spring DispatcherServlet 'dispatcherServlet'
2025-01-14 16:38:01 [http-nio-8001-exec-2] INFO  o.s.web.servlet.DispatcherServlet - Initializing Servlet 'dispatcherServlet'
2025-01-14 16:38:01 [http-nio-8001-exec-2] INFO  o.s.web.servlet.DispatcherServlet - Completed initialization in 1 ms
2025-01-14 16:39:32 [Thread-2] INFO  c.e.telemetry.model.MachineInterface - {"status":"clearerror","cmd":"machinestatus","vmc_no":73844}
2025-01-14 16:39:32 [Thread-2] INFO  c.e.telemetry.model.MachineInterface - {"status":"supply","supply":{"10284":"100000","10008":"37","9991":"100000","10009":"100000","10006":"35","19991":"100000","10007":"100000"},"time":"20250114163930","cmd":"machinestatus","vmc_no":73844}
2025-01-14 16:39:32 [Thread-2] INFO  c.e.telemetry.model.MachineInterface - {"status":"doorclose","cmd":"machinestatus","vmc_no":73844}
2025-01-14 16:47:39 [Thread-2] INFO  c.e.telemetry.model.MachineInterface - {"PayType":"free","ProductAmount":0,"ProductId":551,"ProductName":"Milk Foam","canisterIds":"226","count":0,"isDelete":false,"isok":true,"nameKey":"milk_foam","order_no":"202501141647137384455043","order_resend_times":0,"order_uploaded":false,"recipeName":"Milk Foam","timestamp":"20250114164737","cmd":"productdone","vmc_no":73844}
2025-01-14 16:50:54 [Thread-2] INFO  c.e.telemetry.model.MachineInterface - {"c_uid":"C20250114164946369","isok":true,"rinsing_code":"C02","timestamp":"20250114164946","cmd":"rinsingrecord","vmc_no":73844}
2025-01-14 16:50:54 [Thread-2] INFO  c.e.telemetry.model.MachineInterface - {"c_uid":"C20250114164946369","isok":true,"rinsing_code":"C02","timestamp":"20250114164946","cmd":"rinsingrecord","vmc_no":73844}
2025-01-14 16:51:56 [Thread-2] INFO  c.e.telemetry.model.MachineInterface - {"status":"dooropen","cmd":"machinestatus","vmc_no":73844}
2025-01-14 16:51:58 [Thread-2] INFO  c.e.telemetry.model.MachineInterface - {"datetime":"20250114","error_code":"ERROR:Z0005","error_description":"Дверь открыта. Пожалуйста, закройте.","isSet":true,"is_fatal_error":true,"is_pessistance_error":false,"cmd":"error","vmc_no":73844}
2025-01-14 16:54:56 [Thread-3] INFO  c.e.telemetry.model.MachineInterface - {"comp_id":0,"io_version":"V87.25","login_count":42,"sign":"tangtang","timestamp":"20250114","version":"V1.0.9.T_JL32_33","cmd":"login","vmc_no":73844}
2025-01-14 16:54:56 [Thread-3] INFO  c.e.telemetry.model.MachineInterface - {"status":"clearerror","cmd":"machinestatus","vmc_no":73844}
2025-01-14 16:54:57 [Thread-3] INFO  c.e.telemetry.model.MachineInterface - {"status":"supply","supply":{"10284":"100000","10008":"37","9991":"100000","10009":"100000","10006":"35","19991":"100000","10007":"100000"},"time":"20250114165455","cmd":"machinestatus","vmc_no":73844}
2025-01-14 16:54:57 [Thread-3] INFO  c.e.telemetry.model.MachineInterface - {"status":"doorclose","cmd":"machinestatus","vmc_no":73844}
2025-01-14 16:57:15 [SpringApplicationShutdownHook] INFO  o.s.i.endpoint.EventDrivenConsumer - Removing {logging-channel-adapter:_org.springframework.integration.errorLogger} as a subscriber to the 'errorChannel' channel
2025-01-14 16:57:15 [SpringApplicationShutdownHook] INFO  o.s.i.c.PublishSubscribeChannel - Channel 'JetinnoTelemetry.errorChannel' has 0 subscriber(s).
2025-01-14 16:57:15 [SpringApplicationShutdownHook] INFO  o.s.i.endpoint.EventDrivenConsumer - stopped bean '_org.springframework.integration.errorLogger'
2025-01-14 16:57:15 [SpringApplicationShutdownHook] INFO  o.s.o.j.LocalContainerEntityManagerFactoryBean - Closing JPA EntityManagerFactory for persistence unit 'default'
2025-01-14 16:57:15 [SpringApplicationShutdownHook] INFO  com.zaxxer.hikari.HikariDataSource - HikariPool-1 - Shutdown initiated...
2025-01-14 16:57:15 [SpringApplicationShutdownHook] INFO  com.zaxxer.hikari.HikariDataSource - HikariPool-1 - Shutdown completed.
2025-01-14 16:57:21 [main] INFO  c.e.telemetry.TelemetryApplication - Starting TelemetryApplication using Java 22.0.1 with PID 10480 (C:\Users\vadim.tissen\IdeaProjects\demo\target\classes started by vadim.tissen in C:\Users\vadim.tissen\IdeaProjects\demo)
2025-01-14 16:57:21 [main] INFO  c.e.telemetry.TelemetryApplication - No active profile set, falling back to 1 default profile: "default"
2025-01-14 16:57:23 [main] INFO  o.s.d.r.c.RepositoryConfigurationDelegate - Bootstrapping Spring Data JPA repositories in DEFAULT mode.
2025-01-14 16:57:23 [main] INFO  o.s.d.r.c.RepositoryConfigurationDelegate - Finished Spring Data repository scanning in 197 ms. Found 6 JPA repository interfaces.
2025-01-14 16:57:23 [main] INFO  o.s.i.c.DefaultConfiguringBeanFactoryPostProcessor - No bean named 'errorChannel' has been explicitly defined. Therefore, a default PublishSubscribeChannel will be created.
2025-01-14 16:57:23 [main] INFO  o.s.i.c.DefaultConfiguringBeanFactoryPostProcessor - No bean named 'integrationHeaderChannelRegistry' has been explicitly defined. Therefore, a default DefaultHeaderChannelRegistry will be created.
2025-01-14 16:57:24 [main] INFO  o.s.b.w.e.tomcat.TomcatWebServer - Tomcat initialized with port 8001 (http)
2025-01-14 16:57:24 [main] INFO  o.a.coyote.http11.Http11NioProtocol - Initializing ProtocolHandler ["http-nio-8001"]
2025-01-14 16:57:24 [main] INFO  o.a.catalina.core.StandardService - Starting service [Tomcat]
2025-01-14 16:57:24 [main] INFO  o.a.catalina.core.StandardEngine - Starting Servlet engine: [Apache Tomcat/10.1.26]
2025-01-14 16:57:24 [main] INFO  o.a.c.c.C.[.[.[/jetinno_api] - Initializing Spring embedded WebApplicationContext
2025-01-14 16:57:24 [main] INFO  o.s.b.w.s.c.ServletWebServerApplicationContext - Root WebApplicationContext: initialization completed in 2918 ms
2025-01-14 16:57:25 [main] INFO  com.zaxxer.hikari.HikariDataSource - HikariPool-1 - Starting...
2025-01-14 16:57:25 [main] INFO  com.zaxxer.hikari.pool.HikariPool - HikariPool-1 - Added connection org.postgresql.jdbc.PgConnection@42107318
2025-01-14 16:57:25 [main] INFO  com.zaxxer.hikari.HikariDataSource - HikariPool-1 - Start completed.
2025-01-14 16:57:25 [main] INFO  org.flywaydb.core.FlywayExecutor - Database: jdbc:postgresql://localhost:5432/CoffeeTelemetry (PostgreSQL 16.4)
2025-01-14 16:57:25 [main] INFO  o.f.core.internal.command.DbValidate - Successfully validated 4 migrations (execution time 00:00.067s)
2025-01-14 16:57:26 [main] INFO  o.f.core.internal.command.DbMigrate - Current version of schema "public": 3
2025-01-14 16:57:26 [main] INFO  o.f.core.internal.command.DbMigrate - Schema "public" is up to date. No migration necessary.
2025-01-14 16:57:26 [main] INFO  o.h.jpa.internal.util.LogHelper - HHH000204: Processing PersistenceUnitInfo [name: default]
2025-01-14 16:57:26 [main] INFO  org.hibernate.Version - HHH000412: Hibernate ORM core version 6.5.2.Final
2025-01-14 16:57:26 [main] INFO  o.h.c.i.RegionFactoryInitiator - HHH000026: Second-level cache disabled
2025-01-14 16:57:26 [main] WARN  org.hibernate.orm.deprecation - HHH90000025: PostgreSQLDialect does not need to be specified explicitly using 'hibernate.dialect' (remove the property setting and it will be selected by default)
2025-01-14 16:57:27 [main] INFO  o.s.o.j.p.SpringPersistenceUnitInfo - No LoadTimeWeaver setup: ignoring JPA class transformer
2025-01-14 16:57:28 [main] INFO  o.h.e.t.j.p.i.JtaPlatformInitiator - HHH000489: No JTA platform available (set 'hibernate.transaction.jta.platform' to enable JTA platform integration)
2025-01-14 16:57:28 [main] INFO  o.s.o.j.LocalContainerEntityManagerFactoryBean - Initialized JPA EntityManagerFactory for persistence unit 'default'
2025-01-14 16:57:28 [main] INFO  o.s.d.j.r.query.QueryEnhancerFactory - Hibernate is in classpath; If applicable, HQL parser will be used.
2025-01-14 16:57:29 [main] WARN  o.s.b.a.o.j.JpaBaseConfiguration$JpaWebConfiguration - spring.jpa.open-in-view is enabled by default. Therefore, database queries may be performed during view rendering. Explicitly configure spring.jpa.open-in-view to disable this warning
2025-01-14 16:57:30 [main] INFO  o.s.s.c.a.a.c.InitializeUserDetailsBeanManagerConfigurer$InitializeUserDetailsManagerConfigurer - Global AuthenticationManager configured with UserDetailsService bean with name userDetailsService
2025-01-14 16:57:30 [main] INFO  o.s.b.a.w.s.WelcomePageHandlerMapping - Adding welcome page template: index
2025-01-14 16:57:31 [main] INFO  o.s.i.endpoint.EventDrivenConsumer - Adding {logging-channel-adapter:_org.springframework.integration.errorLogger} as a subscriber to the 'errorChannel' channel
2025-01-14 16:57:31 [main] INFO  o.s.i.c.PublishSubscribeChannel - Channel 'JetinnoTelemetry.errorChannel' has 1 subscriber(s).
2025-01-14 16:57:31 [main] INFO  o.s.i.endpoint.EventDrivenConsumer - started bean '_org.springframework.integration.errorLogger'
2025-01-14 16:57:31 [main] INFO  o.a.coyote.http11.Http11NioProtocol - Starting ProtocolHandler ["http-nio-8001"]
2025-01-14 16:57:31 [main] INFO  o.s.b.w.e.tomcat.TomcatWebServer - Tomcat started on port 8001 (http) with context path '/jetinno_api'
2025-01-14 16:57:31 [main] INFO  c.e.telemetry.TelemetryApplication - Started TelemetryApplication in 10.791 seconds (process running for 11.481)
2025-01-14 16:58:16 [http-nio-8001-exec-3] INFO  o.a.c.c.C.[.[.[/jetinno_api] - Initializing Spring DispatcherServlet 'dispatcherServlet'
2025-01-14 16:58:16 [http-nio-8001-exec-3] INFO  o.s.web.servlet.DispatcherServlet - Initializing Servlet 'dispatcherServlet'
2025-01-14 16:58:16 [http-nio-8001-exec-3] INFO  o.s.web.servlet.DispatcherServlet - Completed initialization in 1 ms
2025-01-14 17:00:01 [Thread-2] INFO  c.e.telemetry.model.MachineInterface - {"status":"clearerror","cmd":"machinestatus","vmc_no":73844}
2025-01-14 17:00:02 [Thread-2] INFO  c.e.telemetry.model.MachineInterface - {"status":"supply","supply":{"10284":"100000","10008":"37","9991":"100000","10009":"100000","10006":"35","19991":"100000","10007":"100000"},"time":"20250114170000","cmd":"machinestatus","vmc_no":73844}
2025-01-14 17:00:02 [Thread-2] INFO  c.e.telemetry.model.MachineInterface - {"status":"doorclose","cmd":"machinestatus","vmc_no":73844}
2025-01-14 17:00:43 [Thread-2] INFO  c.e.telemetry.model.MachineInterface - {"comp_id":0,"io_version":"V87.25","login_count":44,"sign":"tangtang","timestamp":"20250114","version":"V1.0.9.T_JL32_33","cmd":"login","vmc_no":73844}
2025-01-14 17:00:43 [Thread-2] INFO  c.e.telemetry.model.MachineInterface - {"status":"supply","supply":{"10284":"100000","10008":"37","9991":"100000","10009":"100000","10006":"35","19991":"100000","10007":"100000"},"time":"20250114170042","cmd":"machinestatus","vmc_no":73844}
2025-01-14 17:00:43 [Thread-2] INFO  c.e.telemetry.model.MachineInterface - {"status":"doorclose","cmd":"machinestatus","vmc_no":73844}
2025-01-14 17:07:52 [SpringApplicationShutdownHook] INFO  o.s.i.endpoint.EventDrivenConsumer - Removing {logging-channel-adapter:_org.springframework.integration.errorLogger} as a subscriber to the 'errorChannel' channel
2025-01-14 17:07:52 [SpringApplicationShutdownHook] INFO  o.s.i.c.PublishSubscribeChannel - Channel 'JetinnoTelemetry.errorChannel' has 0 subscriber(s).
2025-01-14 17:07:52 [SpringApplicationShutdownHook] INFO  o.s.i.endpoint.EventDrivenConsumer - stopped bean '_org.springframework.integration.errorLogger'
2025-01-14 17:07:52 [SpringApplicationShutdownHook] INFO  o.s.o.j.LocalContainerEntityManagerFactoryBean - Closing JPA EntityManagerFactory for persistence unit 'default'
2025-01-14 17:07:52 [SpringApplicationShutdownHook] INFO  com.zaxxer.hikari.HikariDataSource - HikariPool-1 - Shutdown initiated...
2025-01-14 17:07:52 [SpringApplicationShutdownHook] INFO  com.zaxxer.hikari.HikariDataSource - HikariPool-1 - Shutdown completed.
2025-01-15 14:04:23 [main] INFO  c.e.telemetry.TelemetryApplication - Starting TelemetryApplication using Java 22.0.1 with PID 6836 (C:\Users\vadim.tissen\IdeaProjects\demo\target\classes started by vadim.tissen in C:\Users\vadim.tissen\IdeaProjects\demo)
2025-01-15 14:04:23 [main] INFO  c.e.telemetry.TelemetryApplication - No active profile set, falling back to 1 default profile: "default"
2025-01-15 14:04:24 [main] INFO  o.s.d.r.c.RepositoryConfigurationDelegate - Bootstrapping Spring Data JPA repositories in DEFAULT mode.
2025-01-15 14:04:25 [main] INFO  o.s.d.r.c.RepositoryConfigurationDelegate - Finished Spring Data repository scanning in 200 ms. Found 6 JPA repository interfaces.
2025-01-15 14:04:25 [main] INFO  o.s.i.c.DefaultConfiguringBeanFactoryPostProcessor - No bean named 'errorChannel' has been explicitly defined. Therefore, a default PublishSubscribeChannel will be created.
2025-01-15 14:04:25 [main] INFO  o.s.i.c.DefaultConfiguringBeanFactoryPostProcessor - No bean named 'integrationHeaderChannelRegistry' has been explicitly defined. Therefore, a default DefaultHeaderChannelRegistry will be created.
2025-01-15 14:04:26 [main] INFO  o.s.b.w.e.tomcat.TomcatWebServer - Tomcat initialized with port 8001 (http)
2025-01-15 14:04:26 [main] INFO  o.a.coyote.http11.Http11NioProtocol - Initializing ProtocolHandler ["http-nio-8001"]
2025-01-15 14:04:26 [main] INFO  o.a.catalina.core.StandardService - Starting service [Tomcat]
2025-01-15 14:04:26 [main] INFO  o.a.catalina.core.StandardEngine - Starting Servlet engine: [Apache Tomcat/10.1.26]
2025-01-15 14:04:26 [main] INFO  o.a.c.c.C.[.[.[/jetinno_api] - Initializing Spring embedded WebApplicationContext
2025-01-15 14:04:26 [main] INFO  o.s.b.w.s.c.ServletWebServerApplicationContext - Root WebApplicationContext: initialization completed in 2663 ms
2025-01-15 14:04:26 [main] INFO  com.zaxxer.hikari.HikariDataSource - HikariPool-1 - Starting...
2025-01-15 14:04:27 [main] INFO  com.zaxxer.hikari.pool.HikariPool - HikariPool-1 - Added connection org.postgresql.jdbc.PgConnection@70c491b8
2025-01-15 14:04:27 [main] INFO  com.zaxxer.hikari.HikariDataSource - HikariPool-1 - Start completed.
2025-01-15 14:04:27 [main] INFO  org.flywaydb.core.FlywayExecutor - Database: jdbc:postgresql://localhost:5432/CoffeeTelemetry (PostgreSQL 16.4)
2025-01-15 14:04:27 [main] INFO  o.f.core.internal.command.DbValidate - Successfully validated 4 migrations (execution time 00:00.047s)
2025-01-15 14:04:27 [main] INFO  o.f.core.internal.command.DbMigrate - Current version of schema "public": 3
2025-01-15 14:04:27 [main] INFO  o.f.core.internal.command.DbMigrate - Schema "public" is up to date. No migration necessary.
2025-01-15 14:04:27 [main] INFO  o.h.jpa.internal.util.LogHelper - HHH000204: Processing PersistenceUnitInfo [name: default]
2025-01-15 14:04:27 [main] INFO  org.hibernate.Version - HHH000412: Hibernate ORM core version 6.5.2.Final
2025-01-15 14:04:27 [main] INFO  o.h.c.i.RegionFactoryInitiator - HHH000026: Second-level cache disabled
2025-01-15 14:04:27 [main] WARN  org.hibernate.orm.deprecation - HHH90000025: PostgreSQLDialect does not need to be specified explicitly using 'hibernate.dialect' (remove the property setting and it will be selected by default)
2025-01-15 14:04:28 [main] INFO  o.s.o.j.p.SpringPersistenceUnitInfo - No LoadTimeWeaver setup: ignoring JPA class transformer
2025-01-15 14:04:29 [main] INFO  o.h.e.t.j.p.i.JtaPlatformInitiator - HHH000489: No JTA platform available (set 'hibernate.transaction.jta.platform' to enable JTA platform integration)
2025-01-15 14:04:29 [main] INFO  o.s.o.j.LocalContainerEntityManagerFactoryBean - Initialized JPA EntityManagerFactory for persistence unit 'default'
2025-01-15 14:04:29 [main] INFO  o.s.d.j.r.query.QueryEnhancerFactory - Hibernate is in classpath; If applicable, HQL parser will be used.
2025-01-15 14:04:30 [main] WARN  o.s.b.a.o.j.JpaBaseConfiguration$JpaWebConfiguration - spring.jpa.open-in-view is enabled by default. Therefore, database queries may be performed during view rendering. Explicitly configure spring.jpa.open-in-view to disable this warning
2025-01-15 14:04:30 [main] INFO  o.s.s.c.a.a.c.InitializeUserDetailsBeanManagerConfigurer$InitializeUserDetailsManagerConfigurer - Global AuthenticationManager configured with UserDetailsService bean with name userDetailsService
2025-01-15 14:04:30 [main] INFO  o.s.b.a.w.s.WelcomePageHandlerMapping - Adding welcome page template: index
2025-01-15 14:04:32 [main] INFO  o.s.i.endpoint.EventDrivenConsumer - Adding {logging-channel-adapter:_org.springframework.integration.errorLogger} as a subscriber to the 'errorChannel' channel
2025-01-15 14:04:32 [main] INFO  o.s.i.c.PublishSubscribeChannel - Channel 'JetinnoTelemetry.errorChannel' has 1 subscriber(s).
2025-01-15 14:04:32 [main] INFO  o.s.i.endpoint.EventDrivenConsumer - started bean '_org.springframework.integration.errorLogger'
2025-01-15 14:04:32 [main] INFO  o.a.coyote.http11.Http11NioProtocol - Starting ProtocolHandler ["http-nio-8001"]
2025-01-15 14:04:32 [main] INFO  o.s.b.w.e.tomcat.TomcatWebServer - Tomcat started on port 8001 (http) with context path '/jetinno_api'
2025-01-15 14:04:32 [main] INFO  c.e.telemetry.TelemetryApplication - Started TelemetryApplication in 9.256 seconds (process running for 10.057)
2025-01-15 14:06:35 [Thread-2] INFO  c.e.telemetry.model.MachineInterface - {"status":"clearerror","cmd":"machinestatus","vmc_no":73844}
2025-01-15 14:06:35 [Thread-2] INFO  c.e.telemetry.model.MachineInterface - {"c_uid":"C20250115111126544","isok":true,"rinsing_code":"C02","timestamp":"20250115111126","cmd":"rinsingrecord","vmc_no":73844}
2025-01-15 14:23:35 [Thread-2] INFO  c.e.telemetry.model.MachineInterface - {"PayType":"free","ProductAmount":0,"ProductId":243,"ProductName":"Coffee Latte","canisterIds":"","count":0,"isDelete":false,"isok":true,"nameKey":"caffe_latte","order_no":"202501150703507384440705","order_resend_times":0,"order_uploaded":false,"recipeName":"","timestamp":"20250115070450","cmd":"productdone","vmc_no":73844}
2025-01-15 14:23:52 [Thread-2] INFO  c.e.telemetry.model.MachineInterface - {"PayType":"free","ProductAmount":0,"ProductId":551,"ProductName":"Milk Foam","canisterIds":"","count":0,"isDelete":false,"isok":false,"nameKey":"milk_foam","order_no":"202501150704567384472426","order_resend_times":0,"order_uploaded":false,"recipeName":"","timestamp":"20250115070517","cmd":"productdone","vmc_no":73844}
2025-01-15 14:24:09 [Thread-2] INFO  c.e.telemetry.model.MachineInterface - {"PayType":"free","ProductAmount":0,"ProductId":101,"ProductName":"Cappuccino","canisterIds":"","count":0,"isDelete":false,"isok":true,"nameKey":"cappuccino","order_no":"202501150722357384422634","order_resend_times":0,"order_uploaded":false,"recipeName":"","timestamp":"20250115072348","cmd":"productdone","vmc_no":73844}
2025-01-15 14:24:26 [Thread-2] INFO  c.e.telemetry.model.MachineInterface - {"PayType":"free","ProductAmount":0,"ProductId":105,"ProductName":"Americano","canisterIds":"","count":0,"isDelete":false,"isok":true,"nameKey":"american_style_coffee","order_no":"202501150743487384488995","order_resend_times":0,"order_uploaded":false,"recipeName":"","timestamp":"20250115074443","cmd":"productdone","vmc_no":73844}
2025-01-15 14:24:43 [Thread-2] INFO  c.e.telemetry.model.MachineInterface - {"PayType":"free","ProductAmount":0,"ProductId":105,"ProductName":"Americano","canisterIds":"","count":0,"isDelete":false,"isok":true,"nameKey":"american_style_coffee","order_no":"202501150818387384436264","order_resend_times":0,"order_uploaded":false,"recipeName":"","timestamp":"20250115081936","cmd":"productdone","vmc_no":73844}
2025-01-15 14:25:00 [Thread-2] INFO  c.e.telemetry.model.MachineInterface - {"PayType":"free","ProductAmount":0,"ProductId":827,"ProductName":"2 Cappuccino","canisterIds":"","count":0,"isDelete":false,"isok":true,"nameKey":"cappuccino_2","order_no":"202501150824427384425546","order_resend_times":0,"order_uploaded":false,"recipeName":"","timestamp":"20250115082604","cmd":"productdone","vmc_no":73844}
2025-01-15 14:25:17 [Thread-2] INFO  c.e.telemetry.model.MachineInterface - {"PayType":"free","ProductAmount":0,"ProductId":237,"ProductName":"Macchiato","canisterIds":"","count":0,"isDelete":false,"isok":true,"nameKey":"macchiato","order_no":"202501150910107384495096","order_resend_times":0,"order_uploaded":false,"recipeName":"","timestamp":"20250115091125","cmd":"productdone","vmc_no":73844}
2025-01-15 14:25:34 [Thread-2] INFO  c.e.telemetry.model.MachineInterface - {"PayType":"free","ProductAmount":0,"ProductId":101,"ProductName":"Cappuccino","canisterIds":"","count":0,"isDelete":false,"isok":true,"nameKey":"cappuccino","order_no":"202501151144567384443664","order_resend_times":0,"order_uploaded":false,"recipeName":"","timestamp":"20250115114555","cmd":"productdone","vmc_no":73844}
2025-01-15 14:25:51 [Thread-2] INFO  c.e.telemetry.model.MachineInterface - {"PayType":"free","ProductAmount":0,"ProductId":178,"ProductName":"2 Long Coffee","canisterIds":"","count":0,"isDelete":false,"isok":true,"nameKey":"long_coffee_2","order_no":"202501151147027384452223","order_resend_times":0,"order_uploaded":false,"recipeName":"","timestamp":"20250115114800","cmd":"productdone","vmc_no":73844}
2025-01-15 14:26:08 [Thread-2] INFO  c.e.telemetry.model.MachineInterface - {"PayType":"free","ProductAmount":0,"ProductId":105,"ProductName":"Americano","canisterIds":"","count":0,"isDelete":false,"isok":true,"nameKey":"american_style_coffee","order_no":"202501151216457384425325","order_resend_times":0,"order_uploaded":false,"recipeName":"","timestamp":"20250115121744","cmd":"productdone","vmc_no":73844}
2025-01-15 14:26:25 [Thread-2] INFO  c.e.telemetry.model.MachineInterface - {"PayType":"free","ProductAmount":0,"ProductId":105,"ProductName":"Americano","canisterIds":"","count":0,"isDelete":false,"isok":true,"nameKey":"american_style_coffee","order_no":"202501151217547384462551","order_resend_times":0,"order_uploaded":false,"recipeName":"","timestamp":"20250115121849","cmd":"productdone","vmc_no":73844}
2025-01-15 14:26:42 [Thread-2] INFO  c.e.telemetry.model.MachineInterface - {"PayType":"free","ProductAmount":0,"ProductId":237,"ProductName":"Macchiato","canisterIds":"","count":0,"isDelete":false,"isok":true,"nameKey":"macchiato","order_no":"202501151229527384414938","order_resend_times":0,"order_uploaded":false,"recipeName":"","timestamp":"20250115123110","cmd":"productdone","vmc_no":73844}
2025-01-15 14:27:00 [Thread-2] INFO  c.e.telemetry.model.MachineInterface - {"PayType":"free","ProductAmount":0,"ProductId":827,"ProductName":"2 Cappuccino","canisterIds":"","count":0,"isDelete":false,"isok":true,"nameKey":"cappuccino_2","order_no":"202501151238107384439957","order_resend_times":0,"order_uploaded":false,"recipeName":"","timestamp":"20250115123931","cmd":"productdone","vmc_no":73844}
2025-01-15 14:27:17 [Thread-2] INFO  c.e.telemetry.model.MachineInterface - {"PayType":"free","ProductAmount":0,"ProductId":101,"ProductName":"Cappuccino","canisterIds":"","count":0,"isDelete":false,"isok":true,"nameKey":"cappuccino","order_no":"202501151240297384441023","order_resend_times":0,"order_uploaded":false,"recipeName":"","timestamp":"20250115124133","cmd":"productdone","vmc_no":73844}
2025-01-15 14:36:40 [Thread-2] INFO  c.e.telemetry.model.MachineInterface - {"status":"supply","supply":{"10284":"100000","10008":"37","9991":"100000","10009":"100000","10006":"35","19991":"100000","10007":"100000"},"time":"20250115143638","cmd":"machinestatus","vmc_no":73844}
2025-01-15 14:36:40 [Thread-2] INFO  c.e.telemetry.model.MachineInterface - {"status":"doorclose","cmd":"machinestatus","vmc_no":73844}
2025-01-15 14:37:34 [Thread-2] INFO  c.e.telemetry.model.MachineInterface - {"PayType":"free","ProductAmount":0,"ProductId":105,"ProductName":"Americano","canisterIds":"170,0","count":0,"isDelete":false,"isok":true,"nameKey":"american_style_coffee","order_no":"202501151436317384468280","order_resend_times":0,"order_uploaded":false,"recipeName":"Americano","timestamp":"20250115143732","cmd":"productdone","vmc_no":73844}
2025-01-15 14:39:11 [Thread-2] INFO  c.e.telemetry.model.MachineInterface - {"PayType":"free","ProductAmount":0,"ProductId":101,"ProductName":"Cappuccino","canisterIds":"170,226","count":0,"isDelete":false,"isok":true,"nameKey":"cappuccino","order_no":"202501151437537384431626","order_resend_times":0,"order_uploaded":false,"recipeName":"Cappuccino","timestamp":"20250115143908","cmd":"productdone","vmc_no":73844}
2025-01-15 15:15:39 [Thread-2] INFO  c.e.telemetry.model.MachineInterface - {"datetime":"20250115","error_code":"ERROR:9900","error_description":"Отсутствует резервуар для воды. Пожалуйста, вставьте.","isSet":true,"is_fatal_error":true,"is_pessistance_error":false,"cmd":"error","vmc_no":73844}
2025-01-15 15:15:39 [Thread-2] WARN  o.h.e.jdbc.spi.SqlExceptionHelper - SQL Error: 0, SQLState: 23505
2025-01-15 15:15:39 [Thread-2] ERROR o.h.e.jdbc.spi.SqlExceptionHelper - ОШИБКА: повторяющееся значение ключа нарушает ограничение уникальности "error_vmc_number_fault_code_key"
  Подробности: Ключ "(vmc_number, fault_code)=(73844, 9900)" уже существует.
2025-01-15 15:18:23 [Thread-3] INFO  c.e.telemetry.model.MachineInterface - {"comp_id":0,"io_version":"V87.25","login_count":4,"sign":"tangtang","timestamp":"20250115","version":"V1.0.9.T_JL32_33","cmd":"login","vmc_no":73844}
2025-01-15 15:18:23 [Thread-3] INFO  c.e.telemetry.model.MachineInterface - {"status":"clearerror","cmd":"machinestatus","vmc_no":73844}
2025-01-15 15:18:23 [Thread-3] INFO  c.e.telemetry.model.MachineInterface - {"status":"supply","supply":{"10284":"100000","10008":"37","9991":"100000","10009":"100000","10006":"35","19991":"100000","10007":"100000"},"time":"20250115151821","cmd":"machinestatus","vmc_no":73844}
2025-01-15 15:18:23 [Thread-3] INFO  c.e.telemetry.model.MachineInterface - {"status":"doorclose","cmd":"machinestatus","vmc_no":73844}
2025-01-15 16:26:45 [Thread-3] INFO  c.e.telemetry.model.MachineInterface - {"datetime":"20250115","error_code":"ERROR:9900","error_description":"Отсутствует резервуар для воды. Пожалуйста, вставьте.","isSet":true,"is_fatal_error":true,"is_pessistance_error":false,"cmd":"error","vmc_no":73844}
2025-01-15 16:26:45 [Thread-3] WARN  o.h.e.jdbc.spi.SqlExceptionHelper - SQL Error: 0, SQLState: 23505
2025-01-15 16:26:45 [Thread-3] ERROR o.h.e.jdbc.spi.SqlExceptionHelper - ОШИБКА: повторяющееся значение ключа нарушает ограничение уникальности "error_vmc_number_fault_code_key"
  Подробности: Ключ "(vmc_number, fault_code)=(73844, 9900)" уже существует.
2025-01-15 16:29:27 [Thread-4] INFO  c.e.telemetry.model.MachineInterface - {"comp_id":0,"io_version":"V87.25","login_count":6,"sign":"tangtang","timestamp":"20250115","version":"V1.0.9.T_JL32_33","cmd":"login","vmc_no":73844}
2025-01-15 16:29:27 [Thread-4] INFO  c.e.telemetry.model.MachineInterface - {"status":"clearerror","cmd":"machinestatus","vmc_no":73844}
2025-01-15 16:29:27 [Thread-4] INFO  c.e.telemetry.model.MachineInterface - {"status":"supply","supply":{"10284":"100000","10008":"37","9991":"100000","10009":"100000","10006":"35","19991":"100000","10007":"100000"},"time":"20250115162924","cmd":"machinestatus","vmc_no":73844}
2025-01-15 16:29:27 [Thread-4] INFO  c.e.telemetry.model.MachineInterface - {"status":"doorclose","cmd":"machinestatus","vmc_no":73844}
2025-01-15 16:29:34 [SpringApplicationShutdownHook] INFO  o.s.i.endpoint.EventDrivenConsumer - Removing {logging-channel-adapter:_org.springframework.integration.errorLogger} as a subscriber to the 'errorChannel' channel
2025-01-15 16:29:34 [SpringApplicationShutdownHook] INFO  o.s.i.c.PublishSubscribeChannel - Channel 'JetinnoTelemetry.errorChannel' has 0 subscriber(s).
2025-01-15 16:29:34 [SpringApplicationShutdownHook] INFO  o.s.i.endpoint.EventDrivenConsumer - stopped bean '_org.springframework.integration.errorLogger'
2025-01-15 16:29:34 [SpringApplicationShutdownHook] INFO  o.s.o.j.LocalContainerEntityManagerFactoryBean - Closing JPA EntityManagerFactory for persistence unit 'default'
2025-01-15 16:29:34 [SpringApplicationShutdownHook] INFO  com.zaxxer.hikari.HikariDataSource - HikariPool-1 - Shutdown initiated...
2025-01-15 16:29:34 [SpringApplicationShutdownHook] INFO  com.zaxxer.hikari.HikariDataSource - HikariPool-1 - Shutdown completed.
2025-01-15 16:36:59 [main] INFO  c.e.telemetry.TelemetryApplication - Starting TelemetryApplication using Java 22.0.1 with PID 11916 (C:\Users\vadim.tissen\IdeaProjects\demo\target\classes started by vadim.tissen in C:\Users\vadim.tissen\IdeaProjects\demo)
2025-01-15 16:36:59 [main] INFO  c.e.telemetry.TelemetryApplication - No active profile set, falling back to 1 default profile: "default"
2025-01-15 16:37:00 [main] INFO  o.s.d.r.c.RepositoryConfigurationDelegate - Bootstrapping Spring Data JPA repositories in DEFAULT mode.
2025-01-15 16:37:00 [main] INFO  o.s.d.r.c.RepositoryConfigurationDelegate - Finished Spring Data repository scanning in 281 ms. Found 6 JPA repository interfaces.
2025-01-15 16:37:01 [main] INFO  o.s.i.c.DefaultConfiguringBeanFactoryPostProcessor - No bean named 'errorChannel' has been explicitly defined. Therefore, a default PublishSubscribeChannel will be created.
2025-01-15 16:37:01 [main] INFO  o.s.i.c.DefaultConfiguringBeanFactoryPostProcessor - No bean named 'integrationHeaderChannelRegistry' has been explicitly defined. Therefore, a default DefaultHeaderChannelRegistry will be created.
2025-01-15 16:37:02 [main] INFO  o.s.b.w.e.tomcat.TomcatWebServer - Tomcat initialized with port 8001 (http)
2025-01-15 16:37:02 [main] INFO  o.a.coyote.http11.Http11NioProtocol - Initializing ProtocolHandler ["http-nio-8001"]
2025-01-15 16:37:02 [main] INFO  o.a.catalina.core.StandardService - Starting service [Tomcat]
2025-01-15 16:37:02 [main] INFO  o.a.catalina.core.StandardEngine - Starting Servlet engine: [Apache Tomcat/10.1.26]
2025-01-15 16:37:02 [main] INFO  o.a.c.c.C.[.[.[/jetinno_api] - Initializing Spring embedded WebApplicationContext
2025-01-15 16:37:02 [main] INFO  o.s.b.w.s.c.ServletWebServerApplicationContext - Root WebApplicationContext: initialization completed in 3076 ms
2025-01-15 16:37:03 [main] INFO  com.zaxxer.hikari.HikariDataSource - HikariPool-1 - Starting...
2025-01-15 16:37:03 [main] INFO  com.zaxxer.hikari.pool.HikariPool - HikariPool-1 - Added connection org.postgresql.jdbc.PgConnection@2c2e3460
2025-01-15 16:37:03 [main] INFO  com.zaxxer.hikari.HikariDataSource - HikariPool-1 - Start completed.
2025-01-15 16:37:03 [main] INFO  org.flywaydb.core.FlywayExecutor - Database: jdbc:postgresql://localhost:5432/CoffeeTelemetry (PostgreSQL 16.4)
2025-01-15 16:37:03 [main] INFO  o.f.core.internal.command.DbValidate - Successfully validated 4 migrations (execution time 00:00.066s)
2025-01-15 16:37:03 [main] INFO  o.f.core.internal.command.DbMigrate - Current version of schema "public": 3
2025-01-15 16:37:03 [main] INFO  o.f.core.internal.command.DbMigrate - Schema "public" is up to date. No migration necessary.
2025-01-15 16:37:03 [main] INFO  o.h.jpa.internal.util.LogHelper - HHH000204: Processing PersistenceUnitInfo [name: default]
2025-01-15 16:37:03 [main] INFO  org.hibernate.Version - HHH000412: Hibernate ORM core version 6.5.2.Final
2025-01-15 16:37:04 [main] INFO  o.h.c.i.RegionFactoryInitiator - HHH000026: Second-level cache disabled
2025-01-15 16:37:04 [main] WARN  org.hibernate.orm.deprecation - HHH90000025: PostgreSQLDialect does not need to be specified explicitly using 'hibernate.dialect' (remove the property setting and it will be selected by default)
2025-01-15 16:37:04 [main] INFO  o.s.o.j.p.SpringPersistenceUnitInfo - No LoadTimeWeaver setup: ignoring JPA class transformer
2025-01-15 16:37:06 [main] INFO  o.h.e.t.j.p.i.JtaPlatformInitiator - HHH000489: No JTA platform available (set 'hibernate.transaction.jta.platform' to enable JTA platform integration)
2025-01-15 16:37:06 [main] INFO  o.s.o.j.LocalContainerEntityManagerFactoryBean - Initialized JPA EntityManagerFactory for persistence unit 'default'
2025-01-15 16:37:06 [main] INFO  o.s.d.j.r.query.QueryEnhancerFactory - Hibernate is in classpath; If applicable, HQL parser will be used.
2025-01-15 16:37:07 [main] WARN  o.s.b.a.o.j.JpaBaseConfiguration$JpaWebConfiguration - spring.jpa.open-in-view is enabled by default. Therefore, database queries may be performed during view rendering. Explicitly configure spring.jpa.open-in-view to disable this warning
2025-01-15 16:37:07 [main] INFO  o.s.s.c.a.a.c.InitializeUserDetailsBeanManagerConfigurer$InitializeUserDetailsManagerConfigurer - Global AuthenticationManager configured with UserDetailsService bean with name userDetailsService
2025-01-15 16:37:07 [main] INFO  o.s.b.a.w.s.WelcomePageHandlerMapping - Adding welcome page template: index
2025-01-15 16:37:09 [main] INFO  o.s.i.endpoint.EventDrivenConsumer - Adding {logging-channel-adapter:_org.springframework.integration.errorLogger} as a subscriber to the 'errorChannel' channel
2025-01-15 16:37:09 [main] INFO  o.s.i.c.PublishSubscribeChannel - Channel 'JetinnoTelemetry.errorChannel' has 1 subscriber(s).
2025-01-15 16:37:09 [main] INFO  o.s.i.endpoint.EventDrivenConsumer - started bean '_org.springframework.integration.errorLogger'
2025-01-15 16:37:09 [main] INFO  o.a.coyote.http11.Http11NioProtocol - Starting ProtocolHandler ["http-nio-8001"]
2025-01-15 16:37:09 [main] INFO  o.s.b.w.e.tomcat.TomcatWebServer - Tomcat started on port 8001 (http) with context path '/jetinno_api'
2025-01-15 16:37:09 [main] INFO  c.e.telemetry.TelemetryApplication - Started TelemetryApplication in 11.067 seconds (process running for 11.69)
2025-01-15 16:38:42 [Thread-2] INFO  c.e.telemetry.model.MachineInterface - {"status":"clearerror","cmd":"machinestatus","vmc_no":73844}
2025-01-15 16:38:42 [Thread-2] INFO  c.e.telemetry.model.MachineInterface - {"status":"supply","supply":{"10284":"100000","10008":"37","9991":"100000","10009":"100000","10006":"35","19991":"100000","10007":"100000"},"time":"20250115163839","cmd":"machinestatus","vmc_no":73844}
2025-01-15 16:38:42 [Thread-2] INFO  c.e.telemetry.model.MachineInterface - {"status":"doorclose","cmd":"machinestatus","vmc_no":73844}
2025-01-15 16:45:30 [SpringApplicationShutdownHook] INFO  o.s.i.endpoint.EventDrivenConsumer - Removing {logging-channel-adapter:_org.springframework.integration.errorLogger} as a subscriber to the 'errorChannel' channel
2025-01-15 16:45:30 [SpringApplicationShutdownHook] INFO  o.s.i.c.PublishSubscribeChannel - Channel 'JetinnoTelemetry.errorChannel' has 0 subscriber(s).
2025-01-15 16:45:30 [SpringApplicationShutdownHook] INFO  o.s.i.endpoint.EventDrivenConsumer - stopped bean '_org.springframework.integration.errorLogger'
2025-01-15 16:45:30 [SpringApplicationShutdownHook] INFO  o.s.o.j.LocalContainerEntityManagerFactoryBean - Closing JPA EntityManagerFactory for persistence unit 'default'
2025-01-15 16:45:30 [SpringApplicationShutdownHook] INFO  com.zaxxer.hikari.HikariDataSource - HikariPool-1 - Shutdown initiated...
2025-01-15 16:45:30 [SpringApplicationShutdownHook] INFO  com.zaxxer.hikari.HikariDataSource - HikariPool-1 - Shutdown completed.
2025-01-15 17:02:43 [main] INFO  c.e.telemetry.TelemetryApplication - Starting TelemetryApplication using Java 22.0.1 with PID 2832 (C:\Users\vadim.tissen\IdeaProjects\demo\target\classes started by vadim.tissen in C:\Users\vadim.tissen\IdeaProjects\demo)
2025-01-15 17:02:43 [main] INFO  c.e.telemetry.TelemetryApplication - No active profile set, falling back to 1 default profile: "default"
2025-01-15 17:02:44 [main] INFO  o.s.d.r.c.RepositoryConfigurationDelegate - Bootstrapping Spring Data JPA repositories in DEFAULT mode.
2025-01-15 17:02:44 [main] INFO  o.s.d.r.c.RepositoryConfigurationDelegate - Finished Spring Data repository scanning in 212 ms. Found 6 JPA repository interfaces.
2025-01-15 17:02:44 [main] INFO  o.s.i.c.DefaultConfiguringBeanFactoryPostProcessor - No bean named 'errorChannel' has been explicitly defined. Therefore, a default PublishSubscribeChannel will be created.
2025-01-15 17:02:44 [main] INFO  o.s.i.c.DefaultConfiguringBeanFactoryPostProcessor - No bean named 'integrationHeaderChannelRegistry' has been explicitly defined. Therefore, a default DefaultHeaderChannelRegistry will be created.
2025-01-15 17:02:45 [main] INFO  o.s.b.w.e.tomcat.TomcatWebServer - Tomcat initialized with port 8001 (http)
2025-01-15 17:02:45 [main] INFO  o.a.coyote.http11.Http11NioProtocol - Initializing ProtocolHandler ["http-nio-8001"]
2025-01-15 17:02:45 [main] INFO  o.a.catalina.core.StandardService - Starting service [Tomcat]
2025-01-15 17:02:45 [main] INFO  o.a.catalina.core.StandardEngine - Starting Servlet engine: [Apache Tomcat/10.1.26]
2025-01-15 17:02:45 [main] INFO  o.a.c.c.C.[.[.[/jetinno_api] - Initializing Spring embedded WebApplicationContext
2025-01-15 17:02:45 [main] INFO  o.s.b.w.s.c.ServletWebServerApplicationContext - Root WebApplicationContext: initialization completed in 2736 ms
2025-01-15 17:02:46 [main] INFO  com.zaxxer.hikari.HikariDataSource - HikariPool-1 - Starting...
2025-01-15 17:02:46 [main] INFO  com.zaxxer.hikari.pool.HikariPool - HikariPool-1 - Added connection org.postgresql.jdbc.PgConnection@5dfc2a4
2025-01-15 17:02:46 [main] INFO  com.zaxxer.hikari.HikariDataSource - HikariPool-1 - Start completed.
2025-01-15 17:02:46 [main] INFO  org.flywaydb.core.FlywayExecutor - Database: jdbc:postgresql://localhost:5432/CoffeeTelemetry (PostgreSQL 16.4)
2025-01-15 17:02:46 [main] INFO  o.f.core.internal.command.DbValidate - Successfully validated 4 migrations (execution time 00:00.058s)
2025-01-15 17:02:46 [main] INFO  o.f.core.internal.command.DbMigrate - Current version of schema "public": 3
2025-01-15 17:02:46 [main] INFO  o.f.core.internal.command.DbMigrate - Schema "public" is up to date. No migration necessary.
2025-01-15 17:02:47 [main] INFO  o.h.jpa.internal.util.LogHelper - HHH000204: Processing PersistenceUnitInfo [name: default]
2025-01-15 17:02:47 [main] INFO  org.hibernate.Version - HHH000412: Hibernate ORM core version 6.5.2.Final
2025-01-15 17:02:47 [main] INFO  o.h.c.i.RegionFactoryInitiator - HHH000026: Second-level cache disabled
2025-01-15 17:02:47 [main] WARN  org.hibernate.orm.deprecation - HHH90000025: PostgreSQLDialect does not need to be specified explicitly using 'hibernate.dialect' (remove the property setting and it will be selected by default)
2025-01-15 17:02:47 [main] INFO  o.s.o.j.p.SpringPersistenceUnitInfo - No LoadTimeWeaver setup: ignoring JPA class transformer
2025-01-15 17:02:48 [main] INFO  o.h.e.t.j.p.i.JtaPlatformInitiator - HHH000489: No JTA platform available (set 'hibernate.transaction.jta.platform' to enable JTA platform integration)
2025-01-15 17:02:49 [main] INFO  o.s.o.j.LocalContainerEntityManagerFactoryBean - Initialized JPA EntityManagerFactory for persistence unit 'default'
2025-01-15 17:02:49 [main] INFO  o.s.d.j.r.query.QueryEnhancerFactory - Hibernate is in classpath; If applicable, HQL parser will be used.
2025-01-15 17:02:50 [main] WARN  o.s.b.a.o.j.JpaBaseConfiguration$JpaWebConfiguration - spring.jpa.open-in-view is enabled by default. Therefore, database queries may be performed during view rendering. Explicitly configure spring.jpa.open-in-view to disable this warning
2025-01-15 17:02:50 [main] INFO  o.s.s.c.a.a.c.InitializeUserDetailsBeanManagerConfigurer$InitializeUserDetailsManagerConfigurer - Global AuthenticationManager configured with UserDetailsService bean with name userDetailsService
2025-01-15 17:02:50 [main] INFO  o.s.b.a.w.s.WelcomePageHandlerMapping - Adding welcome page template: index
2025-01-15 17:02:51 [main] INFO  o.s.i.endpoint.EventDrivenConsumer - Adding {logging-channel-adapter:_org.springframework.integration.errorLogger} as a subscriber to the 'errorChannel' channel
2025-01-15 17:02:51 [main] INFO  o.s.i.c.PublishSubscribeChannel - Channel 'JetinnoTelemetry.errorChannel' has 1 subscriber(s).
2025-01-15 17:02:51 [main] INFO  o.s.i.endpoint.EventDrivenConsumer - started bean '_org.springframework.integration.errorLogger'
2025-01-15 17:02:51 [main] INFO  o.a.coyote.http11.Http11NioProtocol - Starting ProtocolHandler ["http-nio-8001"]
2025-01-15 17:02:51 [main] INFO  o.s.b.w.e.tomcat.TomcatWebServer - Tomcat started on port 8001 (http) with context path '/jetinno_api'
2025-01-15 17:02:51 [main] INFO  c.e.telemetry.TelemetryApplication - Started TelemetryApplication in 9.633 seconds (process running for 10.425)
2025-01-15 17:02:57 [SpringApplicationShutdownHook] INFO  o.s.i.endpoint.EventDrivenConsumer - Removing {logging-channel-adapter:_org.springframework.integration.errorLogger} as a subscriber to the 'errorChannel' channel
2025-01-15 17:02:57 [SpringApplicationShutdownHook] INFO  o.s.i.c.PublishSubscribeChannel - Channel 'JetinnoTelemetry.errorChannel' has 0 subscriber(s).
2025-01-15 17:02:57 [SpringApplicationShutdownHook] INFO  o.s.i.endpoint.EventDrivenConsumer - stopped bean '_org.springframework.integration.errorLogger'
2025-01-15 17:02:57 [SpringApplicationShutdownHook] INFO  o.s.o.j.LocalContainerEntityManagerFactoryBean - Closing JPA EntityManagerFactory for persistence unit 'default'
2025-01-15 17:02:57 [SpringApplicationShutdownHook] INFO  com.zaxxer.hikari.HikariDataSource - HikariPool-1 - Shutdown initiated...
2025-01-15 17:02:57 [SpringApplicationShutdownHook] INFO  com.zaxxer.hikari.HikariDataSource - HikariPool-1 - Shutdown completed.
2025-01-15 17:03:07 [main] INFO  c.e.telemetry.TelemetryApplication - Starting TelemetryApplication using Java 22.0.1 with PID 15772 (C:\Users\vadim.tissen\IdeaProjects\demo\target\classes started by vadim.tissen in C:\Users\vadim.tissen\IdeaProjects\demo)
2025-01-15 17:03:07 [main] INFO  c.e.telemetry.TelemetryApplication - No active profile set, falling back to 1 default profile: "default"
2025-01-15 17:03:09 [main] INFO  o.s.d.r.c.RepositoryConfigurationDelegate - Bootstrapping Spring Data JPA repositories in DEFAULT mode.
2025-01-15 17:03:09 [main] INFO  o.s.d.r.c.RepositoryConfigurationDelegate - Finished Spring Data repository scanning in 216 ms. Found 6 JPA repository interfaces.
2025-01-15 17:03:09 [main] INFO  o.s.i.c.DefaultConfiguringBeanFactoryPostProcessor - No bean named 'errorChannel' has been explicitly defined. Therefore, a default PublishSubscribeChannel will be created.
2025-01-15 17:03:09 [main] INFO  o.s.i.c.DefaultConfiguringBeanFactoryPostProcessor - No bean named 'integrationHeaderChannelRegistry' has been explicitly defined. Therefore, a default DefaultHeaderChannelRegistry will be created.
2025-01-15 17:03:10 [main] INFO  o.s.b.w.e.tomcat.TomcatWebServer - Tomcat initialized with port 8001 (http)
2025-01-15 17:03:10 [main] INFO  o.a.coyote.http11.Http11NioProtocol - Initializing ProtocolHandler ["http-nio-8001"]
2025-01-15 17:03:10 [main] INFO  o.a.catalina.core.StandardService - Starting service [Tomcat]
2025-01-15 17:03:10 [main] INFO  o.a.catalina.core.StandardEngine - Starting Servlet engine: [Apache Tomcat/10.1.26]
2025-01-15 17:03:10 [main] INFO  o.a.c.c.C.[.[.[/jetinno_api] - Initializing Spring embedded WebApplicationContext
2025-01-15 17:03:10 [main] INFO  o.s.b.w.s.c.ServletWebServerApplicationContext - Root WebApplicationContext: initialization completed in 2763 ms
2025-01-15 17:03:11 [main] INFO  com.zaxxer.hikari.HikariDataSource - HikariPool-1 - Starting...
2025-01-15 17:03:11 [main] INFO  com.zaxxer.hikari.pool.HikariPool - HikariPool-1 - Added connection org.postgresql.jdbc.PgConnection@3120495d
2025-01-15 17:03:11 [main] INFO  com.zaxxer.hikari.HikariDataSource - HikariPool-1 - Start completed.
2025-01-15 17:03:11 [main] INFO  org.flywaydb.core.FlywayExecutor - Database: jdbc:postgresql://localhost:5432/CoffeeTelemetry (PostgreSQL 16.4)
2025-01-15 17:03:11 [main] INFO  o.f.core.internal.command.DbValidate - Successfully validated 4 migrations (execution time 00:00.039s)
2025-01-15 17:03:11 [main] INFO  o.f.core.internal.command.DbMigrate - Current version of schema "public": 3
2025-01-15 17:03:11 [main] INFO  o.f.core.internal.command.DbMigrate - Schema "public" is up to date. No migration necessary.
2025-01-15 17:03:11 [main] INFO  o.h.jpa.internal.util.LogHelper - HHH000204: Processing PersistenceUnitInfo [name: default]
2025-01-15 17:03:11 [main] INFO  org.hibernate.Version - HHH000412: Hibernate ORM core version 6.5.2.Final
2025-01-15 17:03:12 [main] INFO  o.h.c.i.RegionFactoryInitiator - HHH000026: Second-level cache disabled
2025-01-15 17:03:12 [main] WARN  org.hibernate.orm.deprecation - HHH90000025: PostgreSQLDialect does not need to be specified explicitly using 'hibernate.dialect' (remove the property setting and it will be selected by default)
2025-01-15 17:03:12 [main] INFO  o.s.o.j.p.SpringPersistenceUnitInfo - No LoadTimeWeaver setup: ignoring JPA class transformer
2025-01-15 17:03:13 [main] INFO  o.h.e.t.j.p.i.JtaPlatformInitiator - HHH000489: No JTA platform available (set 'hibernate.transaction.jta.platform' to enable JTA platform integration)
2025-01-15 17:03:13 [main] INFO  o.s.o.j.LocalContainerEntityManagerFactoryBean - Initialized JPA EntityManagerFactory for persistence unit 'default'
2025-01-15 17:03:14 [main] INFO  o.s.d.j.r.query.QueryEnhancerFactory - Hibernate is in classpath; If applicable, HQL parser will be used.
2025-01-15 17:03:15 [main] WARN  o.s.b.a.o.j.JpaBaseConfiguration$JpaWebConfiguration - spring.jpa.open-in-view is enabled by default. Therefore, database queries may be performed during view rendering. Explicitly configure spring.jpa.open-in-view to disable this warning
2025-01-15 17:03:15 [main] INFO  o.s.s.c.a.a.c.InitializeUserDetailsBeanManagerConfigurer$InitializeUserDetailsManagerConfigurer - Global AuthenticationManager configured with UserDetailsService bean with name userDetailsService
2025-01-15 17:03:15 [main] INFO  o.s.b.a.w.s.WelcomePageHandlerMapping - Adding welcome page template: index
2025-01-15 17:03:16 [main] INFO  o.s.i.endpoint.EventDrivenConsumer - Adding {logging-channel-adapter:_org.springframework.integration.errorLogger} as a subscriber to the 'errorChannel' channel
2025-01-15 17:03:16 [main] INFO  o.s.i.c.PublishSubscribeChannel - Channel 'JetinnoTelemetry.errorChannel' has 1 subscriber(s).
2025-01-15 17:03:16 [main] INFO  o.s.i.endpoint.EventDrivenConsumer - started bean '_org.springframework.integration.errorLogger'
2025-01-15 17:03:16 [main] INFO  o.a.coyote.http11.Http11NioProtocol - Starting ProtocolHandler ["http-nio-8001"]
2025-01-15 17:03:16 [main] INFO  o.s.b.w.e.tomcat.TomcatWebServer - Tomcat started on port 8001 (http) with context path '/jetinno_api'
2025-01-15 17:03:16 [main] INFO  c.e.telemetry.TelemetryApplication - Started TelemetryApplication in 9.863 seconds (process running for 10.513)
2025-01-15 17:06:06 [Thread-2] INFO  c.e.telemetry.model.MachineInterface - {"status":"clearerror","cmd":"machinestatus","vmc_no":73844}
2025-01-15 17:06:06 [Thread-2] INFO  c.e.telemetry.model.MachineInterface - {"status":"supply","supply":{"10284":"100000","10008":"537","9991":"100000","10009":"100000","10006":"535","19991":"100000","10007":"100000"},"time":"20250115170603","cmd":"machinestatus","vmc_no":73844}
2025-01-15 17:06:06 [Thread-2] INFO  c.e.telemetry.model.MachineInterface - {"status":"doorclose","cmd":"machinestatus","vmc_no":73844}
2025-01-15 17:06:26 [http-nio-8001-exec-2] INFO  o.a.c.c.C.[.[.[/jetinno_api] - Initializing Spring DispatcherServlet 'dispatcherServlet'
2025-01-15 17:06:26 [http-nio-8001-exec-2] INFO  o.s.web.servlet.DispatcherServlet - Initializing Servlet 'dispatcherServlet'
2025-01-15 17:06:26 [http-nio-8001-exec-2] INFO  o.s.web.servlet.DispatcherServlet - Completed initialization in 2 ms
2025-01-15 17:06:26 [Thread-2] INFO  c.e.telemetry.model.MachineInterface - {"comp_id":0,"io_version":"V87.25","login_count":12,"sign":"tangtang","timestamp":"20250115","version":"V1.0.9.T_JL32_33","cmd":"login","vmc_no":73844}
2025-01-15 17:06:27 [Thread-2] INFO  c.e.telemetry.model.MachineInterface - {"status":"supply","supply":{"10284":"100000","10008":"537","9991":"100000","10009":"100000","10006":"535","19991":"100000","10007":"100000"},"time":"20250115170624","cmd":"machinestatus","vmc_no":73844}
2025-01-15 17:07:33 [Thread-2] INFO  c.e.telemetry.model.MachineInterface - {"status":"clearerror","cmd":"machinestatus","vmc_no":73844}
2025-01-15 17:10:07 [Thread-4] INFO  c.e.telemetry.model.MachineInterface - {"comp_id":0,"io_version":"V87.25","login_count":14,"sign":"tangtang","timestamp":"20250115","version":"V1.0.9.T_JL32_33","cmd":"login","vmc_no":73844}
2025-01-15 17:10:07 [Thread-4] INFO  c.e.telemetry.model.MachineInterface - {"status":"clearerror","cmd":"machinestatus","vmc_no":73844}
2025-01-15 17:10:07 [Thread-4] INFO  c.e.telemetry.model.MachineInterface - {"status":"supply","supply":{"10284":"100000","10008":"537","9991":"100000","10009":"100000","10006":"535","19991":"100000","10007":"100000"},"time":"20250115171005","cmd":"machinestatus","vmc_no":73844}
2025-01-15 17:10:07 [Thread-4] INFO  c.e.telemetry.model.MachineInterface - {"status":"doorclose","cmd":"machinestatus","vmc_no":73844}
2025-01-15 17:10:46 [SpringApplicationShutdownHook] INFO  o.s.i.endpoint.EventDrivenConsumer - Removing {logging-channel-adapter:_org.springframework.integration.errorLogger} as a subscriber to the 'errorChannel' channel
2025-01-15 17:10:46 [SpringApplicationShutdownHook] INFO  o.s.i.c.PublishSubscribeChannel - Channel 'JetinnoTelemetry.errorChannel' has 0 subscriber(s).
2025-01-15 17:10:46 [SpringApplicationShutdownHook] INFO  o.s.i.endpoint.EventDrivenConsumer - stopped bean '_org.springframework.integration.errorLogger'
2025-01-15 17:10:46 [SpringApplicationShutdownHook] INFO  o.s.o.j.LocalContainerEntityManagerFactoryBean - Closing JPA EntityManagerFactory for persistence unit 'default'
2025-01-15 17:10:46 [SpringApplicationShutdownHook] INFO  com.zaxxer.hikari.HikariDataSource - HikariPool-1 - Shutdown initiated...
2025-01-15 17:10:46 [SpringApplicationShutdownHook] INFO  com.zaxxer.hikari.HikariDataSource - HikariPool-1 - Shutdown completed.
2025-01-16 08:31:24 [main] INFO  c.e.telemetry.TelemetryApplication - Starting TelemetryApplication using Java 22.0.1 with PID 5436 (C:\Users\vadim.tissen\IdeaProjects\demo\target\classes started by vadim.tissen in C:\Users\vadim.tissen\IdeaProjects\demo)
2025-01-16 08:31:24 [main] INFO  c.e.telemetry.TelemetryApplication - No active profile set, falling back to 1 default profile: "default"
2025-01-16 08:31:25 [main] INFO  o.s.d.r.c.RepositoryConfigurationDelegate - Bootstrapping Spring Data JPA repositories in DEFAULT mode.
2025-01-16 08:31:25 [main] INFO  o.s.d.r.c.RepositoryConfigurationDelegate - Finished Spring Data repository scanning in 224 ms. Found 6 JPA repository interfaces.
2025-01-16 08:31:26 [main] INFO  o.s.i.c.DefaultConfiguringBeanFactoryPostProcessor - No bean named 'errorChannel' has been explicitly defined. Therefore, a default PublishSubscribeChannel will be created.
2025-01-16 08:31:26 [main] INFO  o.s.i.c.DefaultConfiguringBeanFactoryPostProcessor - No bean named 'integrationHeaderChannelRegistry' has been explicitly defined. Therefore, a default DefaultHeaderChannelRegistry will be created.
2025-01-16 08:31:27 [main] INFO  o.s.b.w.e.tomcat.TomcatWebServer - Tomcat initialized with port 8001 (http)
2025-01-16 08:31:27 [main] INFO  o.s.b.w.s.c.ServletWebServerApplicationContext - Root WebApplicationContext: initialization completed in 2933 ms
2025-01-16 08:31:27 [main] INFO  com.zaxxer.hikari.HikariDataSource - HikariPool-1 - Starting...
2025-01-16 08:31:28 [main] INFO  com.zaxxer.hikari.pool.HikariPool - HikariPool-1 - Added connection org.postgresql.jdbc.PgConnection@3b96f8b0
2025-01-16 08:31:28 [main] INFO  com.zaxxer.hikari.HikariDataSource - HikariPool-1 - Start completed.
2025-01-16 08:31:28 [main] INFO  org.flywaydb.core.FlywayExecutor - Database: jdbc:postgresql://localhost:5432/CoffeeTelemetry (PostgreSQL 16.4)
2025-01-16 08:31:28 [main] INFO  o.f.core.internal.command.DbValidate - Successfully validated 4 migrations (execution time 00:00.079s)
2025-01-16 08:31:28 [main] INFO  o.f.core.internal.command.DbMigrate - Current version of schema "public": 3
2025-01-16 08:31:28 [main] INFO  o.f.core.internal.command.DbMigrate - Schema "public" is up to date. No migration necessary.
2025-01-16 08:31:28 [main] INFO  o.h.jpa.internal.util.LogHelper - HHH000204: Processing PersistenceUnitInfo [name: default]
2025-01-16 08:31:28 [main] INFO  org.hibernate.Version - HHH000412: Hibernate ORM core version 6.5.2.Final
2025-01-16 08:31:28 [main] INFO  o.h.c.i.RegionFactoryInitiator - HHH000026: Second-level cache disabled
2025-01-16 08:31:28 [main] WARN  org.hibernate.orm.deprecation - HHH90000025: PostgreSQLDialect does not need to be specified explicitly using 'hibernate.dialect' (remove the property setting and it will be selected by default)
2025-01-16 08:31:29 [main] INFO  o.s.o.j.p.SpringPersistenceUnitInfo - No LoadTimeWeaver setup: ignoring JPA class transformer
2025-01-16 08:31:30 [main] INFO  o.h.e.t.j.p.i.JtaPlatformInitiator - HHH000489: No JTA platform available (set 'hibernate.transaction.jta.platform' to enable JTA platform integration)
2025-01-16 08:31:30 [main] INFO  o.s.o.j.LocalContainerEntityManagerFactoryBean - Initialized JPA EntityManagerFactory for persistence unit 'default'
2025-01-16 08:31:30 [main] INFO  o.s.d.j.r.query.QueryEnhancerFactory - Hibernate is in classpath; If applicable, HQL parser will be used.
2025-01-16 08:31:31 [main] WARN  o.s.b.a.o.j.JpaBaseConfiguration$JpaWebConfiguration - spring.jpa.open-in-view is enabled by default. Therefore, database queries may be performed during view rendering. Explicitly configure spring.jpa.open-in-view to disable this warning
2025-01-16 08:31:32 [main] INFO  o.s.s.c.a.a.c.InitializeUserDetailsBeanManagerConfigurer$InitializeUserDetailsManagerConfigurer - Global AuthenticationManager configured with UserDetailsService bean with name userDetailsService
2025-01-16 08:31:32 [main] INFO  o.s.b.a.w.s.WelcomePageHandlerMapping - Adding welcome page template: index
2025-01-16 08:31:33 [main] INFO  o.s.i.endpoint.EventDrivenConsumer - Adding {logging-channel-adapter:_org.springframework.integration.errorLogger} as a subscriber to the 'errorChannel' channel
2025-01-16 08:31:33 [main] INFO  o.s.i.c.PublishSubscribeChannel - Channel 'JetinnoTelemetry.errorChannel' has 1 subscriber(s).
2025-01-16 08:31:33 [main] INFO  o.s.i.endpoint.EventDrivenConsumer - started bean '_org.springframework.integration.errorLogger'
2025-01-16 08:31:33 [main] INFO  o.s.b.w.e.tomcat.TomcatWebServer - Tomcat started on port 8001 (http) with context path '/jetinno_api'
2025-01-16 08:31:33 [main] INFO  c.e.telemetry.TelemetryApplication - Started TelemetryApplication in 10.491 seconds (process running for 11.467)
2025-01-16 08:31:33 [SpringApplicationShutdownHook] INFO  o.s.i.endpoint.EventDrivenConsumer - Removing {logging-channel-adapter:_org.springframework.integration.errorLogger} as a subscriber to the 'errorChannel' channel
2025-01-16 08:31:33 [SpringApplicationShutdownHook] INFO  o.s.i.c.PublishSubscribeChannel - Channel 'JetinnoTelemetry.errorChannel' has 0 subscriber(s).
2025-01-16 08:31:33 [SpringApplicationShutdownHook] INFO  o.s.i.endpoint.EventDrivenConsumer - stopped bean '_org.springframework.integration.errorLogger'
2025-01-16 08:31:33 [SpringApplicationShutdownHook] INFO  o.s.o.j.LocalContainerEntityManagerFactoryBean - Closing JPA EntityManagerFactory for persistence unit 'default'
2025-01-16 08:31:33 [SpringApplicationShutdownHook] INFO  com.zaxxer.hikari.HikariDataSource - HikariPool-1 - Shutdown initiated...
2025-01-16 08:31:33 [SpringApplicationShutdownHook] INFO  com.zaxxer.hikari.HikariDataSource - HikariPool-1 - Shutdown completed.
2025-01-16 08:31:39 [main] INFO  c.e.telemetry.TelemetryApplication - Starting TelemetryApplication using Java 22.0.1 with PID 14236 (C:\Users\vadim.tissen\IdeaProjects\demo\target\classes started by vadim.tissen in C:\Users\vadim.tissen\IdeaProjects\demo)
2025-01-16 08:31:39 [main] INFO  c.e.telemetry.TelemetryApplication - No active profile set, falling back to 1 default profile: "default"
2025-01-16 08:31:41 [main] INFO  o.s.d.r.c.RepositoryConfigurationDelegate - Bootstrapping Spring Data JPA repositories in DEFAULT mode.
2025-01-16 08:31:41 [main] INFO  o.s.d.r.c.RepositoryConfigurationDelegate - Finished Spring Data repository scanning in 222 ms. Found 6 JPA repository interfaces.
2025-01-16 08:31:41 [main] INFO  o.s.i.c.DefaultConfiguringBeanFactoryPostProcessor - No bean named 'errorChannel' has been explicitly defined. Therefore, a default PublishSubscribeChannel will be created.
2025-01-16 08:31:41 [main] INFO  o.s.i.c.DefaultConfiguringBeanFactoryPostProcessor - No bean named 'integrationHeaderChannelRegistry' has been explicitly defined. Therefore, a default DefaultHeaderChannelRegistry will be created.
2025-01-16 08:31:42 [main] INFO  o.s.b.w.e.tomcat.TomcatWebServer - Tomcat initialized with port 8001 (http)
2025-01-16 08:31:42 [main] INFO  o.a.coyote.http11.Http11NioProtocol - Initializing ProtocolHandler ["http-nio-8001"]
2025-01-16 08:31:42 [main] INFO  o.a.catalina.core.StandardService - Starting service [Tomcat]
2025-01-16 08:31:42 [main] INFO  o.a.catalina.core.StandardEngine - Starting Servlet engine: [Apache Tomcat/10.1.26]
2025-01-16 08:31:42 [main] INFO  o.a.c.c.C.[.[.[/jetinno_api] - Initializing Spring embedded WebApplicationContext
2025-01-16 08:31:42 [main] INFO  o.s.b.w.s.c.ServletWebServerApplicationContext - Root WebApplicationContext: initialization completed in 2785 ms
2025-01-16 08:31:43 [main] INFO  com.zaxxer.hikari.HikariDataSource - HikariPool-1 - Starting...
2025-01-16 08:31:43 [main] INFO  com.zaxxer.hikari.pool.HikariPool - HikariPool-1 - Added connection org.postgresql.jdbc.PgConnection@218df7d6
2025-01-16 08:31:43 [main] INFO  com.zaxxer.hikari.HikariDataSource - HikariPool-1 - Start completed.
2025-01-16 08:31:43 [main] INFO  org.flywaydb.core.FlywayExecutor - Database: jdbc:postgresql://localhost:5432/CoffeeTelemetry (PostgreSQL 16.4)
2025-01-16 08:31:43 [main] INFO  o.f.core.internal.command.DbValidate - Successfully validated 4 migrations (execution time 00:00.056s)
2025-01-16 08:31:43 [main] INFO  o.f.core.internal.command.DbMigrate - Current version of schema "public": 3
2025-01-16 08:31:43 [main] INFO  o.f.core.internal.command.DbMigrate - Schema "public" is up to date. No migration necessary.
2025-01-16 08:31:43 [main] INFO  o.h.jpa.internal.util.LogHelper - HHH000204: Processing PersistenceUnitInfo [name: default]
2025-01-16 08:31:44 [main] INFO  org.hibernate.Version - HHH000412: Hibernate ORM core version 6.5.2.Final
2025-01-16 08:31:44 [main] INFO  o.h.c.i.RegionFactoryInitiator - HHH000026: Second-level cache disabled
2025-01-16 08:31:44 [main] WARN  org.hibernate.orm.deprecation - HHH90000025: PostgreSQLDialect does not need to be specified explicitly using 'hibernate.dialect' (remove the property setting and it will be selected by default)
2025-01-16 08:31:44 [main] INFO  o.s.o.j.p.SpringPersistenceUnitInfo - No LoadTimeWeaver setup: ignoring JPA class transformer
2025-01-16 08:31:46 [main] INFO  o.h.e.t.j.p.i.JtaPlatformInitiator - HHH000489: No JTA platform available (set 'hibernate.transaction.jta.platform' to enable JTA platform integration)
2025-01-16 08:31:46 [main] INFO  o.s.o.j.LocalContainerEntityManagerFactoryBean - Initialized JPA EntityManagerFactory for persistence unit 'default'
2025-01-16 08:31:46 [main] INFO  o.s.d.j.r.query.QueryEnhancerFactory - Hibernate is in classpath; If applicable, HQL parser will be used.
2025-01-16 08:31:47 [main] WARN  o.s.b.a.o.j.JpaBaseConfiguration$JpaWebConfiguration - spring.jpa.open-in-view is enabled by default. Therefore, database queries may be performed during view rendering. Explicitly configure spring.jpa.open-in-view to disable this warning
2025-01-16 08:31:47 [main] INFO  o.s.s.c.a.a.c.InitializeUserDetailsBeanManagerConfigurer$InitializeUserDetailsManagerConfigurer - Global AuthenticationManager configured with UserDetailsService bean with name userDetailsService
2025-01-16 08:31:47 [main] INFO  o.s.b.a.w.s.WelcomePageHandlerMapping - Adding welcome page template: index
2025-01-16 08:31:48 [main] INFO  o.s.i.endpoint.EventDrivenConsumer - Adding {logging-channel-adapter:_org.springframework.integration.errorLogger} as a subscriber to the 'errorChannel' channel
2025-01-16 08:31:48 [main] INFO  o.s.i.c.PublishSubscribeChannel - Channel 'JetinnoTelemetry.errorChannel' has 1 subscriber(s).
2025-01-16 08:31:48 [main] INFO  o.s.i.endpoint.EventDrivenConsumer - started bean '_org.springframework.integration.errorLogger'
2025-01-16 08:31:48 [main] INFO  o.a.coyote.http11.Http11NioProtocol - Starting ProtocolHandler ["http-nio-8001"]
2025-01-16 08:31:48 [main] INFO  o.s.b.w.e.tomcat.TomcatWebServer - Tomcat started on port 8001 (http) with context path '/jetinno_api'
2025-01-16 08:31:48 [main] INFO  c.e.telemetry.TelemetryApplication - Started TelemetryApplication in 9.995 seconds (process running for 11.27)
2025-01-16 08:35:21 [SpringApplicationShutdownHook] INFO  o.s.i.endpoint.EventDrivenConsumer - Removing {logging-channel-adapter:_org.springframework.integration.errorLogger} as a subscriber to the 'errorChannel' channel
2025-01-16 08:35:21 [SpringApplicationShutdownHook] INFO  o.s.i.c.PublishSubscribeChannel - Channel 'JetinnoTelemetry.errorChannel' has 0 subscriber(s).
2025-01-16 08:35:21 [SpringApplicationShutdownHook] INFO  o.s.i.endpoint.EventDrivenConsumer - stopped bean '_org.springframework.integration.errorLogger'
2025-01-16 08:35:21 [SpringApplicationShutdownHook] INFO  o.s.o.j.LocalContainerEntityManagerFactoryBean - Closing JPA EntityManagerFactory for persistence unit 'default'
2025-01-16 08:35:21 [SpringApplicationShutdownHook] INFO  com.zaxxer.hikari.HikariDataSource - HikariPool-1 - Shutdown initiated...
2025-01-16 08:35:21 [SpringApplicationShutdownHook] INFO  com.zaxxer.hikari.HikariDataSource - HikariPool-1 - Shutdown completed.
2025-01-16 08:35:24 [main] INFO  c.e.telemetry.TelemetryApplication - Starting TelemetryApplication using Java 22.0.1 with PID 1936 (C:\Users\vadim.tissen\IdeaProjects\demo\target\classes started by vadim.tissen in C:\Users\vadim.tissen\IdeaProjects\demo)
2025-01-16 08:35:24 [main] INFO  c.e.telemetry.TelemetryApplication - No active profile set, falling back to 1 default profile: "default"
2025-01-16 08:35:25 [main] INFO  o.s.d.r.c.RepositoryConfigurationDelegate - Bootstrapping Spring Data JPA repositories in DEFAULT mode.
2025-01-16 08:35:25 [main] INFO  o.s.d.r.c.RepositoryConfigurationDelegate - Finished Spring Data repository scanning in 227 ms. Found 6 JPA repository interfaces.
2025-01-16 08:35:25 [main] INFO  o.s.i.c.DefaultConfiguringBeanFactoryPostProcessor - No bean named 'errorChannel' has been explicitly defined. Therefore, a default PublishSubscribeChannel will be created.
2025-01-16 08:35:25 [main] INFO  o.s.i.c.DefaultConfiguringBeanFactoryPostProcessor - No bean named 'integrationHeaderChannelRegistry' has been explicitly defined. Therefore, a default DefaultHeaderChannelRegistry will be created.
2025-01-16 08:35:27 [main] INFO  o.s.b.w.e.tomcat.TomcatWebServer - Tomcat initialized with port 8001 (http)
2025-01-16 08:35:27 [main] INFO  o.a.coyote.http11.Http11NioProtocol - Initializing ProtocolHandler ["http-nio-8001"]
2025-01-16 08:35:27 [main] INFO  o.a.catalina.core.StandardService - Starting service [Tomcat]
2025-01-16 08:35:27 [main] INFO  o.a.catalina.core.StandardEngine - Starting Servlet engine: [Apache Tomcat/10.1.26]
2025-01-16 08:35:27 [main] INFO  o.a.c.c.C.[.[.[/jetinno_api] - Initializing Spring embedded WebApplicationContext
2025-01-16 08:35:27 [main] INFO  o.s.b.w.s.c.ServletWebServerApplicationContext - Root WebApplicationContext: initialization completed in 2982 ms
2025-01-16 08:35:27 [main] INFO  com.zaxxer.hikari.HikariDataSource - HikariPool-1 - Starting...
2025-01-16 08:35:27 [main] INFO  com.zaxxer.hikari.pool.HikariPool - HikariPool-1 - Added connection org.postgresql.jdbc.PgConnection@3dfe59d7
2025-01-16 08:35:27 [main] INFO  com.zaxxer.hikari.HikariDataSource - HikariPool-1 - Start completed.
2025-01-16 08:35:27 [main] INFO  org.flywaydb.core.FlywayExecutor - Database: jdbc:postgresql://localhost:5432/CoffeeTelemetry (PostgreSQL 16.4)
2025-01-16 08:35:28 [main] INFO  o.f.core.internal.command.DbValidate - Successfully validated 4 migrations (execution time 00:00.063s)
2025-01-16 08:35:28 [main] INFO  o.f.core.internal.command.DbMigrate - Current version of schema "public": 3
2025-01-16 08:35:28 [main] INFO  o.f.core.internal.command.DbMigrate - Schema "public" is up to date. No migration necessary.
2025-01-16 08:35:28 [main] INFO  o.h.jpa.internal.util.LogHelper - HHH000204: Processing PersistenceUnitInfo [name: default]
2025-01-16 08:35:28 [main] INFO  org.hibernate.Version - HHH000412: Hibernate ORM core version 6.5.2.Final
2025-01-16 08:35:28 [main] INFO  o.h.c.i.RegionFactoryInitiator - HHH000026: Second-level cache disabled
2025-01-16 08:35:28 [main] WARN  org.hibernate.orm.deprecation - HHH90000025: PostgreSQLDialect does not need to be specified explicitly using 'hibernate.dialect' (remove the property setting and it will be selected by default)
2025-01-16 08:35:29 [main] INFO  o.s.o.j.p.SpringPersistenceUnitInfo - No LoadTimeWeaver setup: ignoring JPA class transformer
2025-01-16 08:35:30 [main] INFO  o.h.e.t.j.p.i.JtaPlatformInitiator - HHH000489: No JTA platform available (set 'hibernate.transaction.jta.platform' to enable JTA platform integration)
2025-01-16 08:35:30 [main] INFO  o.s.o.j.LocalContainerEntityManagerFactoryBean - Initialized JPA EntityManagerFactory for persistence unit 'default'
2025-01-16 08:35:31 [main] INFO  o.s.d.j.r.query.QueryEnhancerFactory - Hibernate is in classpath; If applicable, HQL parser will be used.
2025-01-16 08:35:32 [main] WARN  o.s.b.a.o.j.JpaBaseConfiguration$JpaWebConfiguration - spring.jpa.open-in-view is enabled by default. Therefore, database queries may be performed during view rendering. Explicitly configure spring.jpa.open-in-view to disable this warning
2025-01-16 08:35:33 [main] INFO  o.s.s.c.a.a.c.InitializeUserDetailsBeanManagerConfigurer$InitializeUserDetailsManagerConfigurer - Global AuthenticationManager configured with UserDetailsService bean with name userDetailsService
2025-01-16 08:35:33 [main] INFO  o.s.b.a.w.s.WelcomePageHandlerMapping - Adding welcome page template: index
2025-01-16 08:35:35 [main] INFO  o.s.i.endpoint.EventDrivenConsumer - Adding {logging-channel-adapter:_org.springframework.integration.errorLogger} as a subscriber to the 'errorChannel' channel
2025-01-16 08:35:35 [main] INFO  o.s.i.c.PublishSubscribeChannel - Channel 'JetinnoTelemetry.errorChannel' has 1 subscriber(s).
2025-01-16 08:35:35 [main] INFO  o.s.i.endpoint.EventDrivenConsumer - started bean '_org.springframework.integration.errorLogger'
2025-01-16 08:35:35 [main] INFO  o.a.coyote.http11.Http11NioProtocol - Starting ProtocolHandler ["http-nio-8001"]
2025-01-16 08:35:35 [main] INFO  o.s.b.w.e.tomcat.TomcatWebServer - Tomcat started on port 8001 (http) with context path '/jetinno_api'
2025-01-16 08:35:35 [main] INFO  c.e.telemetry.TelemetryApplication - Started TelemetryApplication in 11.941 seconds (process running for 12.721)
2025-01-16 08:37:00 [Thread-2] INFO  c.e.telemetry.model.MachineInterface - {"status":"clearerror","cmd":"machinestatus","vmc_no":73844}
2025-01-16 08:37:00 [Thread-2] INFO  c.e.telemetry.model.MachineInterface - {"PayType":"free","ProductAmount":0,"ProductId":105,"ProductName":"Americano","canisterIds":"","count":0,"isDelete":false,"isok":true,"nameKey":"american_style_coffee","order_no":"202501160810337384422839","order_resend_times":0,"order_uploaded":false,"recipeName":"","timestamp":"20250116081132","cmd":"productdone","vmc_no":73844}
2025-01-16 08:37:00 [Thread-2] INFO  c.e.telemetry.model.MachineInterface - {"PayType":"free","ProductAmount":0,"ProductId":105,"ProductName":"Americano","canisterIds":"","count":0,"isDelete":false,"isok":true,"nameKey":"american_style_coffee","order_no":"202501160813047384474070","order_resend_times":0,"order_uploaded":false,"recipeName":"","timestamp":"20250116081358","cmd":"productdone","vmc_no":73844}
2025-01-16 08:38:26 [http-nio-8001-exec-2] INFO  o.a.c.c.C.[.[.[/jetinno_api] - Initializing Spring DispatcherServlet 'dispatcherServlet'
2025-01-16 08:38:26 [http-nio-8001-exec-2] INFO  o.s.web.servlet.DispatcherServlet - Initializing Servlet 'dispatcherServlet'
2025-01-16 08:38:26 [http-nio-8001-exec-2] INFO  o.s.web.servlet.DispatcherServlet - Completed initialization in 2 ms
2025-01-16 08:38:26 [Thread-2] INFO  c.e.telemetry.model.MachineInterface - {"comp_id":0,"io_version":"V87.25","login_count":4,"sign":"tangtang","timestamp":"20250116","version":"V1.0.9.T_JL32_33","cmd":"login","vmc_no":73844}
2025-01-16 08:38:32 [Thread-2] INFO  c.e.telemetry.model.MachineInterface - {"status":"supply","supply":{"10284":"100000","10008":"537","9991":"100000","10009":"100000","10006":"535","19991":"100000","10007":"100000"},"time":"20250116083823","cmd":"machinestatus","vmc_no":73844}
2025-01-16 08:38:32 [Thread-2] INFO  c.e.telemetry.model.MachineInterface - {"status":"doorclose","cmd":"machinestatus","vmc_no":73844}
2025-01-16 08:41:49 [SpringApplicationShutdownHook] INFO  o.s.i.endpoint.EventDrivenConsumer - Removing {logging-channel-adapter:_org.springframework.integration.errorLogger} as a subscriber to the 'errorChannel' channel
2025-01-16 08:41:49 [SpringApplicationShutdownHook] INFO  o.s.i.c.PublishSubscribeChannel - Channel 'JetinnoTelemetry.errorChannel' has 0 subscriber(s).
2025-01-16 08:41:49 [SpringApplicationShutdownHook] INFO  o.s.i.endpoint.EventDrivenConsumer - stopped bean '_org.springframework.integration.errorLogger'
2025-01-16 08:41:49 [SpringApplicationShutdownHook] INFO  o.s.o.j.LocalContainerEntityManagerFactoryBean - Closing JPA EntityManagerFactory for persistence unit 'default'
2025-01-16 08:41:49 [SpringApplicationShutdownHook] INFO  com.zaxxer.hikari.HikariDataSource - HikariPool-1 - Shutdown initiated...
2025-01-16 08:41:49 [SpringApplicationShutdownHook] INFO  com.zaxxer.hikari.HikariDataSource - HikariPool-1 - Shutdown completed.
2025-01-16 08:47:14 [main] INFO  c.e.telemetry.TelemetryApplication - Starting TelemetryApplication using Java 22.0.1 with PID 1488 (C:\Users\vadim.tissen\IdeaProjects\demo\target\classes started by vadim.tissen in C:\Users\vadim.tissen\IdeaProjects\demo)
2025-01-16 08:47:14 [main] INFO  c.e.telemetry.TelemetryApplication - No active profile set, falling back to 1 default profile: "default"
2025-01-16 08:47:15 [main] INFO  o.s.d.r.c.RepositoryConfigurationDelegate - Bootstrapping Spring Data JPA repositories in DEFAULT mode.
2025-01-16 08:47:15 [main] INFO  o.s.d.r.c.RepositoryConfigurationDelegate - Finished Spring Data repository scanning in 217 ms. Found 6 JPA repository interfaces.
2025-01-16 08:47:16 [main] INFO  o.s.i.c.DefaultConfiguringBeanFactoryPostProcessor - No bean named 'errorChannel' has been explicitly defined. Therefore, a default PublishSubscribeChannel will be created.
2025-01-16 08:47:16 [main] INFO  o.s.i.c.DefaultConfiguringBeanFactoryPostProcessor - No bean named 'integrationHeaderChannelRegistry' has been explicitly defined. Therefore, a default DefaultHeaderChannelRegistry will be created.
2025-01-16 08:47:16 [main] INFO  o.s.b.w.e.tomcat.TomcatWebServer - Tomcat initialized with port 8001 (http)
2025-01-16 08:47:17 [main] INFO  o.a.coyote.http11.Http11NioProtocol - Initializing ProtocolHandler ["http-nio-8001"]
2025-01-16 08:47:17 [main] INFO  o.a.catalina.core.StandardService - Starting service [Tomcat]
2025-01-16 08:47:17 [main] INFO  o.a.catalina.core.StandardEngine - Starting Servlet engine: [Apache Tomcat/10.1.26]
2025-01-16 08:47:17 [main] INFO  o.a.c.c.C.[.[.[/jetinno_api] - Initializing Spring embedded WebApplicationContext
2025-01-16 08:47:17 [main] INFO  o.s.b.w.s.c.ServletWebServerApplicationContext - Root WebApplicationContext: initialization completed in 2860 ms
2025-01-16 08:47:17 [main] INFO  com.zaxxer.hikari.HikariDataSource - HikariPool-1 - Starting...
2025-01-16 08:47:17 [main] INFO  com.zaxxer.hikari.pool.HikariPool - HikariPool-1 - Added connection org.postgresql.jdbc.PgConnection@165d1d54
2025-01-16 08:47:17 [main] INFO  com.zaxxer.hikari.HikariDataSource - HikariPool-1 - Start completed.
2025-01-16 08:47:18 [main] INFO  org.flywaydb.core.FlywayExecutor - Database: jdbc:postgresql://localhost:5432/CoffeeTelemetry (PostgreSQL 16.4)
2025-01-16 08:47:18 [main] INFO  o.f.core.internal.command.DbValidate - Successfully validated 4 migrations (execution time 00:00.061s)
2025-01-16 08:47:18 [main] INFO  o.f.core.internal.command.DbMigrate - Current version of schema "public": 3
2025-01-16 08:47:18 [main] INFO  o.f.core.internal.command.DbMigrate - Schema "public" is up to date. No migration necessary.
2025-01-16 08:47:18 [main] INFO  o.h.jpa.internal.util.LogHelper - HHH000204: Processing PersistenceUnitInfo [name: default]
2025-01-16 08:47:18 [main] INFO  org.hibernate.Version - HHH000412: Hibernate ORM core version 6.5.2.Final
2025-01-16 08:47:18 [main] INFO  o.h.c.i.RegionFactoryInitiator - HHH000026: Second-level cache disabled
2025-01-16 08:47:18 [main] WARN  org.hibernate.orm.deprecation - HHH90000025: PostgreSQLDialect does not need to be specified explicitly using 'hibernate.dialect' (remove the property setting and it will be selected by default)
2025-01-16 08:47:19 [main] INFO  o.s.o.j.p.SpringPersistenceUnitInfo - No LoadTimeWeaver setup: ignoring JPA class transformer
2025-01-16 08:47:20 [main] INFO  o.h.e.t.j.p.i.JtaPlatformInitiator - HHH000489: No JTA platform available (set 'hibernate.transaction.jta.platform' to enable JTA platform integration)
2025-01-16 08:47:20 [main] INFO  o.s.o.j.LocalContainerEntityManagerFactoryBean - Initialized JPA EntityManagerFactory for persistence unit 'default'
2025-01-16 08:47:21 [main] INFO  o.s.d.j.r.query.QueryEnhancerFactory - Hibernate is in classpath; If applicable, HQL parser will be used.
2025-01-16 08:47:21 [main] WARN  o.s.b.a.o.j.JpaBaseConfiguration$JpaWebConfiguration - spring.jpa.open-in-view is enabled by default. Therefore, database queries may be performed during view rendering. Explicitly configure spring.jpa.open-in-view to disable this warning
2025-01-16 08:47:22 [main] INFO  o.s.s.c.a.a.c.InitializeUserDetailsBeanManagerConfigurer$InitializeUserDetailsManagerConfigurer - Global AuthenticationManager configured with UserDetailsService bean with name userDetailsService
2025-01-16 08:47:22 [main] INFO  o.s.b.a.w.s.WelcomePageHandlerMapping - Adding welcome page template: index
2025-01-16 08:47:23 [main] INFO  o.s.i.endpoint.EventDrivenConsumer - Adding {logging-channel-adapter:_org.springframework.integration.errorLogger} as a subscriber to the 'errorChannel' channel
2025-01-16 08:47:23 [main] INFO  o.s.i.c.PublishSubscribeChannel - Channel 'JetinnoTelemetry.errorChannel' has 1 subscriber(s).
2025-01-16 08:47:23 [main] INFO  o.s.i.endpoint.EventDrivenConsumer - started bean '_org.springframework.integration.errorLogger'
2025-01-16 08:47:23 [main] INFO  o.a.coyote.http11.Http11NioProtocol - Starting ProtocolHandler ["http-nio-8001"]
2025-01-16 08:47:23 [main] INFO  o.s.b.w.e.tomcat.TomcatWebServer - Tomcat started on port 8001 (http) with context path '/jetinno_api'
2025-01-16 08:47:23 [main] INFO  c.e.telemetry.TelemetryApplication - Started TelemetryApplication in 10.495 seconds (process running for 11.446)
2025-01-16 08:49:39 [Thread-2] INFO  c.e.telemetry.model.MachineInterface - {"status":"clearerror","cmd":"machinestatus","vmc_no":73844}
2025-01-16 08:49:44 [Thread-2] INFO  c.e.telemetry.model.MachineInterface - {"status":"supply","supply":{"10284":"100000","10008":"537","9991":"100000","10009":"100000","10006":"535","19991":"100000","10007":"100000"},"time":"20250116084933","cmd":"machinestatus","vmc_no":73844}
2025-01-16 08:49:53 [http-nio-8001-exec-1] INFO  o.a.c.c.C.[.[.[/jetinno_api] - Initializing Spring DispatcherServlet 'dispatcherServlet'
2025-01-16 08:49:53 [http-nio-8001-exec-1] INFO  o.s.web.servlet.DispatcherServlet - Initializing Servlet 'dispatcherServlet'
2025-01-16 08:49:53 [http-nio-8001-exec-1] INFO  o.s.web.servlet.DispatcherServlet - Completed initialization in 2 ms
2025-01-16 08:49:56 [Thread-2] INFO  c.e.telemetry.model.MachineInterface - {"comp_id":0,"io_version":"V87.25","login_count":6,"sign":"tangtang","timestamp":"20250116","version":"V1.0.9.T_JL32_33","cmd":"login","vmc_no":73844}
2025-01-16 08:50:01 [Thread-2] INFO  c.e.telemetry.model.MachineInterface - {"status":"supply","supply":{"10284":"100000","10008":"537","9991":"100000","10009":"100000","10006":"535","19991":"100000","10007":"100000"},"time":"20250116084953","cmd":"machinestatus","vmc_no":73844}
2025-01-16 08:50:17 [Thread-2] INFO  c.e.telemetry.model.MachineInterface - {"status":"doorclose","cmd":"machinestatus","vmc_no":73844}
2025-01-16 08:50:39 [SpringApplicationShutdownHook] INFO  o.s.i.endpoint.EventDrivenConsumer - Removing {logging-channel-adapter:_org.springframework.integration.errorLogger} as a subscriber to the 'errorChannel' channel
2025-01-16 08:50:39 [SpringApplicationShutdownHook] INFO  o.s.i.c.PublishSubscribeChannel - Channel 'JetinnoTelemetry.errorChannel' has 0 subscriber(s).
2025-01-16 08:50:39 [SpringApplicationShutdownHook] INFO  o.s.i.endpoint.EventDrivenConsumer - stopped bean '_org.springframework.integration.errorLogger'
2025-01-16 08:50:39 [SpringApplicationShutdownHook] INFO  o.s.o.j.LocalContainerEntityManagerFactoryBean - Closing JPA EntityManagerFactory for persistence unit 'default'
2025-01-16 08:50:39 [SpringApplicationShutdownHook] INFO  com.zaxxer.hikari.HikariDataSource - HikariPool-1 - Shutdown initiated...
2025-01-16 08:50:39 [SpringApplicationShutdownHook] INFO  com.zaxxer.hikari.HikariDataSource - HikariPool-1 - Shutdown completed.
2025-01-16 09:08:29 [main] INFO  c.e.telemetry.TelemetryApplication - Starting TelemetryApplication using Java 22.0.1 with PID 4072 (C:\Users\vadim.tissen\IdeaProjects\demo\target\classes started by vadim.tissen in C:\Users\vadim.tissen\IdeaProjects\demo)
2025-01-16 09:08:29 [main] INFO  c.e.telemetry.TelemetryApplication - No active profile set, falling back to 1 default profile: "default"
2025-01-16 09:08:30 [main] INFO  o.s.d.r.c.RepositoryConfigurationDelegate - Bootstrapping Spring Data JPA repositories in DEFAULT mode.
2025-01-16 09:08:31 [main] INFO  o.s.d.r.c.RepositoryConfigurationDelegate - Finished Spring Data repository scanning in 188 ms. Found 6 JPA repository interfaces.
2025-01-16 09:08:31 [main] INFO  o.s.i.c.DefaultConfiguringBeanFactoryPostProcessor - No bean named 'errorChannel' has been explicitly defined. Therefore, a default PublishSubscribeChannel will be created.
2025-01-16 09:08:31 [main] INFO  o.s.i.c.DefaultConfiguringBeanFactoryPostProcessor - No bean named 'integrationHeaderChannelRegistry' has been explicitly defined. Therefore, a default DefaultHeaderChannelRegistry will be created.
2025-01-16 09:08:32 [main] INFO  o.s.b.w.e.tomcat.TomcatWebServer - Tomcat initialized with port 8001 (http)
2025-01-16 09:08:32 [main] INFO  o.a.coyote.http11.Http11NioProtocol - Initializing ProtocolHandler ["http-nio-8001"]
2025-01-16 09:08:32 [main] INFO  o.a.catalina.core.StandardService - Starting service [Tomcat]
2025-01-16 09:08:32 [main] INFO  o.a.catalina.core.StandardEngine - Starting Servlet engine: [Apache Tomcat/10.1.26]
2025-01-16 09:08:32 [main] INFO  o.a.c.c.C.[.[.[/jetinno_api] - Initializing Spring embedded WebApplicationContext
2025-01-16 09:08:32 [main] INFO  o.s.b.w.s.c.ServletWebServerApplicationContext - Root WebApplicationContext: initialization completed in 2666 ms
2025-01-16 09:08:32 [main] INFO  com.zaxxer.hikari.HikariDataSource - HikariPool-1 - Starting...
2025-01-16 09:08:33 [main] INFO  com.zaxxer.hikari.pool.HikariPool - HikariPool-1 - Added connection org.postgresql.jdbc.PgConnection@3120495d
2025-01-16 09:08:33 [main] INFO  com.zaxxer.hikari.HikariDataSource - HikariPool-1 - Start completed.
2025-01-16 09:08:33 [main] INFO  org.flywaydb.core.FlywayExecutor - Database: jdbc:postgresql://localhost:5432/CoffeeTelemetry (PostgreSQL 16.4)
2025-01-16 09:08:33 [main] INFO  o.f.core.internal.command.DbValidate - Successfully validated 4 migrations (execution time 00:00.044s)
2025-01-16 09:08:33 [main] INFO  o.f.core.internal.command.DbMigrate - Current version of schema "public": 3
2025-01-16 09:08:33 [main] INFO  o.f.core.internal.command.DbMigrate - Schema "public" is up to date. No migration necessary.
2025-01-16 09:08:33 [main] INFO  o.h.jpa.internal.util.LogHelper - HHH000204: Processing PersistenceUnitInfo [name: default]
2025-01-16 09:08:33 [main] INFO  org.hibernate.Version - HHH000412: Hibernate ORM core version 6.5.2.Final
2025-01-16 09:08:33 [main] INFO  o.h.c.i.RegionFactoryInitiator - HHH000026: Second-level cache disabled
2025-01-16 09:08:33 [main] WARN  org.hibernate.orm.deprecation - HHH90000025: PostgreSQLDialect does not need to be specified explicitly using 'hibernate.dialect' (remove the property setting and it will be selected by default)
2025-01-16 09:08:34 [main] INFO  o.s.o.j.p.SpringPersistenceUnitInfo - No LoadTimeWeaver setup: ignoring JPA class transformer
2025-01-16 09:08:35 [main] INFO  o.h.e.t.j.p.i.JtaPlatformInitiator - HHH000489: No JTA platform available (set 'hibernate.transaction.jta.platform' to enable JTA platform integration)
2025-01-16 09:08:35 [main] INFO  o.s.o.j.LocalContainerEntityManagerFactoryBean - Initialized JPA EntityManagerFactory for persistence unit 'default'
2025-01-16 09:08:35 [main] INFO  o.s.d.j.r.query.QueryEnhancerFactory - Hibernate is in classpath; If applicable, HQL parser will be used.
2025-01-16 09:08:36 [main] WARN  o.s.b.a.o.j.JpaBaseConfiguration$JpaWebConfiguration - spring.jpa.open-in-view is enabled by default. Therefore, database queries may be performed during view rendering. Explicitly configure spring.jpa.open-in-view to disable this warning
2025-01-16 09:08:36 [main] INFO  o.s.s.c.a.a.c.InitializeUserDetailsBeanManagerConfigurer$InitializeUserDetailsManagerConfigurer - Global AuthenticationManager configured with UserDetailsService bean with name userDetailsService
2025-01-16 09:08:37 [main] INFO  o.s.b.a.w.s.WelcomePageHandlerMapping - Adding welcome page template: index
2025-01-16 09:08:38 [main] INFO  o.s.i.endpoint.EventDrivenConsumer - Adding {logging-channel-adapter:_org.springframework.integration.errorLogger} as a subscriber to the 'errorChannel' channel
2025-01-16 09:08:38 [main] INFO  o.s.i.c.PublishSubscribeChannel - Channel 'JetinnoTelemetry.errorChannel' has 1 subscriber(s).
2025-01-16 09:08:38 [main] INFO  o.s.i.endpoint.EventDrivenConsumer - started bean '_org.springframework.integration.errorLogger'
2025-01-16 09:08:38 [main] INFO  o.a.coyote.http11.Http11NioProtocol - Starting ProtocolHandler ["http-nio-8001"]
2025-01-16 09:08:38 [main] INFO  o.s.b.w.e.tomcat.TomcatWebServer - Tomcat started on port 8001 (http) with context path '/jetinno_api'
2025-01-16 09:08:38 [main] INFO  c.e.telemetry.TelemetryApplication - Started TelemetryApplication in 9.454 seconds (process running for 10.246)
2025-01-16 09:11:10 [Thread-2] INFO  c.e.telemetry.model.MachineInterface - {"status":"clearerror","cmd":"machinestatus","vmc_no":73844}
2025-01-16 09:11:10 [Thread-2] INFO  c.e.telemetry.model.MachineInterface - {"PayType":"free","ProductAmount":0,"ProductId":237,"ProductName":"Macchiato","canisterIds":"","count":0,"isDelete":false,"isok":true,"nameKey":"macchiato","order_no":"202501160908037384414713","order_resend_times":0,"order_uploaded":false,"recipeName":"","timestamp":"20250116090918","cmd":"productdone","vmc_no":73844}
2025-01-16 09:11:11 [Thread-2] INFO  c.e.telemetry.model.MachineInterface - {"status":"supply","supply":{"10284":"100000","10008":"537","9991":"100000","10009":"100000","10006":"535","19991":"100000","10007":"100000"},"time":"20250116091107","cmd":"machinestatus","vmc_no":73844}
2025-01-16 09:12:51 [Thread-2] INFO  c.e.telemetry.model.MachineInterface - {"PayType":"free","ProductAmount":0,"ProductId":101,"ProductName":"Cappuccino","canisterIds":"170,226","count":0,"failreason":"cancel order","isDelete":false,"isok":false,"nameKey":"cappuccino","order_no":"202501160911407384421898","order_resend_times":0,"order_uploaded":false,"recipeName":"Cappuccino","timestamp":"20250116091247","cmd":"productdone","vmc_no":73844}
2025-01-16 09:26:10 [Thread-2] INFO  c.e.telemetry.model.MachineInterface - {"PayType":"free","ProductAmount":0,"ProductId":551,"ProductName":"Milk Foam","canisterIds":"","count":0,"isDelete":false,"isok":false,"nameKey":"milk_foam","order_no":"202501160702277384499905","order_resend_times":1,"order_uploaded":false,"recipeName":"","timestamp":"20250116070242","cmd":"productdone","vmc_no":73844}
2025-01-16 09:26:25 [Thread-2] INFO  c.e.telemetry.model.MachineInterface - {"PayType":"free","ProductAmount":0,"ProductId":243,"ProductName":"Coffee Latte","canisterIds":"","count":0,"isDelete":false,"isok":true,"nameKey":"caffe_latte","order_no":"202501160702477384437660","order_resend_times":1,"order_uploaded":false,"recipeName":"","timestamp":"20250116070357","cmd":"productdone","vmc_no":73844}
2025-01-16 09:26:40 [Thread-2] INFO  c.e.telemetry.model.MachineInterface - {"PayType":"free","ProductAmount":0,"ProductId":827,"ProductName":"2 Cappuccino","canisterIds":"","count":0,"isDelete":false,"isok":true,"nameKey":"cappuccino_2","order_no":"202501160737007384465826","order_resend_times":1,"order_uploaded":false,"recipeName":"","timestamp":"20250116073821","cmd":"productdone","vmc_no":73844}
2025-01-16 09:40:03 [http-nio-8001-exec-1] INFO  o.a.c.c.C.[.[.[/jetinno_api] - Initializing Spring DispatcherServlet 'dispatcherServlet'
2025-01-16 09:40:03 [http-nio-8001-exec-1] INFO  o.s.web.servlet.DispatcherServlet - Initializing Servlet 'dispatcherServlet'
2025-01-16 09:40:03 [http-nio-8001-exec-1] INFO  o.s.web.servlet.DispatcherServlet - Completed initialization in 3 ms
2025-01-16 09:57:54 [SpringApplicationShutdownHook] INFO  o.s.i.endpoint.EventDrivenConsumer - Removing {logging-channel-adapter:_org.springframework.integration.errorLogger} as a subscriber to the 'errorChannel' channel
2025-01-16 09:57:54 [SpringApplicationShutdownHook] INFO  o.s.i.c.PublishSubscribeChannel - Channel 'JetinnoTelemetry.errorChannel' has 0 subscriber(s).
2025-01-16 09:57:54 [SpringApplicationShutdownHook] INFO  o.s.i.endpoint.EventDrivenConsumer - stopped bean '_org.springframework.integration.errorLogger'
2025-01-16 09:57:54 [SpringApplicationShutdownHook] INFO  o.s.o.j.LocalContainerEntityManagerFactoryBean - Closing JPA EntityManagerFactory for persistence unit 'default'
2025-01-16 09:57:54 [SpringApplicationShutdownHook] INFO  com.zaxxer.hikari.HikariDataSource - HikariPool-1 - Shutdown initiated...
2025-01-16 09:57:54 [SpringApplicationShutdownHook] INFO  com.zaxxer.hikari.HikariDataSource - HikariPool-1 - Shutdown completed.
2025-01-16 09:58:01 [main] INFO  c.e.telemetry.TelemetryApplication - Starting TelemetryApplication using Java 22.0.1 with PID 5348 (C:\Users\vadim.tissen\IdeaProjects\demo\target\classes started by vadim.tissen in C:\Users\vadim.tissen\IdeaProjects\demo)
2025-01-16 09:58:01 [main] INFO  c.e.telemetry.TelemetryApplication - No active profile set, falling back to 1 default profile: "default"
2025-01-16 09:58:02 [main] INFO  o.s.d.r.c.RepositoryConfigurationDelegate - Bootstrapping Spring Data JPA repositories in DEFAULT mode.
2025-01-16 09:58:02 [main] INFO  o.s.d.r.c.RepositoryConfigurationDelegate - Finished Spring Data repository scanning in 234 ms. Found 6 JPA repository interfaces.
2025-01-16 09:58:02 [main] INFO  o.s.i.c.DefaultConfiguringBeanFactoryPostProcessor - No bean named 'errorChannel' has been explicitly defined. Therefore, a default PublishSubscribeChannel will be created.
2025-01-16 09:58:02 [main] INFO  o.s.i.c.DefaultConfiguringBeanFactoryPostProcessor - No bean named 'integrationHeaderChannelRegistry' has been explicitly defined. Therefore, a default DefaultHeaderChannelRegistry will be created.
2025-01-16 09:58:03 [main] INFO  o.s.b.w.e.tomcat.TomcatWebServer - Tomcat initialized with port 8001 (http)
2025-01-16 09:58:03 [main] INFO  o.a.coyote.http11.Http11NioProtocol - Initializing ProtocolHandler ["http-nio-8001"]
2025-01-16 09:58:03 [main] INFO  o.a.catalina.core.StandardService - Starting service [Tomcat]
2025-01-16 09:58:03 [main] INFO  o.a.catalina.core.StandardEngine - Starting Servlet engine: [Apache Tomcat/10.1.26]
2025-01-16 09:58:03 [main] INFO  o.a.c.c.C.[.[.[/jetinno_api] - Initializing Spring embedded WebApplicationContext
2025-01-16 09:58:03 [main] INFO  o.s.b.w.s.c.ServletWebServerApplicationContext - Root WebApplicationContext: initialization completed in 2780 ms
2025-01-16 09:58:04 [main] INFO  com.zaxxer.hikari.HikariDataSource - HikariPool-1 - Starting...
2025-01-16 09:58:04 [main] INFO  com.zaxxer.hikari.pool.HikariPool - HikariPool-1 - Added connection org.postgresql.jdbc.PgConnection@2c678c7b
2025-01-16 09:58:04 [main] INFO  com.zaxxer.hikari.HikariDataSource - HikariPool-1 - Start completed.
2025-01-16 09:58:04 [main] INFO  org.flywaydb.core.FlywayExecutor - Database: jdbc:postgresql://localhost:5432/CoffeeTelemetry (PostgreSQL 16.4)
2025-01-16 09:58:04 [main] INFO  o.f.core.internal.command.DbValidate - Successfully validated 4 migrations (execution time 00:00.057s)
2025-01-16 09:58:04 [main] INFO  o.f.core.internal.command.DbMigrate - Current version of schema "public": 3
2025-01-16 09:58:04 [main] INFO  o.f.core.internal.command.DbMigrate - Schema "public" is up to date. No migration necessary.
2025-01-16 09:58:05 [main] INFO  o.h.jpa.internal.util.LogHelper - HHH000204: Processing PersistenceUnitInfo [name: default]
2025-01-16 09:58:05 [main] INFO  org.hibernate.Version - HHH000412: Hibernate ORM core version 6.5.2.Final
2025-01-16 09:58:05 [main] INFO  o.h.c.i.RegionFactoryInitiator - HHH000026: Second-level cache disabled
2025-01-16 09:58:05 [main] WARN  org.hibernate.orm.deprecation - HHH90000025: PostgreSQLDialect does not need to be specified explicitly using 'hibernate.dialect' (remove the property setting and it will be selected by default)
2025-01-16 09:58:05 [main] INFO  o.s.o.j.p.SpringPersistenceUnitInfo - No LoadTimeWeaver setup: ignoring JPA class transformer
2025-01-16 09:58:07 [main] INFO  o.h.e.t.j.p.i.JtaPlatformInitiator - HHH000489: No JTA platform available (set 'hibernate.transaction.jta.platform' to enable JTA platform integration)
2025-01-16 09:58:07 [main] INFO  o.s.o.j.LocalContainerEntityManagerFactoryBean - Initialized JPA EntityManagerFactory for persistence unit 'default'
2025-01-16 09:58:07 [main] INFO  o.s.d.j.r.query.QueryEnhancerFactory - Hibernate is in classpath; If applicable, HQL parser will be used.
2025-01-16 09:58:08 [main] WARN  o.s.b.a.o.j.JpaBaseConfiguration$JpaWebConfiguration - spring.jpa.open-in-view is enabled by default. Therefore, database queries may be performed during view rendering. Explicitly configure spring.jpa.open-in-view to disable this warning
2025-01-16 09:58:08 [main] INFO  o.s.s.c.a.a.c.InitializeUserDetailsBeanManagerConfigurer$InitializeUserDetailsManagerConfigurer - Global AuthenticationManager configured with UserDetailsService bean with name userDetailsService
2025-01-16 09:58:08 [main] INFO  o.s.b.a.w.s.WelcomePageHandlerMapping - Adding welcome page template: index
2025-01-16 09:58:10 [main] INFO  o.s.i.endpoint.EventDrivenConsumer - Adding {logging-channel-adapter:_org.springframework.integration.errorLogger} as a subscriber to the 'errorChannel' channel
2025-01-16 09:58:10 [main] INFO  o.s.i.c.PublishSubscribeChannel - Channel 'JetinnoTelemetry.errorChannel' has 1 subscriber(s).
2025-01-16 09:58:10 [main] INFO  o.s.i.endpoint.EventDrivenConsumer - started bean '_org.springframework.integration.errorLogger'
2025-01-16 09:58:10 [main] INFO  o.a.coyote.http11.Http11NioProtocol - Starting ProtocolHandler ["http-nio-8001"]
2025-01-16 09:58:10 [main] INFO  o.s.b.w.e.tomcat.TomcatWebServer - Tomcat started on port 8001 (http) with context path '/jetinno_api'
2025-01-16 09:58:10 [main] INFO  c.e.telemetry.TelemetryApplication - Started TelemetryApplication in 10.09 seconds (process running for 11.004)
2025-01-16 10:04:08 [SpringApplicationShutdownHook] INFO  o.s.i.endpoint.EventDrivenConsumer - Removing {logging-channel-adapter:_org.springframework.integration.errorLogger} as a subscriber to the 'errorChannel' channel
2025-01-16 10:04:08 [SpringApplicationShutdownHook] INFO  o.s.i.c.PublishSubscribeChannel - Channel 'JetinnoTelemetry.errorChannel' has 0 subscriber(s).
2025-01-16 10:04:08 [SpringApplicationShutdownHook] INFO  o.s.i.endpoint.EventDrivenConsumer - stopped bean '_org.springframework.integration.errorLogger'
2025-01-16 10:04:08 [SpringApplicationShutdownHook] INFO  o.s.o.j.LocalContainerEntityManagerFactoryBean - Closing JPA EntityManagerFactory for persistence unit 'default'
2025-01-16 10:04:08 [SpringApplicationShutdownHook] INFO  com.zaxxer.hikari.HikariDataSource - HikariPool-1 - Shutdown initiated...
2025-01-16 10:04:08 [SpringApplicationShutdownHook] INFO  com.zaxxer.hikari.HikariDataSource - HikariPool-1 - Shutdown completed.
2025-01-16 10:04:11 [main] INFO  c.e.telemetry.TelemetryApplication - Starting TelemetryApplication using Java 22.0.1 with PID 14208 (C:\Users\vadim.tissen\IdeaProjects\demo\target\classes started by vadim.tissen in C:\Users\vadim.tissen\IdeaProjects\demo)
2025-01-16 10:04:11 [main] INFO  c.e.telemetry.TelemetryApplication - No active profile set, falling back to 1 default profile: "default"
2025-01-16 10:04:12 [main] INFO  o.s.d.r.c.RepositoryConfigurationDelegate - Bootstrapping Spring Data JPA repositories in DEFAULT mode.
2025-01-16 10:04:12 [main] INFO  o.s.d.r.c.RepositoryConfigurationDelegate - Finished Spring Data repository scanning in 219 ms. Found 6 JPA repository interfaces.
2025-01-16 10:04:13 [main] INFO  o.s.i.c.DefaultConfiguringBeanFactoryPostProcessor - No bean named 'errorChannel' has been explicitly defined. Therefore, a default PublishSubscribeChannel will be created.
2025-01-16 10:04:13 [main] INFO  o.s.i.c.DefaultConfiguringBeanFactoryPostProcessor - No bean named 'integrationHeaderChannelRegistry' has been explicitly defined. Therefore, a default DefaultHeaderChannelRegistry will be created.
2025-01-16 10:04:14 [main] INFO  o.s.b.w.e.tomcat.TomcatWebServer - Tomcat initialized with port 8001 (http)
2025-01-16 10:04:14 [main] INFO  o.a.coyote.http11.Http11NioProtocol - Initializing ProtocolHandler ["http-nio-8001"]
2025-01-16 10:04:14 [main] INFO  o.a.catalina.core.StandardService - Starting service [Tomcat]
2025-01-16 10:04:14 [main] INFO  o.a.catalina.core.StandardEngine - Starting Servlet engine: [Apache Tomcat/10.1.26]
2025-01-16 10:04:14 [main] INFO  o.a.c.c.C.[.[.[/jetinno_api] - Initializing Spring embedded WebApplicationContext
2025-01-16 10:04:14 [main] INFO  o.s.b.w.s.c.ServletWebServerApplicationContext - Root WebApplicationContext: initialization completed in 2860 ms
2025-01-16 10:04:14 [main] INFO  com.zaxxer.hikari.HikariDataSource - HikariPool-1 - Starting...
2025-01-16 10:04:14 [main] INFO  com.zaxxer.hikari.pool.HikariPool - HikariPool-1 - Added connection org.postgresql.jdbc.PgConnection@1be8c122
2025-01-16 10:04:14 [main] INFO  com.zaxxer.hikari.HikariDataSource - HikariPool-1 - Start completed.
2025-01-16 10:04:15 [main] INFO  org.flywaydb.core.FlywayExecutor - Database: jdbc:postgresql://localhost:5432/CoffeeTelemetry (PostgreSQL 16.4)
2025-01-16 10:04:15 [main] INFO  o.f.core.internal.command.DbValidate - Successfully validated 4 migrations (execution time 00:00.069s)
2025-01-16 10:04:15 [main] INFO  o.f.core.internal.command.DbMigrate - Current version of schema "public": 3
2025-01-16 10:04:15 [main] INFO  o.f.core.internal.command.DbMigrate - Schema "public" is up to date. No migration necessary.
2025-01-16 10:04:15 [main] INFO  o.h.jpa.internal.util.LogHelper - HHH000204: Processing PersistenceUnitInfo [name: default]
2025-01-16 10:04:15 [main] INFO  org.hibernate.Version - HHH000412: Hibernate ORM core version 6.5.2.Final
2025-01-16 10:04:15 [main] INFO  o.h.c.i.RegionFactoryInitiator - HHH000026: Second-level cache disabled
2025-01-16 10:04:15 [main] WARN  org.hibernate.orm.deprecation - HHH90000025: PostgreSQLDialect does not need to be specified explicitly using 'hibernate.dialect' (remove the property setting and it will be selected by default)
2025-01-16 10:04:16 [main] INFO  o.s.o.j.p.SpringPersistenceUnitInfo - No LoadTimeWeaver setup: ignoring JPA class transformer
2025-01-16 10:04:17 [main] INFO  o.h.e.t.j.p.i.JtaPlatformInitiator - HHH000489: No JTA platform available (set 'hibernate.transaction.jta.platform' to enable JTA platform integration)
2025-01-16 10:04:17 [main] INFO  o.s.o.j.LocalContainerEntityManagerFactoryBean - Initialized JPA EntityManagerFactory for persistence unit 'default'
2025-01-16 10:04:18 [main] INFO  o.s.d.j.r.query.QueryEnhancerFactory - Hibernate is in classpath; If applicable, HQL parser will be used.
2025-01-16 10:04:18 [main] WARN  o.s.b.a.o.j.JpaBaseConfiguration$JpaWebConfiguration - spring.jpa.open-in-view is enabled by default. Therefore, database queries may be performed during view rendering. Explicitly configure spring.jpa.open-in-view to disable this warning
2025-01-16 10:04:19 [main] INFO  o.s.s.c.a.a.c.InitializeUserDetailsBeanManagerConfigurer$InitializeUserDetailsManagerConfigurer - Global AuthenticationManager configured with UserDetailsService bean with name userDetailsService
2025-01-16 10:04:19 [main] INFO  o.s.b.a.w.s.WelcomePageHandlerMapping - Adding welcome page template: index
2025-01-16 10:04:20 [main] INFO  o.s.i.endpoint.EventDrivenConsumer - Adding {logging-channel-adapter:_org.springframework.integration.errorLogger} as a subscriber to the 'errorChannel' channel
2025-01-16 10:04:20 [main] INFO  o.s.i.c.PublishSubscribeChannel - Channel 'JetinnoTelemetry.errorChannel' has 1 subscriber(s).
2025-01-16 10:04:20 [main] INFO  o.s.i.endpoint.EventDrivenConsumer - started bean '_org.springframework.integration.errorLogger'
2025-01-16 10:04:20 [main] INFO  o.a.coyote.http11.Http11NioProtocol - Starting ProtocolHandler ["http-nio-8001"]
2025-01-16 10:04:20 [main] INFO  o.s.b.w.e.tomcat.TomcatWebServer - Tomcat started on port 8001 (http) with context path '/jetinno_api'
2025-01-16 10:04:20 [main] INFO  c.e.telemetry.TelemetryApplication - Started TelemetryApplication in 10.264 seconds (process running for 11.053)
2025-01-16 10:06:55 [Thread-2] INFO  c.e.telemetry.model.MachineInterface - {"status":"clearerror","cmd":"machinestatus","vmc_no":73844}
2025-01-16 10:06:55 [Thread-2] INFO  c.e.telemetry.model.MachineInterface - {"status":"supply","supply":{"10284":"100000","10008":"537","9991":"100000","10009":"100000","10006":"535","19991":"100000","10007":"100000"},"time":"20250116100652","cmd":"machinestatus","vmc_no":73844}
2025-01-16 10:06:55 [Thread-2] INFO  c.e.telemetry.model.MachineInterface - {"status":"doorclose","cmd":"machinestatus","vmc_no":73844}
2025-01-16 10:07:38 [http-nio-8001-exec-1] INFO  o.a.c.c.C.[.[.[/jetinno_api] - Initializing Spring DispatcherServlet 'dispatcherServlet'
2025-01-16 10:07:38 [http-nio-8001-exec-1] INFO  o.s.web.servlet.DispatcherServlet - Initializing Servlet 'dispatcherServlet'
2025-01-16 10:07:38 [http-nio-8001-exec-1] INFO  o.s.web.servlet.DispatcherServlet - Completed initialization in 2 ms
2025-01-16 10:14:29 [Thread-2] INFO  c.e.telemetry.model.MachineInterface - {"PayType":"free","ProductAmount":0,"ProductId":101,"ProductName":"Cappuccino","canisterIds":"170,226","count":0,"isDelete":false,"isok":true,"nameKey":"cappuccino","order_no":"202501161013197384449848","order_resend_times":0,"order_uploaded":false,"recipeName":"Cappuccino","timestamp":"20250116101425","cmd":"productdone","vmc_no":73844}
2025-01-16 10:19:52 [SpringApplicationShutdownHook] INFO  o.s.i.endpoint.EventDrivenConsumer - Removing {logging-channel-adapter:_org.springframework.integration.errorLogger} as a subscriber to the 'errorChannel' channel
2025-01-16 10:19:52 [SpringApplicationShutdownHook] INFO  o.s.i.c.PublishSubscribeChannel - Channel 'JetinnoTelemetry.errorChannel' has 0 subscriber(s).
2025-01-16 10:19:52 [SpringApplicationShutdownHook] INFO  o.s.i.endpoint.EventDrivenConsumer - stopped bean '_org.springframework.integration.errorLogger'
2025-01-16 10:19:52 [SpringApplicationShutdownHook] INFO  o.s.o.j.LocalContainerEntityManagerFactoryBean - Closing JPA EntityManagerFactory for persistence unit 'default'
2025-01-16 10:19:52 [SpringApplicationShutdownHook] INFO  com.zaxxer.hikari.HikariDataSource - HikariPool-1 - Shutdown initiated...
2025-01-16 10:19:52 [SpringApplicationShutdownHook] INFO  com.zaxxer.hikari.HikariDataSource - HikariPool-1 - Shutdown completed.
2025-01-16 10:20:10 [main] INFO  c.e.telemetry.TelemetryApplication - Starting TelemetryApplication using Java 22.0.1 with PID 8096 (C:\Users\vadim.tissen\IdeaProjects\demo\target\classes started by vadim.tissen in C:\Users\vadim.tissen\IdeaProjects\demo)
2025-01-16 10:20:10 [main] INFO  c.e.telemetry.TelemetryApplication - No active profile set, falling back to 1 default profile: "default"
2025-01-16 10:20:12 [main] INFO  o.s.d.r.c.RepositoryConfigurationDelegate - Bootstrapping Spring Data JPA repositories in DEFAULT mode.
2025-01-16 10:20:12 [main] INFO  o.s.d.r.c.RepositoryConfigurationDelegate - Finished Spring Data repository scanning in 224 ms. Found 6 JPA repository interfaces.
2025-01-16 10:20:12 [main] INFO  o.s.i.c.DefaultConfiguringBeanFactoryPostProcessor - No bean named 'errorChannel' has been explicitly defined. Therefore, a default PublishSubscribeChannel will be created.
2025-01-16 10:20:12 [main] INFO  o.s.i.c.DefaultConfiguringBeanFactoryPostProcessor - No bean named 'integrationHeaderChannelRegistry' has been explicitly defined. Therefore, a default DefaultHeaderChannelRegistry will be created.
2025-01-16 10:20:13 [main] INFO  o.s.b.w.e.tomcat.TomcatWebServer - Tomcat initialized with port 8001 (http)
2025-01-16 10:20:13 [main] INFO  o.a.coyote.http11.Http11NioProtocol - Initializing ProtocolHandler ["http-nio-8001"]
2025-01-16 10:20:13 [main] INFO  o.a.catalina.core.StandardService - Starting service [Tomcat]
2025-01-16 10:20:13 [main] INFO  o.a.catalina.core.StandardEngine - Starting Servlet engine: [Apache Tomcat/10.1.26]
2025-01-16 10:20:13 [main] INFO  o.a.c.c.C.[.[.[/jetinno_api] - Initializing Spring embedded WebApplicationContext
2025-01-16 10:20:13 [main] INFO  o.s.b.w.s.c.ServletWebServerApplicationContext - Root WebApplicationContext: initialization completed in 2810 ms
2025-01-16 10:20:14 [main] INFO  com.zaxxer.hikari.HikariDataSource - HikariPool-1 - Starting...
2025-01-16 10:20:14 [main] INFO  com.zaxxer.hikari.pool.HikariPool - HikariPool-1 - Added connection org.postgresql.jdbc.PgConnection@165d1d54
2025-01-16 10:20:14 [main] INFO  com.zaxxer.hikari.HikariDataSource - HikariPool-1 - Start completed.
2025-01-16 10:20:14 [main] INFO  org.flywaydb.core.FlywayExecutor - Database: jdbc:postgresql://localhost:5432/CoffeeTelemetry (PostgreSQL 16.4)
2025-01-16 10:20:14 [main] INFO  o.f.core.internal.command.DbValidate - Successfully validated 4 migrations (execution time 00:00.056s)
2025-01-16 10:20:14 [main] INFO  o.f.core.internal.command.DbMigrate - Current version of schema "public": 3
2025-01-16 10:20:14 [main] INFO  o.f.core.internal.command.DbMigrate - Schema "public" is up to date. No migration necessary.
2025-01-16 10:20:15 [main] INFO  o.h.jpa.internal.util.LogHelper - HHH000204: Processing PersistenceUnitInfo [name: default]
2025-01-16 10:20:15 [main] INFO  org.hibernate.Version - HHH000412: Hibernate ORM core version 6.5.2.Final
2025-01-16 10:20:15 [main] INFO  o.h.c.i.RegionFactoryInitiator - HHH000026: Second-level cache disabled
2025-01-16 10:20:15 [main] WARN  org.hibernate.orm.deprecation - HHH90000025: PostgreSQLDialect does not need to be specified explicitly using 'hibernate.dialect' (remove the property setting and it will be selected by default)
2025-01-16 10:20:16 [main] INFO  o.s.o.j.p.SpringPersistenceUnitInfo - No LoadTimeWeaver setup: ignoring JPA class transformer
2025-01-16 10:20:17 [main] INFO  o.h.e.t.j.p.i.JtaPlatformInitiator - HHH000489: No JTA platform available (set 'hibernate.transaction.jta.platform' to enable JTA platform integration)
2025-01-16 10:20:17 [main] INFO  o.s.o.j.LocalContainerEntityManagerFactoryBean - Initialized JPA EntityManagerFactory for persistence unit 'default'
2025-01-16 10:20:17 [main] INFO  o.s.d.j.r.query.QueryEnhancerFactory - Hibernate is in classpath; If applicable, HQL parser will be used.
2025-01-16 10:20:18 [main] WARN  o.s.b.a.o.j.JpaBaseConfiguration$JpaWebConfiguration - spring.jpa.open-in-view is enabled by default. Therefore, database queries may be performed during view rendering. Explicitly configure spring.jpa.open-in-view to disable this warning
2025-01-16 10:20:19 [main] INFO  o.s.s.c.a.a.c.InitializeUserDetailsBeanManagerConfigurer$InitializeUserDetailsManagerConfigurer - Global AuthenticationManager configured with UserDetailsService bean with name userDetailsService
2025-01-16 10:20:19 [main] INFO  o.s.b.a.w.s.WelcomePageHandlerMapping - Adding welcome page template: index
2025-01-16 10:20:20 [main] INFO  o.s.i.endpoint.EventDrivenConsumer - Adding {logging-channel-adapter:_org.springframework.integration.errorLogger} as a subscriber to the 'errorChannel' channel
2025-01-16 10:20:20 [main] INFO  o.s.i.c.PublishSubscribeChannel - Channel 'JetinnoTelemetry.errorChannel' has 1 subscriber(s).
2025-01-16 10:20:20 [main] INFO  o.s.i.endpoint.EventDrivenConsumer - started bean '_org.springframework.integration.errorLogger'
2025-01-16 10:20:20 [main] INFO  o.a.coyote.http11.Http11NioProtocol - Starting ProtocolHandler ["http-nio-8001"]
2025-01-16 10:20:20 [main] INFO  o.s.b.w.e.tomcat.TomcatWebServer - Tomcat started on port 8001 (http) with context path '/jetinno_api'
2025-01-16 10:20:20 [main] INFO  c.e.telemetry.TelemetryApplication - Started TelemetryApplication in 10.618 seconds (process running for 11.528)
2025-01-16 10:22:59 [SpringApplicationShutdownHook] INFO  o.s.i.endpoint.EventDrivenConsumer - Removing {logging-channel-adapter:_org.springframework.integration.errorLogger} as a subscriber to the 'errorChannel' channel
2025-01-16 10:22:59 [SpringApplicationShutdownHook] INFO  o.s.i.c.PublishSubscribeChannel - Channel 'JetinnoTelemetry.errorChannel' has 0 subscriber(s).
2025-01-16 10:22:59 [SpringApplicationShutdownHook] INFO  o.s.i.endpoint.EventDrivenConsumer - stopped bean '_org.springframework.integration.errorLogger'
2025-01-16 10:22:59 [SpringApplicationShutdownHook] INFO  o.s.o.j.LocalContainerEntityManagerFactoryBean - Closing JPA EntityManagerFactory for persistence unit 'default'
2025-01-16 10:22:59 [SpringApplicationShutdownHook] INFO  com.zaxxer.hikari.HikariDataSource - HikariPool-1 - Shutdown initiated...
2025-01-16 10:22:59 [SpringApplicationShutdownHook] INFO  com.zaxxer.hikari.HikariDataSource - HikariPool-1 - Shutdown completed.
2025-01-16 10:23:02 [main] INFO  c.e.telemetry.TelemetryApplication - Starting TelemetryApplication using Java 22.0.1 with PID 2680 (C:\Users\vadim.tissen\IdeaProjects\demo\target\classes started by vadim.tissen in C:\Users\vadim.tissen\IdeaProjects\demo)
2025-01-16 10:23:02 [main] INFO  c.e.telemetry.TelemetryApplication - No active profile set, falling back to 1 default profile: "default"
2025-01-16 10:23:04 [main] INFO  o.s.d.r.c.RepositoryConfigurationDelegate - Bootstrapping Spring Data JPA repositories in DEFAULT mode.
2025-01-16 10:23:04 [main] INFO  o.s.d.r.c.RepositoryConfigurationDelegate - Finished Spring Data repository scanning in 270 ms. Found 6 JPA repository interfaces.
2025-01-16 10:23:04 [main] INFO  o.s.i.c.DefaultConfiguringBeanFactoryPostProcessor - No bean named 'errorChannel' has been explicitly defined. Therefore, a default PublishSubscribeChannel will be created.
2025-01-16 10:23:04 [main] INFO  o.s.i.c.DefaultConfiguringBeanFactoryPostProcessor - No bean named 'integrationHeaderChannelRegistry' has been explicitly defined. Therefore, a default DefaultHeaderChannelRegistry will be created.
2025-01-16 10:23:05 [main] INFO  o.s.b.w.e.tomcat.TomcatWebServer - Tomcat initialized with port 8001 (http)
2025-01-16 10:23:05 [main] INFO  o.a.coyote.http11.Http11NioProtocol - Initializing ProtocolHandler ["http-nio-8001"]
2025-01-16 10:23:05 [main] INFO  o.a.catalina.core.StandardService - Starting service [Tomcat]
2025-01-16 10:23:05 [main] INFO  o.a.catalina.core.StandardEngine - Starting Servlet engine: [Apache Tomcat/10.1.26]
2025-01-16 10:23:06 [main] INFO  o.a.c.c.C.[.[.[/jetinno_api] - Initializing Spring embedded WebApplicationContext
2025-01-16 10:23:06 [main] INFO  o.s.b.w.s.c.ServletWebServerApplicationContext - Root WebApplicationContext: initialization completed in 3146 ms
2025-01-16 10:23:06 [main] INFO  com.zaxxer.hikari.HikariDataSource - HikariPool-1 - Starting...
2025-01-16 10:23:06 [main] INFO  com.zaxxer.hikari.pool.HikariPool - HikariPool-1 - Added connection org.postgresql.jdbc.PgConnection@165d1d54
2025-01-16 10:23:06 [main] INFO  com.zaxxer.hikari.HikariDataSource - HikariPool-1 - Start completed.
2025-01-16 10:23:06 [main] INFO  org.flywaydb.core.FlywayExecutor - Database: jdbc:postgresql://localhost:5432/CoffeeTelemetry (PostgreSQL 16.4)
2025-01-16 10:23:07 [main] INFO  o.f.core.internal.command.DbValidate - Successfully validated 4 migrations (execution time 00:00.064s)
2025-01-16 10:23:07 [main] INFO  o.f.core.internal.command.DbMigrate - Current version of schema "public": 3
2025-01-16 10:23:07 [main] INFO  o.f.core.internal.command.DbMigrate - Schema "public" is up to date. No migration necessary.
2025-01-16 10:23:07 [main] INFO  o.h.jpa.internal.util.LogHelper - HHH000204: Processing PersistenceUnitInfo [name: default]
2025-01-16 10:23:07 [main] INFO  org.hibernate.Version - HHH000412: Hibernate ORM core version 6.5.2.Final
2025-01-16 10:23:07 [main] INFO  o.h.c.i.RegionFactoryInitiator - HHH000026: Second-level cache disabled
2025-01-16 10:23:07 [main] WARN  org.hibernate.orm.deprecation - HHH90000025: PostgreSQLDialect does not need to be specified explicitly using 'hibernate.dialect' (remove the property setting and it will be selected by default)
2025-01-16 10:23:08 [main] INFO  o.s.o.j.p.SpringPersistenceUnitInfo - No LoadTimeWeaver setup: ignoring JPA class transformer
2025-01-16 10:23:09 [main] INFO  o.h.e.t.j.p.i.JtaPlatformInitiator - HHH000489: No JTA platform available (set 'hibernate.transaction.jta.platform' to enable JTA platform integration)
2025-01-16 10:23:09 [main] INFO  o.s.o.j.LocalContainerEntityManagerFactoryBean - Initialized JPA EntityManagerFactory for persistence unit 'default'
2025-01-16 10:23:10 [main] INFO  o.s.d.j.r.query.QueryEnhancerFactory - Hibernate is in classpath; If applicable, HQL parser will be used.
2025-01-16 10:23:11 [main] WARN  o.s.b.a.o.j.JpaBaseConfiguration$JpaWebConfiguration - spring.jpa.open-in-view is enabled by default. Therefore, database queries may be performed during view rendering. Explicitly configure spring.jpa.open-in-view to disable this warning
2025-01-16 10:23:11 [main] INFO  o.s.s.c.a.a.c.InitializeUserDetailsBeanManagerConfigurer$InitializeUserDetailsManagerConfigurer - Global AuthenticationManager configured with UserDetailsService bean with name userDetailsService
2025-01-16 10:23:11 [main] INFO  o.s.b.a.w.s.WelcomePageHandlerMapping - Adding welcome page template: index
2025-01-16 10:23:13 [main] INFO  o.s.i.endpoint.EventDrivenConsumer - Adding {logging-channel-adapter:_org.springframework.integration.errorLogger} as a subscriber to the 'errorChannel' channel
2025-01-16 10:23:13 [main] INFO  o.s.i.c.PublishSubscribeChannel - Channel 'JetinnoTelemetry.errorChannel' has 1 subscriber(s).
2025-01-16 10:23:13 [main] INFO  o.s.i.endpoint.EventDrivenConsumer - started bean '_org.springframework.integration.errorLogger'
2025-01-16 10:23:13 [main] INFO  o.a.coyote.http11.Http11NioProtocol - Starting ProtocolHandler ["http-nio-8001"]
2025-01-16 10:23:13 [main] INFO  o.s.b.w.e.tomcat.TomcatWebServer - Tomcat started on port 8001 (http) with context path '/jetinno_api'
2025-01-16 10:23:13 [main] INFO  c.e.telemetry.TelemetryApplication - Started TelemetryApplication in 11.328 seconds (process running for 12.063)
2025-01-16 10:25:36 [Thread-2] INFO  c.e.telemetry.model.MachineInterface - {"status":"clearerror","cmd":"machinestatus","vmc_no":73844}
2025-01-16 10:25:36 [Thread-2] INFO  c.e.telemetry.model.MachineInterface - {"status":"supply","supply":{"10284":"100000","10008":"537","9991":"100000","10009":"100000","10006":"535","19991":"100000","10007":"100000"},"time":"20250116102533","cmd":"machinestatus","vmc_no":73844}
2025-01-16 10:25:36 [Thread-2] INFO  c.e.telemetry.model.MachineInterface - {"status":"doorclose","cmd":"machinestatus","vmc_no":73844}
2025-01-16 10:34:35 [http-nio-8001-exec-2] INFO  o.a.c.c.C.[.[.[/jetinno_api] - Initializing Spring DispatcherServlet 'dispatcherServlet'
2025-01-16 10:34:35 [http-nio-8001-exec-2] INFO  o.s.web.servlet.DispatcherServlet - Initializing Servlet 'dispatcherServlet'
2025-01-16 10:34:35 [http-nio-8001-exec-2] INFO  o.s.web.servlet.DispatcherServlet - Completed initialization in 1 ms
2025-01-16 10:53:06 [SpringApplicationShutdownHook] INFO  o.s.i.endpoint.EventDrivenConsumer - Removing {logging-channel-adapter:_org.springframework.integration.errorLogger} as a subscriber to the 'errorChannel' channel
2025-01-16 10:53:06 [SpringApplicationShutdownHook] INFO  o.s.i.c.PublishSubscribeChannel - Channel 'JetinnoTelemetry.errorChannel' has 0 subscriber(s).
2025-01-16 10:53:06 [SpringApplicationShutdownHook] INFO  o.s.i.endpoint.EventDrivenConsumer - stopped bean '_org.springframework.integration.errorLogger'
2025-01-16 10:53:06 [SpringApplicationShutdownHook] INFO  o.s.o.j.LocalContainerEntityManagerFactoryBean - Closing JPA EntityManagerFactory for persistence unit 'default'
2025-01-16 10:53:06 [SpringApplicationShutdownHook] INFO  com.zaxxer.hikari.HikariDataSource - HikariPool-1 - Shutdown initiated...
2025-01-16 10:53:06 [SpringApplicationShutdownHook] INFO  com.zaxxer.hikari.HikariDataSource - HikariPool-1 - Shutdown completed.
2025-01-16 11:30:19 [main] INFO  c.e.telemetry.TelemetryApplication - Starting TelemetryApplication using Java 22.0.1 with PID 5876 (C:\Users\vadim.tissen\IdeaProjects\demo\target\classes started by vadim.tissen in C:\Users\vadim.tissen\IdeaProjects\demo)
2025-01-16 11:30:19 [main] INFO  c.e.telemetry.TelemetryApplication - No active profile set, falling back to 1 default profile: "default"
2025-01-16 11:30:20 [main] INFO  o.s.d.r.c.RepositoryConfigurationDelegate - Bootstrapping Spring Data JPA repositories in DEFAULT mode.
2025-01-16 11:30:20 [main] INFO  o.s.d.r.c.RepositoryConfigurationDelegate - Finished Spring Data repository scanning in 286 ms. Found 6 JPA repository interfaces.
2025-01-16 11:30:21 [main] INFO  o.s.i.c.DefaultConfiguringBeanFactoryPostProcessor - No bean named 'errorChannel' has been explicitly defined. Therefore, a default PublishSubscribeChannel will be created.
2025-01-16 11:30:21 [main] INFO  o.s.i.c.DefaultConfiguringBeanFactoryPostProcessor - No bean named 'integrationHeaderChannelRegistry' has been explicitly defined. Therefore, a default DefaultHeaderChannelRegistry will be created.
2025-01-16 11:30:22 [main] INFO  o.s.b.w.e.tomcat.TomcatWebServer - Tomcat initialized with port 8001 (http)
2025-01-16 11:30:22 [main] INFO  o.a.coyote.http11.Http11NioProtocol - Initializing ProtocolHandler ["http-nio-8001"]
2025-01-16 11:30:22 [main] INFO  o.a.catalina.core.StandardService - Starting service [Tomcat]
2025-01-16 11:30:22 [main] INFO  o.a.catalina.core.StandardEngine - Starting Servlet engine: [Apache Tomcat/10.1.26]
2025-01-16 11:30:22 [main] INFO  o.a.c.c.C.[.[.[/jetinno_api] - Initializing Spring embedded WebApplicationContext
2025-01-16 11:30:22 [main] INFO  o.s.b.w.s.c.ServletWebServerApplicationContext - Root WebApplicationContext: initialization completed in 3269 ms
2025-01-16 11:30:22 [main] INFO  com.zaxxer.hikari.HikariDataSource - HikariPool-1 - Starting...
2025-01-16 11:30:23 [main] INFO  com.zaxxer.hikari.pool.HikariPool - HikariPool-1 - Added connection org.postgresql.jdbc.PgConnection@165d1d54
2025-01-16 11:30:23 [main] INFO  com.zaxxer.hikari.HikariDataSource - HikariPool-1 - Start completed.
2025-01-16 11:30:23 [main] INFO  org.flywaydb.core.FlywayExecutor - Database: jdbc:postgresql://localhost:5432/CoffeeTelemetry (PostgreSQL 16.4)
2025-01-16 11:30:23 [main] INFO  o.f.core.internal.command.DbValidate - Successfully validated 4 migrations (execution time 00:00.054s)
2025-01-16 11:30:23 [main] INFO  o.f.core.internal.command.DbMigrate - Current version of schema "public": 3
2025-01-16 11:30:23 [main] INFO  o.f.core.internal.command.DbMigrate - Schema "public" is up to date. No migration necessary.
2025-01-16 11:30:23 [main] INFO  o.h.jpa.internal.util.LogHelper - HHH000204: Processing PersistenceUnitInfo [name: default]
2025-01-16 11:30:23 [main] INFO  org.hibernate.Version - HHH000412: Hibernate ORM core version 6.5.2.Final
2025-01-16 11:30:23 [main] INFO  o.h.c.i.RegionFactoryInitiator - HHH000026: Second-level cache disabled
2025-01-16 11:30:24 [main] WARN  org.hibernate.orm.deprecation - HHH90000025: PostgreSQLDialect does not need to be specified explicitly using 'hibernate.dialect' (remove the property setting and it will be selected by default)
2025-01-16 11:30:24 [main] INFO  o.s.o.j.p.SpringPersistenceUnitInfo - No LoadTimeWeaver setup: ignoring JPA class transformer
2025-01-16 11:30:25 [main] INFO  o.h.e.t.j.p.i.JtaPlatformInitiator - HHH000489: No JTA platform available (set 'hibernate.transaction.jta.platform' to enable JTA platform integration)
2025-01-16 11:30:25 [main] INFO  o.s.o.j.LocalContainerEntityManagerFactoryBean - Initialized JPA EntityManagerFactory for persistence unit 'default'
2025-01-16 11:30:26 [main] INFO  o.s.d.j.r.query.QueryEnhancerFactory - Hibernate is in classpath; If applicable, HQL parser will be used.
2025-01-16 11:30:27 [main] WARN  o.s.b.a.o.j.JpaBaseConfiguration$JpaWebConfiguration - spring.jpa.open-in-view is enabled by default. Therefore, database queries may be performed during view rendering. Explicitly configure spring.jpa.open-in-view to disable this warning
2025-01-16 11:30:27 [main] INFO  o.s.s.c.a.a.c.InitializeUserDetailsBeanManagerConfigurer$InitializeUserDetailsManagerConfigurer - Global AuthenticationManager configured with UserDetailsService bean with name userDetailsService
2025-01-16 11:30:27 [main] INFO  o.s.b.a.w.s.WelcomePageHandlerMapping - Adding welcome page template: index
2025-01-16 11:30:28 [main] INFO  o.s.i.endpoint.EventDrivenConsumer - Adding {logging-channel-adapter:_org.springframework.integration.errorLogger} as a subscriber to the 'errorChannel' channel
2025-01-16 11:30:28 [main] INFO  o.s.i.c.PublishSubscribeChannel - Channel 'JetinnoTelemetry.errorChannel' has 1 subscriber(s).
2025-01-16 11:30:28 [main] INFO  o.s.i.endpoint.EventDrivenConsumer - started bean '_org.springframework.integration.errorLogger'
2025-01-16 11:30:28 [main] INFO  o.a.coyote.http11.Http11NioProtocol - Starting ProtocolHandler ["http-nio-8001"]
2025-01-16 11:30:28 [main] INFO  o.s.b.w.e.tomcat.TomcatWebServer - Tomcat started on port 8001 (http) with context path '/jetinno_api'
2025-01-16 11:30:28 [main] INFO  c.e.telemetry.TelemetryApplication - Started TelemetryApplication in 10.675 seconds (process running for 11.474)
2025-01-16 11:32:28 [Thread-2] INFO  c.e.telemetry.model.MachineInterface - {"status":"clearerror","cmd":"machinestatus","vmc_no":73844}
2025-01-16 11:32:28 [Thread-2] INFO  c.e.telemetry.model.MachineInterface - {"status":"supply","supply":{"10284":"100000","10008":"537","9991":"100000","10009":"100000","10006":"535","19991":"100000","10007":"100000"},"time":"20250116113224","cmd":"machinestatus","vmc_no":73844}
2025-01-16 11:32:28 [Thread-2] INFO  c.e.telemetry.model.MachineInterface - {"status":"doorclose","cmd":"machinestatus","vmc_no":73844}
2025-01-16 11:33:25 [http-nio-8001-exec-2] INFO  o.a.c.c.C.[.[.[/jetinno_api] - Initializing Spring DispatcherServlet 'dispatcherServlet'
2025-01-16 11:33:25 [http-nio-8001-exec-2] INFO  o.s.web.servlet.DispatcherServlet - Initializing Servlet 'dispatcherServlet'
2025-01-16 11:33:25 [http-nio-8001-exec-2] INFO  o.s.web.servlet.DispatcherServlet - Completed initialization in 1 ms
2025-01-16 11:35:11 [SpringApplicationShutdownHook] INFO  o.s.i.endpoint.EventDrivenConsumer - Removing {logging-channel-adapter:_org.springframework.integration.errorLogger} as a subscriber to the 'errorChannel' channel
2025-01-16 11:35:11 [SpringApplicationShutdownHook] INFO  o.s.i.c.PublishSubscribeChannel - Channel 'JetinnoTelemetry.errorChannel' has 0 subscriber(s).
2025-01-16 11:35:11 [SpringApplicationShutdownHook] INFO  o.s.i.endpoint.EventDrivenConsumer - stopped bean '_org.springframework.integration.errorLogger'
2025-01-16 11:35:11 [SpringApplicationShutdownHook] INFO  o.s.o.j.LocalContainerEntityManagerFactoryBean - Closing JPA EntityManagerFactory for persistence unit 'default'
2025-01-16 11:35:11 [SpringApplicationShutdownHook] INFO  com.zaxxer.hikari.HikariDataSource - HikariPool-1 - Shutdown initiated...
2025-01-16 11:35:11 [SpringApplicationShutdownHook] INFO  com.zaxxer.hikari.HikariDataSource - HikariPool-1 - Shutdown completed.
2025-01-16 12:01:23 [main] INFO  c.e.telemetry.TelemetryApplication - Starting TelemetryApplication using Java 22.0.1 with PID 9460 (C:\Users\vadim.tissen\IdeaProjects\demo\target\classes started by vadim.tissen in C:\Users\vadim.tissen\IdeaProjects\demo)
2025-01-16 12:01:23 [main] INFO  c.e.telemetry.TelemetryApplication - No active profile set, falling back to 1 default profile: "default"
2025-01-16 12:01:25 [main] INFO  o.s.d.r.c.RepositoryConfigurationDelegate - Bootstrapping Spring Data JPA repositories in DEFAULT mode.
2025-01-16 12:01:25 [main] INFO  o.s.d.r.c.RepositoryConfigurationDelegate - Finished Spring Data repository scanning in 276 ms. Found 6 JPA repository interfaces.
2025-01-16 12:01:25 [main] INFO  o.s.i.c.DefaultConfiguringBeanFactoryPostProcessor - No bean named 'errorChannel' has been explicitly defined. Therefore, a default PublishSubscribeChannel will be created.
2025-01-16 12:01:25 [main] INFO  o.s.i.c.DefaultConfiguringBeanFactoryPostProcessor - No bean named 'integrationHeaderChannelRegistry' has been explicitly defined. Therefore, a default DefaultHeaderChannelRegistry will be created.
2025-01-16 12:01:26 [main] INFO  o.s.b.w.e.tomcat.TomcatWebServer - Tomcat initialized with port 8001 (http)
2025-01-16 12:01:26 [main] INFO  o.a.coyote.http11.Http11NioProtocol - Initializing ProtocolHandler ["http-nio-8001"]
2025-01-16 12:01:26 [main] INFO  o.a.catalina.core.StandardService - Starting service [Tomcat]
2025-01-16 12:01:26 [main] INFO  o.a.catalina.core.StandardEngine - Starting Servlet engine: [Apache Tomcat/10.1.26]
2025-01-16 12:01:27 [main] INFO  o.a.c.c.C.[.[.[/jetinno_api] - Initializing Spring embedded WebApplicationContext
2025-01-16 12:01:27 [main] INFO  o.s.b.w.s.c.ServletWebServerApplicationContext - Root WebApplicationContext: initialization completed in 3034 ms
2025-01-16 12:01:27 [main] INFO  com.zaxxer.hikari.HikariDataSource - HikariPool-1 - Starting...
2025-01-16 12:01:27 [main] INFO  com.zaxxer.hikari.pool.HikariPool - HikariPool-1 - Added connection org.postgresql.jdbc.PgConnection@243c4346
2025-01-16 12:01:27 [main] INFO  com.zaxxer.hikari.HikariDataSource - HikariPool-1 - Start completed.
2025-01-16 12:01:28 [main] INFO  org.flywaydb.core.FlywayExecutor - Database: jdbc:postgresql://localhost:5432/CoffeeTelemetry (PostgreSQL 16.4)
2025-01-16 12:01:28 [main] INFO  o.f.core.internal.command.DbValidate - Successfully validated 4 migrations (execution time 00:00.062s)
2025-01-16 12:01:28 [main] INFO  o.f.core.internal.command.DbMigrate - Current version of schema "public": 3
2025-01-16 12:01:28 [main] INFO  o.f.core.internal.command.DbMigrate - Schema "public" is up to date. No migration necessary.
2025-01-16 12:01:28 [main] INFO  o.h.jpa.internal.util.LogHelper - HHH000204: Processing PersistenceUnitInfo [name: default]
2025-01-16 12:01:28 [main] INFO  org.hibernate.Version - HHH000412: Hibernate ORM core version 6.5.2.Final
2025-01-16 12:01:28 [main] INFO  o.h.c.i.RegionFactoryInitiator - HHH000026: Second-level cache disabled
2025-01-16 12:01:28 [main] WARN  org.hibernate.orm.deprecation - HHH90000025: PostgreSQLDialect does not need to be specified explicitly using 'hibernate.dialect' (remove the property setting and it will be selected by default)
2025-01-16 12:01:29 [main] INFO  o.s.o.j.p.SpringPersistenceUnitInfo - No LoadTimeWeaver setup: ignoring JPA class transformer
2025-01-16 12:01:30 [main] INFO  o.h.e.t.j.p.i.JtaPlatformInitiator - HHH000489: No JTA platform available (set 'hibernate.transaction.jta.platform' to enable JTA platform integration)
2025-01-16 12:01:30 [main] INFO  o.s.o.j.LocalContainerEntityManagerFactoryBean - Initialized JPA EntityManagerFactory for persistence unit 'default'
2025-01-16 12:01:31 [main] INFO  o.s.d.j.r.query.QueryEnhancerFactory - Hibernate is in classpath; If applicable, HQL parser will be used.
2025-01-16 12:01:32 [main] WARN  o.s.b.a.o.j.JpaBaseConfiguration$JpaWebConfiguration - spring.jpa.open-in-view is enabled by default. Therefore, database queries may be performed during view rendering. Explicitly configure spring.jpa.open-in-view to disable this warning
2025-01-16 12:01:32 [main] INFO  o.s.s.c.a.a.c.InitializeUserDetailsBeanManagerConfigurer$InitializeUserDetailsManagerConfigurer - Global AuthenticationManager configured with UserDetailsService bean with name userDetailsService
2025-01-16 12:01:32 [main] INFO  o.s.b.a.w.s.WelcomePageHandlerMapping - Adding welcome page template: index
2025-01-16 12:01:34 [main] INFO  o.s.i.endpoint.EventDrivenConsumer - Adding {logging-channel-adapter:_org.springframework.integration.errorLogger} as a subscriber to the 'errorChannel' channel
2025-01-16 12:01:34 [main] INFO  o.s.i.c.PublishSubscribeChannel - Channel 'JetinnoTelemetry.errorChannel' has 1 subscriber(s).
2025-01-16 12:01:34 [main] INFO  o.s.i.endpoint.EventDrivenConsumer - started bean '_org.springframework.integration.errorLogger'
2025-01-16 12:01:34 [main] INFO  o.a.coyote.http11.Http11NioProtocol - Starting ProtocolHandler ["http-nio-8001"]
2025-01-16 12:01:34 [main] INFO  o.s.b.w.e.tomcat.TomcatWebServer - Tomcat started on port 8001 (http) with context path '/jetinno_api'
2025-01-16 12:01:34 [main] INFO  c.e.telemetry.TelemetryApplication - Started TelemetryApplication in 11.296 seconds (process running for 12.084)
2025-01-16 12:04:09 [Thread-2] INFO  c.e.telemetry.model.MachineInterface - {"status":"clearerror","cmd":"machinestatus","vmc_no":73844}
2025-01-16 12:04:10 [Thread-2] INFO  c.e.telemetry.model.MachineInterface - {"PayType":"free","ProductAmount":0,"ProductId":237,"ProductName":"Macchiato","canisterIds":"","count":0,"isDelete":false,"isok":true,"nameKey":"macchiato","order_no":"202501161135017384470964","order_resend_times":0,"order_uploaded":false,"recipeName":"","timestamp":"20250116113617","cmd":"productdone","vmc_no":73844}
2025-01-16 12:04:10 [Thread-2] INFO  c.e.telemetry.model.MachineInterface - {"PayType":"free","ProductAmount":0,"ProductId":551,"ProductName":"Milk Foam","canisterIds":"","count":0,"isDelete":false,"isok":true,"nameKey":"milk_foam","order_no":"202501161137207384468032","order_resend_times":0,"order_uploaded":false,"recipeName":"","timestamp":"20250116113743","cmd":"productdone","vmc_no":73844}
2025-01-16 12:04:56 [http-nio-8001-exec-1] INFO  o.a.c.c.C.[.[.[/jetinno_api] - Initializing Spring DispatcherServlet 'dispatcherServlet'
2025-01-16 12:04:56 [http-nio-8001-exec-1] INFO  o.s.web.servlet.DispatcherServlet - Initializing Servlet 'dispatcherServlet'
2025-01-16 12:04:56 [http-nio-8001-exec-1] INFO  o.s.web.servlet.DispatcherServlet - Completed initialization in 1 ms
2025-01-16 12:05:05 [Thread-2] INFO  c.e.telemetry.model.MachineInterface - {"comp_id":0,"io_version":"V87.25","login_count":22,"sign":"tangtang","timestamp":"20250116","version":"V1.0.9.T_JL32_33","cmd":"login","vmc_no":73844}
2025-01-16 12:10:35 [Thread-2] INFO  c.e.telemetry.model.MachineInterface - {"PayType":"free","ProductAmount":0,"ProductId":101,"ProductName":"Cappuccino","canisterIds":"170,226","count":0,"isDelete":false,"isok":true,"nameKey":"cappuccino","order_no":"202501161209267384454608","order_resend_times":0,"order_uploaded":false,"recipeName":"Cappuccino","timestamp":"20250116121031","cmd":"productdone","vmc_no":73844}
2025-01-16 12:10:37 [Thread-2] INFO  c.e.telemetry.model.MachineInterface - {"datetime":"20250116","error_code":"ERROR:5700","error_description":"Левый контейнер для бобов пуст. Пожалуйста, долейте.","isSet":true,"is_fatal_error":true,"is_pessistance_error":false,"cmd":"error","vmc_no":73844}
2025-01-16 12:17:40 [Thread-2] INFO  c.e.telemetry.model.MachineInterface - {"status":"clearerror","cmd":"machinestatus","vmc_no":73844}
2025-01-16 12:19:16 [Thread-2] INFO  c.e.telemetry.model.MachineInterface - {"PayType":"free","ProductAmount":0,"ProductId":243,"ProductName":"Coffee Latte","canisterIds":"225,226,170","count":0,"isDelete":false,"isok":true,"nameKey":"caffe_latte","order_no":"202501161218207384465327","order_resend_times":0,"order_uploaded":false,"recipeName":"Coffee Latte","timestamp":"20250116121912","cmd":"productdone","vmc_no":73844}
2025-01-16 12:20:48 [Thread-2] INFO  c.e.telemetry.model.MachineInterface - {"PayType":"free","ProductAmount":0,"ProductId":105,"ProductName":"Americano","canisterIds":"170,0","count":0,"isDelete":false,"isok":true,"nameKey":"american_style_coffee","order_no":"202501161219457384447763","order_resend_times":0,"order_uploaded":false,"recipeName":"Americano","timestamp":"20250116122045","cmd":"productdone","vmc_no":73844}
2025-01-16 12:21:05 [Thread-2] INFO  c.e.telemetry.model.MachineInterface - {"status":"supply","supply":{"10284":"100000","10008":"537","9991":"100000","10009":"100000","10006":"535","19991":"100000","10007":"100000"},"time":"20250116122101","cmd":"machinestatus","vmc_no":73844}
2025-01-16 12:21:05 [Thread-2] INFO  c.e.telemetry.model.MachineInterface - {"status":"doorclose","cmd":"machinestatus","vmc_no":73844}
2025-01-16 12:21:57 [Thread-2] INFO  c.e.telemetry.model.MachineInterface - {"PayType":"free","ProductAmount":0,"ProductId":105,"ProductName":"Americano","canisterIds":"170,0","count":0,"isDelete":false,"isok":true,"nameKey":"american_style_coffee","order_no":"202501161220597384442879","order_resend_times":0,"order_uploaded":false,"recipeName":"Americano","timestamp":"20250116122153","cmd":"productdone","vmc_no":73844}
2025-01-16 12:37:56 [Thread-2] INFO  c.e.telemetry.model.MachineInterface - {"PayType":"free","ProductAmount":0,"ProductId":827,"ProductName":"2 Cappuccino","canisterIds":"170,225,226","count":0,"isDelete":false,"isok":true,"nameKey":"cappuccino_2","order_no":"202501161236257384425644","order_resend_times":0,"order_uploaded":false,"recipeName":"2 Cappuccino","timestamp":"20250116123752","cmd":"productdone","vmc_no":73844}
2025-01-16 12:39:44 [Thread-2] INFO  c.e.telemetry.model.MachineInterface - {"PayType":"free","ProductAmount":0,"ProductId":237,"ProductName":"Macchiato","canisterIds":"225,226,170","count":0,"isDelete":false,"isok":true,"nameKey":"macchiato","order_no":"202501161238237384478542","order_resend_times":0,"order_uploaded":false,"recipeName":"Macchiato","timestamp":"20250116123940","cmd":"productdone","vmc_no":73844}
2025-01-16 14:27:24 [Thread-2] INFO  c.e.telemetry.model.MachineInterface - {"PayType":"free","ProductAmount":0,"ProductId":101,"ProductName":"Cappuccino","canisterIds":"170,226","count":0,"isDelete":false,"isok":true,"nameKey":"cappuccino","order_no":"202501161426077384422632","order_resend_times":0,"order_uploaded":false,"recipeName":"Cappuccino","timestamp":"20250116142720","cmd":"productdone","vmc_no":73844}
2025-01-16 14:41:29 [Thread-2] INFO  c.e.telemetry.model.MachineInterface - {"comp_id":0,"io_version":"V87.25","login_count":22,"sign":"tangtang","timestamp":"20250116","version":"V1.0.9.T_JL32_33","cmd":"login","vmc_no":73844}
2025-01-16 14:58:29 [Thread-2] INFO  c.e.telemetry.model.MachineInterface - {"PayType":"free","ProductAmount":0,"ProductId":178,"ProductName":"2 Long Coffee","canisterIds":"","count":0,"isDelete":false,"isok":true,"nameKey":"long_coffee_2","order_no":"202501161147067384465481","order_resend_times":1,"order_uploaded":false,"recipeName":"","timestamp":"20250116114808","cmd":"productdone","vmc_no":73844}
2025-01-16 16:54:15 [Thread-2] INFO  c.e.telemetry.model.MachineInterface - {"PayType":"free","ProductAmount":0,"ProductId":237,"ProductName":"Macchiato","canisterIds":"225,226,170","count":0,"isDelete":false,"isok":true,"nameKey":"macchiato","order_no":"202501161652567384416832","order_resend_times":0,"order_uploaded":false,"recipeName":"Macchiato","timestamp":"20250116165411","cmd":"productdone","vmc_no":73844}
2025-01-16 17:10:02 [Thread-2] INFO  c.e.telemetry.model.MachineInterface - {"status":"doorclose","cmd":"machinestatus","vmc_no":73844}
2025-01-16 17:10:02 [Thread-2] INFO  c.e.telemetry.model.MachineInterface - {"status":"supply","supply":{"10284":"100000","10008":"537","9991":"100000","10009":"100000","10006":"535","19991":"100000","10007":"100000"},"time":"20250116170958","cmd":"machinestatus","vmc_no":73844}
2025-01-16 17:10:25 [Thread-2] INFO  c.e.telemetry.model.MachineInterface - {"PayType":"free","ProductAmount":0,"ProductId":551,"ProductName":"Milk Foam","canisterIds":"226","count":0,"isDelete":false,"isok":true,"nameKey":"milk_foam","order_no":"202501161709577384458747","order_resend_times":0,"order_uploaded":false,"recipeName":"Milk Foam","timestamp":"20250116171021","cmd":"productdone","vmc_no":73844}
2025-01-16 17:10:55 [Thread-2] INFO  c.e.telemetry.model.MachineInterface - {"PayType":"free","ProductAmount":0,"ProductId":551,"ProductName":"Milk Foam","canisterIds":"226","count":0,"isDelete":false,"isok":true,"nameKey":"milk_foam","order_no":"202501161710267384438907","order_resend_times":0,"order_uploaded":false,"recipeName":"Milk Foam","timestamp":"20250116171051","cmd":"productdone","vmc_no":73844}
2025-01-16 17:12:49 [Thread-2] INFO  c.e.telemetry.model.MachineInterface - {"c_uid":"C20250116171140564","isok":true,"rinsing_code":"C02","timestamp":"20250116171140","cmd":"rinsingrecord","vmc_no":73844}
2025-01-16 17:12:49 [Thread-2] INFO  c.e.telemetry.model.MachineInterface - {"c_uid":"C20250116162721981","isok":true,"rinsing_code":"C02","timestamp":"20250116162721","cmd":"rinsingrecord","vmc_no":73844}
2025-01-16 17:12:51 [Thread-2] INFO  c.e.telemetry.model.MachineInterface - {"c_uid":"C20250116171140564","isok":true,"rinsing_code":"C02","timestamp":"20250116171140","cmd":"rinsingrecord","vmc_no":73844}
2025-01-16 17:15:38 [Thread-2] INFO  c.e.telemetry.model.MachineInterface - {"datetime":"20250116","error_code":"ERROR:5B00","error_description":"Отсутствует поддон для сбора капель. Пожалуйста, вставьте его.","isSet":true,"is_fatal_error":true,"is_pessistance_error":false,"cmd":"error","vmc_no":73844}
2025-01-16 17:18:33 [Thread-5] INFO  c.e.telemetry.model.MachineInterface - {"comp_id":0,"io_version":"V87.25","login_count":24,"sign":"tangtang","timestamp":"20250116","version":"V1.0.9.T_JL32_33","cmd":"login","vmc_no":73844}
2025-01-16 17:18:34 [Thread-5] INFO  c.e.telemetry.model.MachineInterface - {"status":"clearerror","cmd":"machinestatus","vmc_no":73844}
2025-01-16 17:18:34 [Thread-5] INFO  c.e.telemetry.model.MachineInterface - {"status":"supply","supply":{"10284":"100000","10008":"537","9991":"100000","10009":"100000","10006":"535","19991":"100000","10007":"100000"},"time":"20250116171830","cmd":"machinestatus","vmc_no":73844}
2025-01-16 17:18:34 [Thread-5] INFO  c.e.telemetry.model.MachineInterface - {"status":"doorclose","cmd":"machinestatus","vmc_no":73844}
2025-01-16 17:20:45 [Thread-5] INFO  c.e.telemetry.model.MachineInterface - {"datetime":"20250116","error_code":"ERROR:Z0005","error_description":"Дверь открыта. Пожалуйста, закройте.","isSet":true,"is_fatal_error":true,"is_pessistance_error":false,"cmd":"error","vmc_no":73844}
2025-01-16 17:23:36 [Thread-6] INFO  c.e.telemetry.model.MachineInterface - {"comp_id":0,"io_version":"V87.25","login_count":26,"sign":"tangtang","timestamp":"20250116","version":"V1.0.9.T_JL32_33","cmd":"login","vmc_no":73844}
2025-01-16 17:23:36 [Thread-6] INFO  c.e.telemetry.model.MachineInterface - {"status":"clearerror","cmd":"machinestatus","vmc_no":73844}
2025-01-16 17:23:36 [Thread-6] INFO  c.e.telemetry.model.MachineInterface - {"status":"supply","supply":{"10284":"100000","10008":"537","9991":"100000","10009":"100000","10006":"535","19991":"100000","10007":"100000"},"time":"20250116172332","cmd":"machinestatus","vmc_no":73844}
2025-01-16 17:23:36 [Thread-6] INFO  c.e.telemetry.model.MachineInterface - {"status":"doorclose","cmd":"machinestatus","vmc_no":73844}
2025-01-17 12:27:43 [main] INFO  c.e.telemetry.TelemetryApplication - Starting TelemetryApplication using Java 22.0.1 with PID 9048 (C:\Users\vadim.tissen\IdeaProjects\demo\target\classes started by vadim.tissen in C:\Users\vadim.tissen\IdeaProjects\demo)
2025-01-17 12:27:43 [main] INFO  c.e.telemetry.TelemetryApplication - No active profile set, falling back to 1 default profile: "default"
2025-01-17 12:27:45 [main] INFO  o.s.d.r.c.RepositoryConfigurationDelegate - Bootstrapping Spring Data JPA repositories in DEFAULT mode.
2025-01-17 12:27:45 [main] INFO  o.s.d.r.c.RepositoryConfigurationDelegate - Finished Spring Data repository scanning in 236 ms. Found 7 JPA repository interfaces.
2025-01-17 12:27:46 [main] INFO  o.s.i.c.DefaultConfiguringBeanFactoryPostProcessor - No bean named 'errorChannel' has been explicitly defined. Therefore, a default PublishSubscribeChannel will be created.
2025-01-17 12:27:46 [main] INFO  o.s.i.c.DefaultConfiguringBeanFactoryPostProcessor - No bean named 'integrationHeaderChannelRegistry' has been explicitly defined. Therefore, a default DefaultHeaderChannelRegistry will be created.
2025-01-17 12:27:47 [main] INFO  o.s.b.w.e.tomcat.TomcatWebServer - Tomcat initialized with port 8001 (http)
2025-01-17 12:27:47 [main] INFO  o.a.coyote.http11.Http11NioProtocol - Initializing ProtocolHandler ["http-nio-8001"]
2025-01-17 12:27:47 [main] INFO  o.a.catalina.core.StandardService - Starting service [Tomcat]
2025-01-17 12:27:47 [main] INFO  o.a.catalina.core.StandardEngine - Starting Servlet engine: [Apache Tomcat/10.1.26]
2025-01-17 12:27:47 [main] INFO  o.a.c.c.C.[.[.[/jetinno_api] - Initializing Spring embedded WebApplicationContext
2025-01-17 12:27:47 [main] INFO  o.s.b.w.s.c.ServletWebServerApplicationContext - Root WebApplicationContext: initialization completed in 3147 ms
2025-01-17 12:27:47 [main] INFO  com.zaxxer.hikari.HikariDataSource - HikariPool-1 - Starting...
2025-01-17 12:27:47 [main] INFO  com.zaxxer.hikari.pool.HikariPool - HikariPool-1 - Added connection org.postgresql.jdbc.PgConnection@7ef41ca2
2025-01-17 12:27:47 [main] INFO  com.zaxxer.hikari.HikariDataSource - HikariPool-1 - Start completed.
2025-01-17 12:27:47 [main] INFO  org.flywaydb.core.FlywayExecutor - Database: jdbc:postgresql://localhost:5432/CoffeeTelemetry (PostgreSQL 16.4)
2025-01-17 12:27:48 [main] INFO  o.f.core.internal.command.DbValidate - Successfully validated 5 migrations (execution time 00:00.059s)
2025-01-17 12:27:48 [main] INFO  o.f.core.internal.command.DbMigrate - Current version of schema "public": 3
2025-01-17 12:27:48 [main] INFO  o.f.core.internal.command.DbMigrate - Migrating schema "public" to version "4 - create supplies table"
2025-01-17 12:27:48 [main] INFO  o.f.core.internal.command.DbMigrate - Successfully applied 1 migration to schema "public", now at version v4 (execution time 00:00.049s)
2025-01-17 12:27:48 [main] INFO  o.h.jpa.internal.util.LogHelper - HHH000204: Processing PersistenceUnitInfo [name: default]
2025-01-17 12:27:48 [main] INFO  org.hibernate.Version - HHH000412: Hibernate ORM core version 6.5.2.Final
2025-01-17 12:27:48 [main] INFO  o.h.c.i.RegionFactoryInitiator - HHH000026: Second-level cache disabled
2025-01-17 12:27:48 [main] WARN  org.hibernate.orm.deprecation - HHH90000025: PostgreSQLDialect does not need to be specified explicitly using 'hibernate.dialect' (remove the property setting and it will be selected by default)
2025-01-17 12:27:49 [main] INFO  o.s.o.j.p.SpringPersistenceUnitInfo - No LoadTimeWeaver setup: ignoring JPA class transformer
2025-01-17 12:27:50 [main] INFO  o.h.e.t.j.p.i.JtaPlatformInitiator - HHH000489: No JTA platform available (set 'hibernate.transaction.jta.platform' to enable JTA platform integration)
2025-01-17 12:27:50 [main] INFO  o.s.o.j.LocalContainerEntityManagerFactoryBean - Initialized JPA EntityManagerFactory for persistence unit 'default'
2025-01-17 12:27:51 [main] INFO  o.s.d.j.r.query.QueryEnhancerFactory - Hibernate is in classpath; If applicable, HQL parser will be used.
2025-01-17 12:27:51 [main] WARN  o.s.b.a.o.j.JpaBaseConfiguration$JpaWebConfiguration - spring.jpa.open-in-view is enabled by default. Therefore, database queries may be performed during view rendering. Explicitly configure spring.jpa.open-in-view to disable this warning
2025-01-17 12:27:52 [main] INFO  o.s.s.c.a.a.c.InitializeUserDetailsBeanManagerConfigurer$InitializeUserDetailsManagerConfigurer - Global AuthenticationManager configured with UserDetailsService bean with name userDetailsService
2025-01-17 12:27:52 [main] INFO  o.s.b.a.w.s.WelcomePageHandlerMapping - Adding welcome page template: index
2025-01-17 12:27:53 [main] INFO  o.s.i.endpoint.EventDrivenConsumer - Adding {logging-channel-adapter:_org.springframework.integration.errorLogger} as a subscriber to the 'errorChannel' channel
2025-01-17 12:27:53 [main] INFO  o.s.i.c.PublishSubscribeChannel - Channel 'JetinnoTelemetry.errorChannel' has 1 subscriber(s).
2025-01-17 12:27:53 [main] INFO  o.s.i.endpoint.EventDrivenConsumer - started bean '_org.springframework.integration.errorLogger'
2025-01-17 12:27:53 [main] INFO  o.a.coyote.http11.Http11NioProtocol - Starting ProtocolHandler ["http-nio-8001"]
2025-01-17 12:27:53 [main] INFO  o.s.b.w.e.tomcat.TomcatWebServer - Tomcat started on port 8001 (http) with context path '/jetinno_api'
2025-01-17 12:27:53 [main] INFO  c.e.telemetry.TelemetryApplication - Started TelemetryApplication in 10.941 seconds (process running for 12.068)
2025-01-17 12:28:09 [Thread-2] INFO  c.e.telemetry.model.MachineInterface - {"status":"clearerror","cmd":"machinestatus","vmc_no":73844}
2025-01-17 12:28:10 [Thread-2] INFO  c.e.telemetry.model.MachineInterface - {"c_uid":"C20250117114538580","isok":true,"rinsing_code":"C02","timestamp":"20250117114538","cmd":"rinsingrecord","vmc_no":73844}
2025-01-17 12:28:10 [Thread-2] INFO  c.e.telemetry.model.MachineInterface - {"status":"supply","supply":{"10284":"100000","10008":"537","9991":"100000","10009":"100000","10006":"535","19991":"100000","10007":"100000"},"time":"20250117122809","cmd":"machinestatus","vmc_no":73844}
2025-01-17 12:28:10 [Thread-2] INFO  c.e.telemetry.model.MachineInterface - {"status":"doorclose","cmd":"machinestatus","vmc_no":73844}
2025-01-17 12:28:24 [Thread-2] INFO  c.e.telemetry.model.MachineInterface - {"PayType":"free","ProductAmount":0,"ProductId":827,"ProductName":"2 Cappuccino","canisterIds":"170,225,226","count":0,"isDelete":false,"isok":true,"nameKey":"cappuccino_2","order_no":"202501171227007384449305","order_resend_times":0,"order_uploaded":false,"recipeName":"2 Cappuccino","timestamp":"20250117122824","cmd":"productdone","vmc_no":73844}
2025-01-17 12:30:02 [Thread-2] INFO  c.e.telemetry.model.MachineInterface - {"PayType":"free","ProductAmount":0,"ProductId":237,"ProductName":"Macchiato","canisterIds":"225,226,170","count":0,"isDelete":false,"isok":true,"nameKey":"macchiato","order_no":"202501171228447384470274","order_resend_times":0,"order_uploaded":false,"recipeName":"Macchiato","timestamp":"20250117123001","cmd":"productdone","vmc_no":73844}
2025-01-17 12:33:14 [SpringApplicationShutdownHook] INFO  o.s.i.endpoint.EventDrivenConsumer - Removing {logging-channel-adapter:_org.springframework.integration.errorLogger} as a subscriber to the 'errorChannel' channel
2025-01-17 12:33:14 [SpringApplicationShutdownHook] INFO  o.s.i.c.PublishSubscribeChannel - Channel 'JetinnoTelemetry.errorChannel' has 0 subscriber(s).
2025-01-17 12:33:14 [SpringApplicationShutdownHook] INFO  o.s.i.endpoint.EventDrivenConsumer - stopped bean '_org.springframework.integration.errorLogger'
2025-01-17 12:33:14 [SpringApplicationShutdownHook] INFO  o.s.o.j.LocalContainerEntityManagerFactoryBean - Closing JPA EntityManagerFactory for persistence unit 'default'
2025-01-17 12:33:14 [SpringApplicationShutdownHook] INFO  com.zaxxer.hikari.HikariDataSource - HikariPool-1 - Shutdown initiated...
2025-01-17 12:33:14 [SpringApplicationShutdownHook] INFO  com.zaxxer.hikari.HikariDataSource - HikariPool-1 - Shutdown completed.
2025-01-17 15:41:58 [main] INFO  c.e.telemetry.TelemetryApplication - Starting TelemetryApplication using Java 22.0.1 with PID 13672 (C:\Users\vadim.tissen\IdeaProjects\demo\target\classes started by vadim.tissen in C:\Users\vadim.tissen\IdeaProjects\demo)
2025-01-17 15:41:58 [main] INFO  c.e.telemetry.TelemetryApplication - No active profile set, falling back to 1 default profile: "default"
2025-01-17 15:41:59 [main] INFO  o.s.d.r.c.RepositoryConfigurationDelegate - Bootstrapping Spring Data JPA repositories in DEFAULT mode.
2025-01-17 15:41:59 [main] INFO  o.s.d.r.c.RepositoryConfigurationDelegate - Finished Spring Data repository scanning in 227 ms. Found 7 JPA repository interfaces.
2025-01-17 15:42:00 [main] INFO  o.s.i.c.DefaultConfiguringBeanFactoryPostProcessor - No bean named 'errorChannel' has been explicitly defined. Therefore, a default PublishSubscribeChannel will be created.
2025-01-17 15:42:00 [main] INFO  o.s.i.c.DefaultConfiguringBeanFactoryPostProcessor - No bean named 'integrationHeaderChannelRegistry' has been explicitly defined. Therefore, a default DefaultHeaderChannelRegistry will be created.
2025-01-17 15:42:01 [main] INFO  o.s.b.w.e.tomcat.TomcatWebServer - Tomcat initialized with port 8001 (http)
2025-01-17 15:42:01 [main] INFO  o.a.coyote.http11.Http11NioProtocol - Initializing ProtocolHandler ["http-nio-8001"]
2025-01-17 15:42:01 [main] INFO  o.a.catalina.core.StandardService - Starting service [Tomcat]
2025-01-17 15:42:01 [main] INFO  o.a.catalina.core.StandardEngine - Starting Servlet engine: [Apache Tomcat/10.1.26]
2025-01-17 15:42:01 [main] INFO  o.a.c.c.C.[.[.[/jetinno_api] - Initializing Spring embedded WebApplicationContext
2025-01-17 15:42:01 [main] INFO  o.s.b.w.s.c.ServletWebServerApplicationContext - Root WebApplicationContext: initialization completed in 2804 ms
2025-01-17 15:42:01 [main] INFO  com.zaxxer.hikari.HikariDataSource - HikariPool-1 - Starting...
2025-01-17 15:42:02 [main] INFO  com.zaxxer.hikari.pool.HikariPool - HikariPool-1 - Added connection org.postgresql.jdbc.PgConnection@4fe8f2ae
2025-01-17 15:42:02 [main] INFO  com.zaxxer.hikari.HikariDataSource - HikariPool-1 - Start completed.
2025-01-17 15:42:02 [main] INFO  org.flywaydb.core.FlywayExecutor - Database: jdbc:postgresql://localhost:5432/CoffeeTelemetry (PostgreSQL 16.4)
2025-01-17 15:42:02 [main] INFO  o.f.core.internal.command.DbValidate - Successfully validated 5 migrations (execution time 00:00.052s)
2025-01-17 15:42:02 [main] INFO  o.f.core.internal.command.DbMigrate - Current version of schema "public": 4
2025-01-17 15:42:02 [main] INFO  o.f.core.internal.command.DbMigrate - Schema "public" is up to date. No migration necessary.
2025-01-17 15:42:02 [main] INFO  o.h.jpa.internal.util.LogHelper - HHH000204: Processing PersistenceUnitInfo [name: default]
2025-01-17 15:42:02 [main] INFO  org.hibernate.Version - HHH000412: Hibernate ORM core version 6.5.2.Final
2025-01-17 15:42:02 [main] INFO  o.h.c.i.RegionFactoryInitiator - HHH000026: Second-level cache disabled
2025-01-17 15:42:02 [main] WARN  org.hibernate.orm.deprecation - HHH90000025: PostgreSQLDialect does not need to be specified explicitly using 'hibernate.dialect' (remove the property setting and it will be selected by default)
2025-01-17 15:42:03 [main] INFO  o.s.o.j.p.SpringPersistenceUnitInfo - No LoadTimeWeaver setup: ignoring JPA class transformer
2025-01-17 15:42:04 [main] INFO  o.h.e.t.j.p.i.JtaPlatformInitiator - HHH000489: No JTA platform available (set 'hibernate.transaction.jta.platform' to enable JTA platform integration)
2025-01-17 15:42:04 [main] INFO  o.s.o.j.LocalContainerEntityManagerFactoryBean - Initialized JPA EntityManagerFactory for persistence unit 'default'
2025-01-17 15:42:05 [main] INFO  o.s.d.j.r.query.QueryEnhancerFactory - Hibernate is in classpath; If applicable, HQL parser will be used.
2025-01-17 15:42:06 [main] WARN  o.s.b.a.o.j.JpaBaseConfiguration$JpaWebConfiguration - spring.jpa.open-in-view is enabled by default. Therefore, database queries may be performed during view rendering. Explicitly configure spring.jpa.open-in-view to disable this warning
2025-01-17 15:42:06 [main] INFO  o.s.s.c.a.a.c.InitializeUserDetailsBeanManagerConfigurer$InitializeUserDetailsManagerConfigurer - Global AuthenticationManager configured with UserDetailsService bean with name userDetailsService
2025-01-17 15:42:06 [main] INFO  o.s.b.a.w.s.WelcomePageHandlerMapping - Adding welcome page template: index
2025-01-17 15:42:08 [main] INFO  o.s.i.endpoint.EventDrivenConsumer - Adding {logging-channel-adapter:_org.springframework.integration.errorLogger} as a subscriber to the 'errorChannel' channel
2025-01-17 15:42:08 [main] INFO  o.s.i.c.PublishSubscribeChannel - Channel 'JetinnoTelemetry.errorChannel' has 1 subscriber(s).
2025-01-17 15:42:08 [main] INFO  o.s.i.endpoint.EventDrivenConsumer - started bean '_org.springframework.integration.errorLogger'
2025-01-17 15:42:08 [main] INFO  o.a.coyote.http11.Http11NioProtocol - Starting ProtocolHandler ["http-nio-8001"]
2025-01-17 15:42:08 [main] INFO  o.s.b.w.e.tomcat.TomcatWebServer - Tomcat started on port 8001 (http) with context path '/jetinno_api'
2025-01-17 15:42:08 [main] INFO  c.e.telemetry.TelemetryApplication - Started TelemetryApplication in 10.442 seconds (process running for 11.29)
2025-01-17 15:43:40 [Thread-2] INFO  c.e.telemetry.model.MachineInterface - {"status":"clearerror","cmd":"machinestatus","vmc_no":73844}
2025-01-17 15:43:40 [Thread-2] INFO  c.e.telemetry.model.MachineInterface - {"c_uid":"C20250117150339925","isok":true,"rinsing_code":"C02","timestamp":"20250117150339","cmd":"rinsingrecord","vmc_no":73844}
2025-01-17 15:43:40 [Thread-2] INFO  c.e.telemetry.model.MachineInterface - {"status":"supply","supply":{"10284":"100000","10008":"537","9991":"100000","10009":"100000","10006":"517","19991":"100000","10007":"100000"},"time":"20250117154339","cmd":"machinestatus","vmc_no":73844}
2025-01-17 15:43:40 [Thread-2] INFO  c.e.telemetry.model.MachineInterface - {"status":"doorclose","cmd":"machinestatus","vmc_no":73844}
2025-01-17 15:44:00 [http-nio-8001-exec-2] INFO  o.a.c.c.C.[.[.[/jetinno_api] - Initializing Spring DispatcherServlet 'dispatcherServlet'
2025-01-17 15:44:00 [http-nio-8001-exec-2] INFO  o.s.web.servlet.DispatcherServlet - Initializing Servlet 'dispatcherServlet'
2025-01-17 15:44:00 [http-nio-8001-exec-2] INFO  o.s.web.servlet.DispatcherServlet - Completed initialization in 1 ms
2025-01-17 15:44:00 [Thread-2] INFO  c.e.telemetry.model.MachineInterface - {"comp_id":0,"io_version":"V87.25","login_count":4,"sign":"tangtang","timestamp":"20250117","version":"V1.0.9.T_JL32_33","cmd":"login","vmc_no":73844}
2025-01-17 15:44:01 [Thread-2] INFO  c.e.telemetry.model.MachineInterface - {"status":"doorclose","cmd":"machinestatus","vmc_no":73844}
2025-01-17 15:44:43 [SpringApplicationShutdownHook] INFO  o.s.i.endpoint.EventDrivenConsumer - Removing {logging-channel-adapter:_org.springframework.integration.errorLogger} as a subscriber to the 'errorChannel' channel
2025-01-17 15:44:43 [SpringApplicationShutdownHook] INFO  o.s.i.c.PublishSubscribeChannel - Channel 'JetinnoTelemetry.errorChannel' has 0 subscriber(s).
2025-01-17 15:44:43 [SpringApplicationShutdownHook] INFO  o.s.i.endpoint.EventDrivenConsumer - stopped bean '_org.springframework.integration.errorLogger'
2025-01-17 15:44:43 [SpringApplicationShutdownHook] INFO  o.s.o.j.LocalContainerEntityManagerFactoryBean - Closing JPA EntityManagerFactory for persistence unit 'default'
2025-01-17 15:44:43 [SpringApplicationShutdownHook] INFO  com.zaxxer.hikari.HikariDataSource - HikariPool-1 - Shutdown initiated...
2025-01-17 15:44:43 [SpringApplicationShutdownHook] INFO  com.zaxxer.hikari.HikariDataSource - HikariPool-1 - Shutdown completed.
2025-01-17 15:48:53 [main] INFO  c.e.telemetry.TelemetryApplication - Starting TelemetryApplication using Java 22.0.1 with PID 3964 (C:\Users\vadim.tissen\IdeaProjects\demo\target\classes started by vadim.tissen in C:\Users\vadim.tissen\IdeaProjects\demo)
2025-01-17 15:48:53 [main] INFO  c.e.telemetry.TelemetryApplication - No active profile set, falling back to 1 default profile: "default"
2025-01-17 15:48:54 [main] INFO  o.s.d.r.c.RepositoryConfigurationDelegate - Bootstrapping Spring Data JPA repositories in DEFAULT mode.
2025-01-17 15:48:54 [main] INFO  o.s.d.r.c.RepositoryConfigurationDelegate - Finished Spring Data repository scanning in 193 ms. Found 7 JPA repository interfaces.
2025-01-17 15:48:54 [main] INFO  o.s.i.c.DefaultConfiguringBeanFactoryPostProcessor - No bean named 'errorChannel' has been explicitly defined. Therefore, a default PublishSubscribeChannel will be created.
2025-01-17 15:48:54 [main] INFO  o.s.i.c.DefaultConfiguringBeanFactoryPostProcessor - No bean named 'integrationHeaderChannelRegistry' has been explicitly defined. Therefore, a default DefaultHeaderChannelRegistry will be created.
2025-01-17 15:48:55 [main] INFO  o.s.b.w.e.tomcat.TomcatWebServer - Tomcat initialized with port 8001 (http)
2025-01-17 15:48:55 [main] INFO  o.a.coyote.http11.Http11NioProtocol - Initializing ProtocolHandler ["http-nio-8001"]
2025-01-17 15:48:55 [main] INFO  o.a.catalina.core.StandardService - Starting service [Tomcat]
2025-01-17 15:48:55 [main] INFO  o.a.catalina.core.StandardEngine - Starting Servlet engine: [Apache Tomcat/10.1.26]
2025-01-17 15:48:55 [main] INFO  o.a.c.c.C.[.[.[/jetinno_api] - Initializing Spring embedded WebApplicationContext
2025-01-17 15:48:55 [main] INFO  o.s.b.w.s.c.ServletWebServerApplicationContext - Root WebApplicationContext: initialization completed in 2746 ms
2025-01-17 15:48:56 [main] INFO  com.zaxxer.hikari.HikariDataSource - HikariPool-1 - Starting...
2025-01-17 15:48:56 [main] INFO  com.zaxxer.hikari.pool.HikariPool - HikariPool-1 - Added connection org.postgresql.jdbc.PgConnection@5e98032e
2025-01-17 15:48:56 [main] INFO  com.zaxxer.hikari.HikariDataSource - HikariPool-1 - Start completed.
2025-01-17 15:48:56 [main] INFO  org.flywaydb.core.FlywayExecutor - Database: jdbc:postgresql://localhost:5432/CoffeeTelemetry (PostgreSQL 16.4)
2025-01-17 15:48:56 [main] INFO  o.f.core.internal.command.DbValidate - Successfully validated 5 migrations (execution time 00:00.060s)
2025-01-17 15:48:56 [main] INFO  o.f.core.internal.command.DbMigrate - Current version of schema "public": 4
2025-01-17 15:48:56 [main] INFO  o.f.core.internal.command.DbMigrate - Schema "public" is up to date. No migration necessary.
2025-01-17 15:48:57 [main] INFO  o.h.jpa.internal.util.LogHelper - HHH000204: Processing PersistenceUnitInfo [name: default]
2025-01-17 15:48:57 [main] INFO  org.hibernate.Version - HHH000412: Hibernate ORM core version 6.5.2.Final
2025-01-17 15:48:57 [main] INFO  o.h.c.i.RegionFactoryInitiator - HHH000026: Second-level cache disabled
2025-01-17 15:48:57 [main] WARN  org.hibernate.orm.deprecation - HHH90000025: PostgreSQLDialect does not need to be specified explicitly using 'hibernate.dialect' (remove the property setting and it will be selected by default)
2025-01-17 15:48:58 [main] INFO  o.s.o.j.p.SpringPersistenceUnitInfo - No LoadTimeWeaver setup: ignoring JPA class transformer
2025-01-17 15:48:59 [main] INFO  o.h.e.t.j.p.i.JtaPlatformInitiator - HHH000489: No JTA platform available (set 'hibernate.transaction.jta.platform' to enable JTA platform integration)
2025-01-17 15:48:59 [main] INFO  o.s.o.j.LocalContainerEntityManagerFactoryBean - Initialized JPA EntityManagerFactory for persistence unit 'default'
2025-01-17 15:49:00 [main] INFO  o.s.d.j.r.query.QueryEnhancerFactory - Hibernate is in classpath; If applicable, HQL parser will be used.
2025-01-17 15:49:01 [main] WARN  o.s.b.a.o.j.JpaBaseConfiguration$JpaWebConfiguration - spring.jpa.open-in-view is enabled by default. Therefore, database queries may be performed during view rendering. Explicitly configure spring.jpa.open-in-view to disable this warning
2025-01-17 15:49:01 [main] INFO  o.s.s.c.a.a.c.InitializeUserDetailsBeanManagerConfigurer$InitializeUserDetailsManagerConfigurer - Global AuthenticationManager configured with UserDetailsService bean with name userDetailsService
2025-01-17 15:49:01 [main] INFO  o.s.b.a.w.s.WelcomePageHandlerMapping - Adding welcome page template: index
2025-01-17 15:49:02 [main] INFO  o.s.i.endpoint.EventDrivenConsumer - Adding {logging-channel-adapter:_org.springframework.integration.errorLogger} as a subscriber to the 'errorChannel' channel
2025-01-17 15:49:02 [main] INFO  o.s.i.c.PublishSubscribeChannel - Channel 'JetinnoTelemetry.errorChannel' has 1 subscriber(s).
2025-01-17 15:49:02 [main] INFO  o.s.i.endpoint.EventDrivenConsumer - started bean '_org.springframework.integration.errorLogger'
2025-01-17 15:49:02 [main] INFO  o.a.coyote.http11.Http11NioProtocol - Starting ProtocolHandler ["http-nio-8001"]
2025-01-17 15:49:02 [main] INFO  o.s.b.w.e.tomcat.TomcatWebServer - Tomcat started on port 8001 (http) with context path '/jetinno_api'
2025-01-17 15:49:02 [main] INFO  c.e.telemetry.TelemetryApplication - Started TelemetryApplication in 10.706 seconds (process running for 11.338)
2025-01-17 15:49:22 [http-nio-8001-exec-2] INFO  o.a.c.c.C.[.[.[/jetinno_api] - Initializing Spring DispatcherServlet 'dispatcherServlet'
2025-01-17 15:49:22 [http-nio-8001-exec-2] INFO  o.s.web.servlet.DispatcherServlet - Initializing Servlet 'dispatcherServlet'
2025-01-17 15:49:22 [http-nio-8001-exec-2] INFO  o.s.web.servlet.DispatcherServlet - Completed initialization in 2 ms
2025-01-17 15:50:44 [Thread-2] INFO  c.e.telemetry.model.MachineInterface - {"status":"clearerror","cmd":"machinestatus","vmc_no":73844}
2025-01-17 15:50:44 [Thread-2] INFO  c.e.telemetry.model.MachineInterface - {"status":"supply","supply":{"10284":"100000","10008":"537","9991":"100000","10009":"100000","10006":"517","19991":"100000","10007":"100000"},"time":"20250117155043","cmd":"machinestatus","vmc_no":73844}
2025-01-17 15:50:44 [Thread-2] INFO  c.e.telemetry.model.MachineInterface - {"status":"doorclose","cmd":"machinestatus","vmc_no":73844}
2025-01-17 15:50:46 [Thread-2] INFO  c.e.telemetry.model.MachineInterface - {"comp_id":0,"io_version":"V87.25","login_count":6,"sign":"tangtang","timestamp":"20250117","version":"V1.0.9.T_JL32_33","cmd":"login","vmc_no":73844}
2025-01-17 15:50:47 [Thread-2] INFO  c.e.telemetry.model.MachineInterface - {"status":"doorclose","cmd":"machinestatus","vmc_no":73844}
2025-01-17 15:51:10 [SpringApplicationShutdownHook] INFO  o.s.i.endpoint.EventDrivenConsumer - Removing {logging-channel-adapter:_org.springframework.integration.errorLogger} as a subscriber to the 'errorChannel' channel
2025-01-17 15:51:10 [SpringApplicationShutdownHook] INFO  o.s.i.c.PublishSubscribeChannel - Channel 'JetinnoTelemetry.errorChannel' has 0 subscriber(s).
2025-01-17 15:51:10 [SpringApplicationShutdownHook] INFO  o.s.i.endpoint.EventDrivenConsumer - stopped bean '_org.springframework.integration.errorLogger'
2025-01-17 15:51:10 [SpringApplicationShutdownHook] INFO  o.s.o.j.LocalContainerEntityManagerFactoryBean - Closing JPA EntityManagerFactory for persistence unit 'default'
2025-01-17 15:51:10 [SpringApplicationShutdownHook] INFO  com.zaxxer.hikari.HikariDataSource - HikariPool-1 - Shutdown initiated...
2025-01-17 15:51:10 [SpringApplicationShutdownHook] INFO  com.zaxxer.hikari.HikariDataSource - HikariPool-1 - Shutdown completed.
2025-01-17 15:51:21 [main] INFO  c.e.telemetry.TelemetryApplication - Starting TelemetryApplication using Java 22.0.1 with PID 14704 (C:\Users\vadim.tissen\IdeaProjects\demo\target\classes started by vadim.tissen in C:\Users\vadim.tissen\IdeaProjects\demo)
2025-01-17 15:51:21 [main] INFO  c.e.telemetry.TelemetryApplication - No active profile set, falling back to 1 default profile: "default"
2025-01-17 15:51:22 [main] INFO  o.s.d.r.c.RepositoryConfigurationDelegate - Bootstrapping Spring Data JPA repositories in DEFAULT mode.
2025-01-17 15:51:22 [main] INFO  o.s.d.r.c.RepositoryConfigurationDelegate - Finished Spring Data repository scanning in 263 ms. Found 7 JPA repository interfaces.
2025-01-17 15:51:22 [main] INFO  o.s.i.c.DefaultConfiguringBeanFactoryPostProcessor - No bean named 'errorChannel' has been explicitly defined. Therefore, a default PublishSubscribeChannel will be created.
2025-01-17 15:51:22 [main] INFO  o.s.i.c.DefaultConfiguringBeanFactoryPostProcessor - No bean named 'integrationHeaderChannelRegistry' has been explicitly defined. Therefore, a default DefaultHeaderChannelRegistry will be created.
2025-01-17 15:51:23 [main] INFO  o.s.b.w.e.tomcat.TomcatWebServer - Tomcat initialized with port 8001 (http)
2025-01-17 15:51:23 [main] INFO  o.a.coyote.http11.Http11NioProtocol - Initializing ProtocolHandler ["http-nio-8001"]
2025-01-17 15:51:23 [main] INFO  o.a.catalina.core.StandardService - Starting service [Tomcat]
2025-01-17 15:51:23 [main] INFO  o.a.catalina.core.StandardEngine - Starting Servlet engine: [Apache Tomcat/10.1.26]
2025-01-17 15:51:24 [main] INFO  o.a.c.c.C.[.[.[/jetinno_api] - Initializing Spring embedded WebApplicationContext
2025-01-17 15:51:24 [main] INFO  o.s.b.w.s.c.ServletWebServerApplicationContext - Root WebApplicationContext: initialization completed in 2867 ms
2025-01-17 15:51:24 [main] INFO  com.zaxxer.hikari.HikariDataSource - HikariPool-1 - Starting...
2025-01-17 15:51:24 [main] INFO  com.zaxxer.hikari.pool.HikariPool - HikariPool-1 - Added connection org.postgresql.jdbc.PgConnection@5e98032e
2025-01-17 15:51:24 [main] INFO  com.zaxxer.hikari.HikariDataSource - HikariPool-1 - Start completed.
2025-01-17 15:51:25 [main] INFO  org.flywaydb.core.FlywayExecutor - Database: jdbc:postgresql://localhost:5432/CoffeeTelemetry (PostgreSQL 16.4)
2025-01-17 15:51:25 [main] INFO  o.f.core.internal.command.DbValidate - Successfully validated 5 migrations (execution time 00:00.071s)
2025-01-17 15:51:25 [main] INFO  o.f.core.internal.command.DbMigrate - Current version of schema "public": 4
2025-01-17 15:51:25 [main] INFO  o.f.core.internal.command.DbMigrate - Schema "public" is up to date. No migration necessary.
2025-01-17 15:51:25 [main] INFO  o.h.jpa.internal.util.LogHelper - HHH000204: Processing PersistenceUnitInfo [name: default]
2025-01-17 15:51:25 [main] INFO  org.hibernate.Version - HHH000412: Hibernate ORM core version 6.5.2.Final
2025-01-17 15:51:25 [main] INFO  o.h.c.i.RegionFactoryInitiator - HHH000026: Second-level cache disabled
2025-01-17 15:51:25 [main] WARN  org.hibernate.orm.deprecation - HHH90000025: PostgreSQLDialect does not need to be specified explicitly using 'hibernate.dialect' (remove the property setting and it will be selected by default)
2025-01-17 15:51:26 [main] INFO  o.s.o.j.p.SpringPersistenceUnitInfo - No LoadTimeWeaver setup: ignoring JPA class transformer
2025-01-17 15:51:27 [main] INFO  o.h.e.t.j.p.i.JtaPlatformInitiator - HHH000489: No JTA platform available (set 'hibernate.transaction.jta.platform' to enable JTA platform integration)
2025-01-17 15:51:27 [main] INFO  o.s.o.j.LocalContainerEntityManagerFactoryBean - Initialized JPA EntityManagerFactory for persistence unit 'default'
2025-01-17 15:51:28 [main] INFO  o.s.d.j.r.query.QueryEnhancerFactory - Hibernate is in classpath; If applicable, HQL parser will be used.
2025-01-17 15:51:29 [main] WARN  o.s.b.a.o.j.JpaBaseConfiguration$JpaWebConfiguration - spring.jpa.open-in-view is enabled by default. Therefore, database queries may be performed during view rendering. Explicitly configure spring.jpa.open-in-view to disable this warning
2025-01-17 15:51:29 [main] INFO  o.s.s.c.a.a.c.InitializeUserDetailsBeanManagerConfigurer$InitializeUserDetailsManagerConfigurer - Global AuthenticationManager configured with UserDetailsService bean with name userDetailsService
2025-01-17 15:51:29 [main] INFO  o.s.b.a.w.s.WelcomePageHandlerMapping - Adding welcome page template: index
2025-01-17 15:51:30 [main] INFO  o.s.i.endpoint.EventDrivenConsumer - Adding {logging-channel-adapter:_org.springframework.integration.errorLogger} as a subscriber to the 'errorChannel' channel
2025-01-17 15:51:30 [main] INFO  o.s.i.c.PublishSubscribeChannel - Channel 'JetinnoTelemetry.errorChannel' has 1 subscriber(s).
2025-01-17 15:51:30 [main] INFO  o.s.i.endpoint.EventDrivenConsumer - started bean '_org.springframework.integration.errorLogger'
2025-01-17 15:51:30 [main] INFO  o.a.coyote.http11.Http11NioProtocol - Starting ProtocolHandler ["http-nio-8001"]
2025-01-17 15:51:30 [main] INFO  o.s.b.w.e.tomcat.TomcatWebServer - Tomcat started on port 8001 (http) with context path '/jetinno_api'
2025-01-17 15:51:30 [main] INFO  c.e.telemetry.TelemetryApplication - Started TelemetryApplication in 10.562 seconds (process running for 11.273)
2025-01-17 15:53:44 [http-nio-8001-exec-2] INFO  o.a.c.c.C.[.[.[/jetinno_api] - Initializing Spring DispatcherServlet 'dispatcherServlet'
2025-01-17 15:53:44 [http-nio-8001-exec-2] INFO  o.s.web.servlet.DispatcherServlet - Initializing Servlet 'dispatcherServlet'
2025-01-17 15:53:44 [http-nio-8001-exec-2] INFO  o.s.web.servlet.DispatcherServlet - Completed initialization in 0 ms
2025-01-17 15:53:47 [Thread-2] INFO  c.e.telemetry.model.MachineInterface - {"status":"clearerror","cmd":"machinestatus","vmc_no":73844}
2025-01-17 15:53:47 [Thread-2] INFO  c.e.telemetry.model.MachineInterface - {"status":"supply","supply":{"10284":"100000","10008":"537","9991":"100000","10009":"100000","10006":"517","19991":"100000","10007":"100000"},"time":"20250117155346","cmd":"machinestatus","vmc_no":73844}
2025-01-17 15:53:47 [Thread-2] INFO  c.e.telemetry.model.MachineInterface - {"status":"doorclose","cmd":"machinestatus","vmc_no":73844}
2025-01-17 15:53:50 [Thread-2] INFO  c.e.telemetry.model.MachineInterface - {"comp_id":0,"io_version":"V87.25","login_count":8,"sign":"tangtang","timestamp":"20250117","version":"V1.0.9.T_JL32_33","cmd":"login","vmc_no":73844}
2025-01-17 15:53:50 [Thread-2] INFO  c.e.telemetry.model.MachineInterface - {"status":"doorclose","cmd":"machinestatus","vmc_no":73844}
2025-01-17 15:54:46 [Thread-2] INFO  c.e.telemetry.model.MachineInterface - {"PayType":"free","ProductAmount":0,"ProductId":237,"ProductName":"Macchiato","canisterIds":"225,226,170","count":0,"isDelete":false,"isok":true,"nameKey":"macchiato","order_no":"202501171553327384476360","order_resend_times":0,"order_uploaded":false,"recipeName":"Macchiato","timestamp":"20250117155446","cmd":"productdone","vmc_no":73844}
2025-01-17 15:55:04 [Thread-2] INFO  c.e.telemetry.model.MachineInterface - {"comp_id":0,"io_version":"V87.25","login_count":8,"sign":"tangtang","timestamp":"20250117","version":"V1.0.9.T_JL32_33","cmd":"login","vmc_no":73844}
2025-01-17 15:55:05 [Thread-2] INFO  c.e.telemetry.model.MachineInterface - {"status":"doorclose","cmd":"machinestatus","vmc_no":73844}
2025-01-17 15:55:58 [SpringApplicationShutdownHook] INFO  o.s.i.endpoint.EventDrivenConsumer - Removing {logging-channel-adapter:_org.springframework.integration.errorLogger} as a subscriber to the 'errorChannel' channel
2025-01-17 15:55:58 [SpringApplicationShutdownHook] INFO  o.s.i.c.PublishSubscribeChannel - Channel 'JetinnoTelemetry.errorChannel' has 0 subscriber(s).
2025-01-17 15:55:58 [SpringApplicationShutdownHook] INFO  o.s.i.endpoint.EventDrivenConsumer - stopped bean '_org.springframework.integration.errorLogger'
2025-01-17 15:55:58 [SpringApplicationShutdownHook] INFO  o.s.o.j.LocalContainerEntityManagerFactoryBean - Closing JPA EntityManagerFactory for persistence unit 'default'
2025-01-17 15:55:58 [SpringApplicationShutdownHook] INFO  com.zaxxer.hikari.HikariDataSource - HikariPool-1 - Shutdown initiated...
2025-01-17 15:55:58 [SpringApplicationShutdownHook] INFO  com.zaxxer.hikari.HikariDataSource - HikariPool-1 - Shutdown completed.
2025-01-17 15:56:02 [main] INFO  c.e.telemetry.TelemetryApplication - Starting TelemetryApplication using Java 22.0.1 with PID 12164 (C:\Users\vadim.tissen\IdeaProjects\demo\target\classes started by vadim.tissen in C:\Users\vadim.tissen\IdeaProjects\demo)
2025-01-17 15:56:02 [main] INFO  c.e.telemetry.TelemetryApplication - No active profile set, falling back to 1 default profile: "default"
2025-01-17 15:56:03 [main] INFO  o.s.d.r.c.RepositoryConfigurationDelegate - Bootstrapping Spring Data JPA repositories in DEFAULT mode.
2025-01-17 15:56:03 [main] INFO  o.s.d.r.c.RepositoryConfigurationDelegate - Finished Spring Data repository scanning in 277 ms. Found 7 JPA repository interfaces.
2025-01-17 15:56:03 [main] INFO  o.s.i.c.DefaultConfiguringBeanFactoryPostProcessor - No bean named 'errorChannel' has been explicitly defined. Therefore, a default PublishSubscribeChannel will be created.
2025-01-17 15:56:04 [main] INFO  o.s.i.c.DefaultConfiguringBeanFactoryPostProcessor - No bean named 'integrationHeaderChannelRegistry' has been explicitly defined. Therefore, a default DefaultHeaderChannelRegistry will be created.
2025-01-17 15:56:05 [main] INFO  o.s.b.w.e.tomcat.TomcatWebServer - Tomcat initialized with port 8001 (http)
2025-01-17 15:56:05 [main] INFO  o.a.coyote.http11.Http11NioProtocol - Initializing ProtocolHandler ["http-nio-8001"]
2025-01-17 15:56:05 [main] INFO  o.a.catalina.core.StandardService - Starting service [Tomcat]
2025-01-17 15:56:05 [main] INFO  o.a.catalina.core.StandardEngine - Starting Servlet engine: [Apache Tomcat/10.1.26]
2025-01-17 15:56:05 [main] INFO  o.a.c.c.C.[.[.[/jetinno_api] - Initializing Spring embedded WebApplicationContext
2025-01-17 15:56:05 [main] INFO  o.s.b.w.s.c.ServletWebServerApplicationContext - Root WebApplicationContext: initialization completed in 3071 ms
2025-01-17 15:56:05 [main] INFO  com.zaxxer.hikari.HikariDataSource - HikariPool-1 - Starting...
2025-01-17 15:56:06 [main] INFO  com.zaxxer.hikari.pool.HikariPool - HikariPool-1 - Added connection org.postgresql.jdbc.PgConnection@7e81617a
2025-01-17 15:56:06 [main] INFO  com.zaxxer.hikari.HikariDataSource - HikariPool-1 - Start completed.
2025-01-17 15:56:06 [main] INFO  org.flywaydb.core.FlywayExecutor - Database: jdbc:postgresql://localhost:5432/CoffeeTelemetry (PostgreSQL 16.4)
2025-01-17 15:56:06 [main] INFO  o.f.core.internal.command.DbValidate - Successfully validated 5 migrations (execution time 00:00.057s)
2025-01-17 15:56:06 [main] INFO  o.f.core.internal.command.DbMigrate - Current version of schema "public": 4
2025-01-17 15:56:06 [main] INFO  o.f.core.internal.command.DbMigrate - Schema "public" is up to date. No migration necessary.
2025-01-17 15:56:06 [main] INFO  o.h.jpa.internal.util.LogHelper - HHH000204: Processing PersistenceUnitInfo [name: default]
2025-01-17 15:56:06 [main] INFO  org.hibernate.Version - HHH000412: Hibernate ORM core version 6.5.2.Final
2025-01-17 15:56:06 [main] INFO  o.h.c.i.RegionFactoryInitiator - HHH000026: Second-level cache disabled
2025-01-17 15:56:07 [main] WARN  org.hibernate.orm.deprecation - HHH90000025: PostgreSQLDialect does not need to be specified explicitly using 'hibernate.dialect' (remove the property setting and it will be selected by default)
2025-01-17 15:56:07 [main] INFO  o.s.o.j.p.SpringPersistenceUnitInfo - No LoadTimeWeaver setup: ignoring JPA class transformer
2025-01-17 15:56:08 [main] INFO  o.h.e.t.j.p.i.JtaPlatformInitiator - HHH000489: No JTA platform available (set 'hibernate.transaction.jta.platform' to enable JTA platform integration)
2025-01-17 15:56:08 [main] INFO  o.s.o.j.LocalContainerEntityManagerFactoryBean - Initialized JPA EntityManagerFactory for persistence unit 'default'
2025-01-17 15:56:09 [main] INFO  o.s.d.j.r.query.QueryEnhancerFactory - Hibernate is in classpath; If applicable, HQL parser will be used.
2025-01-17 15:56:10 [main] WARN  o.s.b.a.o.j.JpaBaseConfiguration$JpaWebConfiguration - spring.jpa.open-in-view is enabled by default. Therefore, database queries may be performed during view rendering. Explicitly configure spring.jpa.open-in-view to disable this warning
2025-01-17 15:56:10 [main] INFO  o.s.s.c.a.a.c.InitializeUserDetailsBeanManagerConfigurer$InitializeUserDetailsManagerConfigurer - Global AuthenticationManager configured with UserDetailsService bean with name userDetailsService
2025-01-17 15:56:11 [main] INFO  o.s.b.a.w.s.WelcomePageHandlerMapping - Adding welcome page template: index
2025-01-17 15:56:12 [main] INFO  o.s.i.endpoint.EventDrivenConsumer - Adding {logging-channel-adapter:_org.springframework.integration.errorLogger} as a subscriber to the 'errorChannel' channel
2025-01-17 15:56:12 [main] INFO  o.s.i.c.PublishSubscribeChannel - Channel 'JetinnoTelemetry.errorChannel' has 1 subscriber(s).
2025-01-17 15:56:12 [main] INFO  o.s.i.endpoint.EventDrivenConsumer - started bean '_org.springframework.integration.errorLogger'
2025-01-17 15:56:12 [main] INFO  o.a.coyote.http11.Http11NioProtocol - Starting ProtocolHandler ["http-nio-8001"]
2025-01-17 15:56:12 [main] INFO  o.s.b.w.e.tomcat.TomcatWebServer - Tomcat started on port 8001 (http) with context path '/jetinno_api'
2025-01-17 15:56:12 [main] INFO  c.e.telemetry.TelemetryApplication - Started TelemetryApplication in 11.445 seconds (process running for 12.2)
2025-01-17 15:58:49 [Thread-2] INFO  c.e.telemetry.model.MachineInterface - {"status":"clearerror","cmd":"machinestatus","vmc_no":73844}
2025-01-17 15:58:50 [Thread-2] INFO  c.e.telemetry.model.MachineInterface - {"status":"supply","supply":{"10284":"100000","10008":"537","9991":"100000","10009":"100000","10006":"517","19991":"100000","10007":"100000"},"time":"20250117155849","cmd":"machinestatus","vmc_no":73844}
2025-01-17 15:58:50 [Thread-2] INFO  c.e.telemetry.model.MachineInterface - {"status":"doorclose","cmd":"machinestatus","vmc_no":73844}
2025-01-17 15:58:59 [http-nio-8001-exec-2] INFO  o.a.c.c.C.[.[.[/jetinno_api] - Initializing Spring DispatcherServlet 'dispatcherServlet'
2025-01-17 15:58:59 [http-nio-8001-exec-2] INFO  o.s.web.servlet.DispatcherServlet - Initializing Servlet 'dispatcherServlet'
2025-01-17 15:58:59 [http-nio-8001-exec-2] INFO  o.s.web.servlet.DispatcherServlet - Completed initialization in 2 ms
2025-01-17 15:59:00 [Thread-2] INFO  c.e.telemetry.model.MachineInterface - {"comp_id":0,"io_version":"V87.25","login_count":10,"sign":"tangtang","timestamp":"20250117","version":"V1.0.9.T_JL32_33","cmd":"login","vmc_no":73844}
2025-01-17 16:01:40 [Thread-2] INFO  c.e.telemetry.model.MachineInterface - {"PayType":"free","ProductAmount":0,"ProductId":243,"ProductName":"Coffee Latte","canisterIds":"","count":0,"isDelete":false,"isok":true,"nameKey":"caffe_latte","order_no":"202501170656417384460174","order_resend_times":0,"order_uploaded":false,"recipeName":"","timestamp":"20250117065733","cmd":"productdone","vmc_no":73844}
2025-01-17 16:01:58 [Thread-2] INFO  c.e.telemetry.model.MachineInterface - {"PayType":"free","ProductAmount":0,"ProductId":551,"ProductName":"Milk Foam","canisterIds":"","count":0,"isDelete":false,"isok":true,"nameKey":"milk_foam","order_no":"202501170700027384417688","order_resend_times":0,"order_uploaded":false,"recipeName":"","timestamp":"20250117070026","cmd":"productdone","vmc_no":73844}
2025-01-17 16:02:16 [Thread-2] INFO  c.e.telemetry.model.MachineInterface - {"PayType":"free","ProductAmount":0,"ProductId":237,"ProductName":"Macchiato","canisterIds":"","count":0,"isDelete":false,"isok":true,"nameKey":"macchiato","order_no":"202501170701077384437924","order_resend_times":0,"order_uploaded":false,"recipeName":"","timestamp":"20250117070222","cmd":"productdone","vmc_no":73844}
2025-01-17 16:02:34 [Thread-2] INFO  c.e.telemetry.model.MachineInterface - {"PayType":"free","ProductAmount":0,"ProductId":551,"ProductName":"Milk Foam","canisterIds":"","count":0,"isDelete":false,"isok":true,"nameKey":"milk_foam","order_no":"202501170702287384479491","order_resend_times":0,"order_uploaded":false,"recipeName":"","timestamp":"20250117070251","cmd":"productdone","vmc_no":73844}
2025-01-17 16:02:52 [Thread-2] INFO  c.e.telemetry.model.MachineInterface - {"PayType":"free","ProductAmount":0,"ProductId":827,"ProductName":"2 Cappuccino","canisterIds":"","count":0,"isDelete":false,"isok":true,"nameKey":"cappuccino_2","order_no":"202501170735407384471535","order_resend_times":0,"order_uploaded":false,"recipeName":"","timestamp":"20250117073701","cmd":"productdone","vmc_no":73844}
2025-01-17 16:03:10 [Thread-2] INFO  c.e.telemetry.model.MachineInterface - {"PayType":"free","ProductAmount":0,"ProductId":105,"ProductName":"Americano","canisterIds":"","count":0,"isDelete":false,"isok":true,"nameKey":"american_style_coffee","order_no":"202501170743427384456204","order_resend_times":0,"order_uploaded":false,"recipeName":"","timestamp":"20250117074438","cmd":"productdone","vmc_no":73844}
2025-01-17 16:03:28 [Thread-2] INFO  c.e.telemetry.model.MachineInterface - {"PayType":"free","ProductAmount":0,"ProductId":101,"ProductName":"Cappuccino","canisterIds":"","count":0,"isDelete":false,"isok":true,"nameKey":"cappuccino","order_no":"202501170759117384458733","order_resend_times":0,"order_uploaded":false,"recipeName":"","timestamp":"20250117080025","cmd":"productdone","vmc_no":73844}
2025-01-17 16:03:37 [SpringApplicationShutdownHook] INFO  o.s.i.endpoint.EventDrivenConsumer - Removing {logging-channel-adapter:_org.springframework.integration.errorLogger} as a subscriber to the 'errorChannel' channel
2025-01-17 16:03:37 [SpringApplicationShutdownHook] INFO  o.s.i.c.PublishSubscribeChannel - Channel 'JetinnoTelemetry.errorChannel' has 0 subscriber(s).
2025-01-17 16:03:37 [SpringApplicationShutdownHook] INFO  o.s.i.endpoint.EventDrivenConsumer - stopped bean '_org.springframework.integration.errorLogger'
2025-01-17 16:03:37 [SpringApplicationShutdownHook] INFO  o.s.o.j.LocalContainerEntityManagerFactoryBean - Closing JPA EntityManagerFactory for persistence unit 'default'
2025-01-17 16:03:37 [SpringApplicationShutdownHook] INFO  com.zaxxer.hikari.HikariDataSource - HikariPool-1 - Shutdown initiated...
2025-01-17 16:03:37 [SpringApplicationShutdownHook] INFO  com.zaxxer.hikari.HikariDataSource - HikariPool-1 - Shutdown completed.
2025-01-17 16:14:16 [main] INFO  c.e.telemetry.TelemetryApplication - Starting TelemetryApplication using Java 22.0.1 with PID 6008 (C:\Users\vadim.tissen\IdeaProjects\demo\target\classes started by vadim.tissen in C:\Users\vadim.tissen\IdeaProjects\demo)
2025-01-17 16:14:16 [main] INFO  c.e.telemetry.TelemetryApplication - No active profile set, falling back to 1 default profile: "default"
2025-01-17 16:14:17 [main] INFO  o.s.d.r.c.RepositoryConfigurationDelegate - Bootstrapping Spring Data JPA repositories in DEFAULT mode.
2025-01-17 16:14:17 [main] INFO  o.s.d.r.c.RepositoryConfigurationDelegate - Finished Spring Data repository scanning in 212 ms. Found 7 JPA repository interfaces.
2025-01-17 16:14:17 [main] INFO  o.s.i.c.DefaultConfiguringBeanFactoryPostProcessor - No bean named 'errorChannel' has been explicitly defined. Therefore, a default PublishSubscribeChannel will be created.
2025-01-17 16:14:17 [main] INFO  o.s.i.c.DefaultConfiguringBeanFactoryPostProcessor - No bean named 'integrationHeaderChannelRegistry' has been explicitly defined. Therefore, a default DefaultHeaderChannelRegistry will be created.
2025-01-17 16:14:18 [main] INFO  o.s.b.w.e.tomcat.TomcatWebServer - Tomcat initialized with port 8001 (http)
2025-01-17 16:14:18 [main] INFO  o.a.coyote.http11.Http11NioProtocol - Initializing ProtocolHandler ["http-nio-8001"]
2025-01-17 16:14:18 [main] INFO  o.a.catalina.core.StandardService - Starting service [Tomcat]
2025-01-17 16:14:18 [main] INFO  o.a.catalina.core.StandardEngine - Starting Servlet engine: [Apache Tomcat/10.1.26]
2025-01-17 16:14:18 [main] INFO  o.a.c.c.C.[.[.[/jetinno_api] - Initializing Spring embedded WebApplicationContext
2025-01-17 16:14:18 [main] INFO  o.s.b.w.s.c.ServletWebServerApplicationContext - Root WebApplicationContext: initialization completed in 2668 ms
2025-01-17 16:14:19 [main] INFO  com.zaxxer.hikari.HikariDataSource - HikariPool-1 - Starting...
2025-01-17 16:14:19 [main] INFO  com.zaxxer.hikari.pool.HikariPool - HikariPool-1 - Added connection org.postgresql.jdbc.PgConnection@239b98cb
2025-01-17 16:14:19 [main] INFO  com.zaxxer.hikari.HikariDataSource - HikariPool-1 - Start completed.
2025-01-17 16:14:19 [main] INFO  org.flywaydb.core.FlywayExecutor - Database: jdbc:postgresql://localhost:5432/CoffeeTelemetry (PostgreSQL 16.4)
2025-01-17 16:14:19 [main] INFO  o.f.core.internal.command.DbValidate - Successfully validated 5 migrations (execution time 00:00.051s)
2025-01-17 16:14:19 [main] INFO  o.f.core.internal.command.DbMigrate - Current version of schema "public": 4
2025-01-17 16:14:19 [main] INFO  o.f.core.internal.command.DbMigrate - Schema "public" is up to date. No migration necessary.
2025-01-17 16:14:20 [main] INFO  o.h.jpa.internal.util.LogHelper - HHH000204: Processing PersistenceUnitInfo [name: default]
2025-01-17 16:14:20 [main] INFO  org.hibernate.Version - HHH000412: Hibernate ORM core version 6.5.2.Final
2025-01-17 16:14:20 [main] INFO  o.h.c.i.RegionFactoryInitiator - HHH000026: Second-level cache disabled
2025-01-17 16:14:20 [main] WARN  org.hibernate.orm.deprecation - HHH90000025: PostgreSQLDialect does not need to be specified explicitly using 'hibernate.dialect' (remove the property setting and it will be selected by default)
2025-01-17 16:14:20 [main] INFO  o.s.o.j.p.SpringPersistenceUnitInfo - No LoadTimeWeaver setup: ignoring JPA class transformer
2025-01-17 16:14:22 [main] INFO  o.h.e.t.j.p.i.JtaPlatformInitiator - HHH000489: No JTA platform available (set 'hibernate.transaction.jta.platform' to enable JTA platform integration)
2025-01-17 16:14:22 [main] INFO  o.s.o.j.LocalContainerEntityManagerFactoryBean - Initialized JPA EntityManagerFactory for persistence unit 'default'
2025-01-17 16:14:22 [main] INFO  o.s.d.j.r.query.QueryEnhancerFactory - Hibernate is in classpath; If applicable, HQL parser will be used.
2025-01-17 16:14:23 [main] WARN  o.s.b.a.o.j.JpaBaseConfiguration$JpaWebConfiguration - spring.jpa.open-in-view is enabled by default. Therefore, database queries may be performed during view rendering. Explicitly configure spring.jpa.open-in-view to disable this warning
2025-01-17 16:14:23 [main] INFO  o.s.s.c.a.a.c.InitializeUserDetailsBeanManagerConfigurer$InitializeUserDetailsManagerConfigurer - Global AuthenticationManager configured with UserDetailsService bean with name userDetailsService
2025-01-17 16:14:23 [main] INFO  o.s.b.a.w.s.WelcomePageHandlerMapping - Adding welcome page template: index
2025-01-17 16:14:25 [main] INFO  o.s.i.endpoint.EventDrivenConsumer - Adding {logging-channel-adapter:_org.springframework.integration.errorLogger} as a subscriber to the 'errorChannel' channel
2025-01-17 16:14:25 [main] INFO  o.s.i.c.PublishSubscribeChannel - Channel 'JetinnoTelemetry.errorChannel' has 1 subscriber(s).
2025-01-17 16:14:25 [main] INFO  o.s.i.endpoint.EventDrivenConsumer - started bean '_org.springframework.integration.errorLogger'
2025-01-17 16:14:25 [main] INFO  o.a.coyote.http11.Http11NioProtocol - Starting ProtocolHandler ["http-nio-8001"]
2025-01-17 16:14:25 [main] INFO  o.s.b.w.e.tomcat.TomcatWebServer - Tomcat started on port 8001 (http) with context path '/jetinno_api'
2025-01-17 16:14:25 [main] INFO  c.e.telemetry.TelemetryApplication - Started TelemetryApplication in 10.155 seconds (process running for 11.335)
2025-01-17 16:15:27 [Thread-2] INFO  c.e.telemetry.model.MachineInterface - {"status":"clearerror","cmd":"machinestatus","vmc_no":73844}
2025-01-17 16:15:27 [Thread-2] INFO  c.e.telemetry.model.MachineInterface - {"PayType":"free","ProductAmount":0,"ProductId":551,"ProductName":"Milk Foam","canisterIds":"","count":0,"isDelete":false,"isok":true,"nameKey":"milk_foam","order_no":"202501171606377384494859","order_resend_times":0,"order_uploaded":false,"recipeName":"","timestamp":"20250117160701","cmd":"productdone","vmc_no":73844}
2025-01-17 16:15:27 [Thread-2] INFO  c.e.telemetry.model.MachineInterface - {"c_uid":"C20250117160805139","isok":true,"rinsing_code":"C02","timestamp":"20250117160805","cmd":"rinsingrecord","vmc_no":73844}
2025-01-17 16:15:51 [http-nio-8001-exec-2] INFO  o.a.c.c.C.[.[.[/jetinno_api] - Initializing Spring DispatcherServlet 'dispatcherServlet'
2025-01-17 16:15:51 [http-nio-8001-exec-2] INFO  o.s.web.servlet.DispatcherServlet - Initializing Servlet 'dispatcherServlet'
2025-01-17 16:15:51 [http-nio-8001-exec-2] INFO  o.s.web.servlet.DispatcherServlet - Completed initialization in 2 ms
2025-01-17 16:15:52 [Thread-2] INFO  c.e.telemetry.model.MachineInterface - {"comp_id":0,"io_version":"V87.25","login_count":12,"sign":"tangtang","timestamp":"20250117","version":"V1.0.9.T_JL32_33","cmd":"login","vmc_no":73844}
2025-01-17 16:15:53 [Thread-2] INFO  c.e.telemetry.model.MachineInterface - {"status":"doorclose","cmd":"machinestatus","vmc_no":73844}
2025-01-17 16:16:11 [SpringApplicationShutdownHook] INFO  o.s.i.endpoint.EventDrivenConsumer - Removing {logging-channel-adapter:_org.springframework.integration.errorLogger} as a subscriber to the 'errorChannel' channel
2025-01-17 16:16:11 [SpringApplicationShutdownHook] INFO  o.s.i.c.PublishSubscribeChannel - Channel 'JetinnoTelemetry.errorChannel' has 0 subscriber(s).
2025-01-17 16:16:11 [SpringApplicationShutdownHook] INFO  o.s.i.endpoint.EventDrivenConsumer - stopped bean '_org.springframework.integration.errorLogger'
2025-01-17 16:16:11 [SpringApplicationShutdownHook] INFO  o.s.o.j.LocalContainerEntityManagerFactoryBean - Closing JPA EntityManagerFactory for persistence unit 'default'
2025-01-17 16:16:11 [SpringApplicationShutdownHook] INFO  com.zaxxer.hikari.HikariDataSource - HikariPool-1 - Shutdown initiated...
2025-01-17 16:16:11 [SpringApplicationShutdownHook] INFO  com.zaxxer.hikari.HikariDataSource - HikariPool-1 - Shutdown completed.
2025-01-20 13:28:24 [main] INFO  c.e.telemetry.TelemetryApplication - Starting TelemetryApplication using Java 22.0.1 with PID 8928 (C:\Users\vadim.tissen\IdeaProjects\demo\target\classes started by vadim.tissen in C:\Users\vadim.tissen\IdeaProjects\demo)
2025-01-20 13:28:24 [main] INFO  c.e.telemetry.TelemetryApplication - No active profile set, falling back to 1 default profile: "default"
2025-01-20 13:28:25 [main] INFO  o.s.d.r.c.RepositoryConfigurationDelegate - Bootstrapping Spring Data JPA repositories in DEFAULT mode.
2025-01-20 13:28:26 [main] INFO  o.s.d.r.c.RepositoryConfigurationDelegate - Finished Spring Data repository scanning in 198 ms. Found 7 JPA repository interfaces.
2025-01-20 13:28:26 [main] INFO  o.s.i.c.DefaultConfiguringBeanFactoryPostProcessor - No bean named 'errorChannel' has been explicitly defined. Therefore, a default PublishSubscribeChannel will be created.
2025-01-20 13:28:26 [main] INFO  o.s.i.c.DefaultConfiguringBeanFactoryPostProcessor - No bean named 'integrationHeaderChannelRegistry' has been explicitly defined. Therefore, a default DefaultHeaderChannelRegistry will be created.
2025-01-20 13:28:27 [main] INFO  o.s.b.w.e.tomcat.TomcatWebServer - Tomcat initialized with port 8001 (http)
2025-01-20 13:28:27 [main] INFO  o.a.coyote.http11.Http11NioProtocol - Initializing ProtocolHandler ["http-nio-8001"]
2025-01-20 13:28:27 [main] INFO  o.a.catalina.core.StandardService - Starting service [Tomcat]
2025-01-20 13:28:27 [main] INFO  o.a.catalina.core.StandardEngine - Starting Servlet engine: [Apache Tomcat/10.1.26]
2025-01-20 13:28:27 [main] INFO  o.a.c.c.C.[.[.[/jetinno_api] - Initializing Spring embedded WebApplicationContext
2025-01-20 13:28:27 [main] INFO  o.s.b.w.s.c.ServletWebServerApplicationContext - Root WebApplicationContext: initialization completed in 2610 ms
2025-01-20 13:28:27 [main] INFO  com.zaxxer.hikari.HikariDataSource - HikariPool-1 - Starting...
2025-01-20 13:28:28 [main] INFO  com.zaxxer.hikari.pool.HikariPool - HikariPool-1 - Added connection org.postgresql.jdbc.PgConnection@7a1371
2025-01-20 13:28:28 [main] INFO  com.zaxxer.hikari.HikariDataSource - HikariPool-1 - Start completed.
2025-01-20 13:28:28 [main] INFO  org.flywaydb.core.FlywayExecutor - Database: jdbc:postgresql://localhost:5432/CoffeeTelemetry (PostgreSQL 16.4)
2025-01-20 13:28:28 [main] INFO  o.f.core.internal.command.DbValidate - Successfully validated 5 migrations (execution time 00:00.058s)
2025-01-20 13:28:28 [main] INFO  o.f.core.internal.command.DbMigrate - Current version of schema "public": 4
2025-01-20 13:28:28 [main] INFO  o.f.core.internal.command.DbMigrate - Schema "public" is up to date. No migration necessary.
2025-01-20 13:28:28 [main] INFO  o.h.jpa.internal.util.LogHelper - HHH000204: Processing PersistenceUnitInfo [name: default]
2025-01-20 13:28:28 [main] INFO  org.hibernate.Version - HHH000412: Hibernate ORM core version 6.5.2.Final
2025-01-20 13:28:28 [main] INFO  o.h.c.i.RegionFactoryInitiator - HHH000026: Second-level cache disabled
2025-01-20 13:28:28 [main] WARN  org.hibernate.orm.deprecation - HHH90000025: PostgreSQLDialect does not need to be specified explicitly using 'hibernate.dialect' (remove the property setting and it will be selected by default)
2025-01-20 13:28:29 [main] INFO  o.s.o.j.p.SpringPersistenceUnitInfo - No LoadTimeWeaver setup: ignoring JPA class transformer
2025-01-20 13:28:30 [main] INFO  o.h.e.t.j.p.i.JtaPlatformInitiator - HHH000489: No JTA platform available (set 'hibernate.transaction.jta.platform' to enable JTA platform integration)
2025-01-20 13:28:30 [main] INFO  o.s.o.j.LocalContainerEntityManagerFactoryBean - Initialized JPA EntityManagerFactory for persistence unit 'default'
2025-01-20 13:28:30 [main] INFO  o.s.d.j.r.query.QueryEnhancerFactory - Hibernate is in classpath; If applicable, HQL parser will be used.
2025-01-20 13:28:31 [main] WARN  o.s.b.a.o.j.JpaBaseConfiguration$JpaWebConfiguration - spring.jpa.open-in-view is enabled by default. Therefore, database queries may be performed during view rendering. Explicitly configure spring.jpa.open-in-view to disable this warning
2025-01-20 13:28:31 [main] INFO  o.s.s.c.a.a.c.InitializeUserDetailsBeanManagerConfigurer$InitializeUserDetailsManagerConfigurer - Global AuthenticationManager configured with UserDetailsService bean with name userDetailsService
2025-01-20 13:28:31 [main] INFO  o.s.b.a.w.s.WelcomePageHandlerMapping - Adding welcome page template: index
2025-01-20 13:28:32 [main] INFO  o.s.i.endpoint.EventDrivenConsumer - Adding {logging-channel-adapter:_org.springframework.integration.errorLogger} as a subscriber to the 'errorChannel' channel
2025-01-20 13:28:32 [main] INFO  o.s.i.c.PublishSubscribeChannel - Channel 'JetinnoTelemetry.errorChannel' has 1 subscriber(s).
2025-01-20 13:28:32 [main] INFO  o.s.i.endpoint.EventDrivenConsumer - started bean '_org.springframework.integration.errorLogger'
2025-01-20 13:28:32 [main] INFO  o.a.coyote.http11.Http11NioProtocol - Starting ProtocolHandler ["http-nio-8001"]
2025-01-20 13:28:32 [main] INFO  o.s.b.w.e.tomcat.TomcatWebServer - Tomcat started on port 8001 (http) with context path '/jetinno_api'
2025-01-20 13:28:32 [main] INFO  c.e.telemetry.TelemetryApplication - Started TelemetryApplication in 9.135 seconds (process running for 9.758)
2025-01-20 13:29:23 [Thread-2] INFO  c.e.telemetry.model.MachineInterface - {"status":"clearerror","cmd":"machinestatus","vmc_no":73844}
2025-01-20 13:29:24 [Thread-2] INFO  c.e.telemetry.model.MachineInterface - {"c_uid":"C20250120114041335","isok":true,"rinsing_code":"C02","timestamp":"20250120114041","cmd":"rinsingrecord","vmc_no":73844}
2025-01-20 13:29:24 [Thread-2] INFO  c.e.telemetry.model.MachineInterface - {"status":"supply","supply":{"10284":"100000","10008":"537","9991":"100000","10009":"100000","10006":"499","19991":"100000","10007":"100000"},"time":"20250120132924","cmd":"machinestatus","vmc_no":73844}
2025-01-20 13:29:24 [Thread-2] INFO  c.e.telemetry.model.MachineInterface - {"status":"doorclose","cmd":"machinestatus","vmc_no":73844}
2025-01-20 13:34:39 [http-nio-8001-exec-1] INFO  o.a.c.c.C.[.[.[/jetinno_api] - Initializing Spring DispatcherServlet 'dispatcherServlet'
2025-01-20 13:34:39 [http-nio-8001-exec-1] INFO  o.s.web.servlet.DispatcherServlet - Initializing Servlet 'dispatcherServlet'
2025-01-20 13:34:39 [http-nio-8001-exec-1] INFO  o.s.web.servlet.DispatcherServlet - Completed initialization in 2 ms
2025-01-20 13:34:39 [Thread-2] INFO  c.e.telemetry.model.MachineInterface - {"comp_id":0,"io_version":"V87.25","login_count":2,"sign":"tangtang","timestamp":"20250120","version":"V1.0.9.T_JL32_33","cmd":"login","vmc_no":73844}
2025-01-20 13:34:40 [Thread-2] INFO  c.e.telemetry.model.MachineInterface - {"status":"doorclose","cmd":"machinestatus","vmc_no":73844}
2025-01-20 13:44:24 [Thread-2] INFO  c.e.telemetry.model.MachineInterface - {"PayType":"free","ProductAmount":0,"ProductId":105,"ProductName":"Americano","canisterIds":"","count":0,"isDelete":false,"isok":true,"nameKey":"american_style_coffee","order_no":"202501170808237384482543","order_resend_times":1,"order_uploaded":false,"recipeName":"","timestamp":"20250117080923","cmd":"productdone","vmc_no":73844}
2025-01-20 13:44:39 [Thread-2] INFO  c.e.telemetry.model.MachineInterface - {"PayType":"free","ProductAmount":0,"ProductId":237,"ProductName":"Macchiato","canisterIds":"","count":0,"isDelete":false,"isok":true,"nameKey":"macchiato","order_no":"202501170857137384417915","order_resend_times":1,"order_uploaded":false,"recipeName":"","timestamp":"20250117085829","cmd":"productdone","vmc_no":73844}
2025-01-20 13:44:54 [Thread-2] INFO  c.e.telemetry.model.MachineInterface - {"PayType":"free","ProductAmount":0,"ProductId":101,"ProductName":"Cappuccino","canisterIds":"","count":0,"isDelete":false,"isok":false,"nameKey":"cappuccino","order_no":"202501170944307384433390","order_resend_times":1,"order_uploaded":false,"recipeName":"","timestamp":"20250117094535","cmd":"productdone","vmc_no":73844}
2025-01-20 13:45:09 [Thread-2] INFO  c.e.telemetry.model.MachineInterface - {"PayType":"free","ProductAmount":0,"ProductId":178,"ProductName":"2 Long Coffee","canisterIds":"","count":0,"isDelete":false,"isok":true,"nameKey":"long_coffee_2","order_no":"202501171147237384472966","order_resend_times":1,"order_uploaded":false,"recipeName":"","timestamp":"20250117114822","cmd":"productdone","vmc_no":73844}
2025-01-20 13:45:24 [Thread-2] INFO  c.e.telemetry.model.MachineInterface - {"PayType":"free","ProductAmount":0,"ProductId":105,"ProductName":"Americano","canisterIds":"","count":0,"isDelete":false,"isok":true,"nameKey":"american_style_coffee","order_no":"202501171213057384412841","order_resend_times":1,"order_uploaded":false,"recipeName":"","timestamp":"20250117121405","cmd":"productdone","vmc_no":73844}
2025-01-20 13:45:39 [Thread-2] INFO  c.e.telemetry.model.MachineInterface - {"PayType":"free","ProductAmount":0,"ProductId":105,"ProductName":"Americano","canisterIds":"","count":0,"isDelete":false,"isok":true,"nameKey":"american_style_coffee","order_no":"202501171215407384421678","order_resend_times":1,"order_uploaded":false,"recipeName":"","timestamp":"20250117121634","cmd":"productdone","vmc_no":73844}
2025-01-20 13:45:54 [Thread-2] INFO  c.e.telemetry.model.MachineInterface - {"PayType":"free","ProductAmount":0,"ProductId":101,"ProductName":"Cappuccino","canisterIds":"","count":0,"isDelete":false,"isok":true,"nameKey":"cappuccino","order_no":"202501171221047384432157","order_resend_times":1,"order_uploaded":false,"recipeName":"","timestamp":"20250117122205","cmd":"productdone","vmc_no":73844}
2025-01-20 13:46:09 [Thread-2] INFO  c.e.telemetry.model.MachineInterface - {"PayType":"free","ProductAmount":0,"ProductId":283,"ProductName":"Mocha","canisterIds":"","count":0,"isDelete":false,"isok":true,"nameKey":"chocciato","order_no":"202501171237287384418910","order_resend_times":1,"order_uploaded":false,"recipeName":"","timestamp":"20250117123831","cmd":"productdone","vmc_no":73844}
2025-01-20 13:46:24 [Thread-2] INFO  c.e.telemetry.model.MachineInterface - {"PayType":"free","ProductAmount":0,"ProductId":551,"ProductName":"Milk Foam","canisterIds":"","count":0,"isDelete":false,"isok":true,"nameKey":"milk_foam","order_no":"202501171248437384454555","order_resend_times":1,"order_uploaded":false,"recipeName":"","timestamp":"20250117124911","cmd":"productdone","vmc_no":73844}
2025-01-20 13:46:39 [Thread-2] INFO  c.e.telemetry.model.MachineInterface - {"PayType":"free","ProductAmount":0,"ProductId":551,"ProductName":"Milk Foam","canisterIds":"","count":0,"isDelete":false,"isok":true,"nameKey":"milk_foam","order_no":"202501171249157384435124","order_resend_times":1,"order_uploaded":false,"recipeName":"","timestamp":"20250117124954","cmd":"productdone","vmc_no":73844}
2025-01-20 13:46:54 [Thread-2] INFO  c.e.telemetry.model.MachineInterface - {"PayType":"free","ProductAmount":0,"ProductId":243,"ProductName":"Coffee Latte","canisterIds":"","count":0,"isDelete":false,"isok":true,"nameKey":"caffe_latte","order_no":"202501171302467384453286","order_resend_times":1,"order_uploaded":false,"recipeName":"","timestamp":"20250117130338","cmd":"productdone","vmc_no":73844}
2025-01-20 13:47:09 [Thread-2] INFO  c.e.telemetry.model.MachineInterface - {"PayType":"free","ProductAmount":0,"ProductId":551,"ProductName":"Milk Foam","canisterIds":"","count":0,"isDelete":false,"isok":true,"nameKey":"milk_foam","order_no":"202501171607357384437723","order_resend_times":1,"order_uploaded":false,"recipeName":"","timestamp":"20250117160758","cmd":"productdone","vmc_no":73844}
2025-01-20 13:47:24 [Thread-2] INFO  c.e.telemetry.model.MachineInterface - {"PayType":"free","ProductAmount":0,"ProductId":237,"ProductName":"Macchiato","canisterIds":"","count":0,"isDelete":false,"isok":true,"nameKey":"macchiato","order_no":"202501200657597384420451","order_resend_times":0,"order_uploaded":false,"recipeName":"","timestamp":"20250120065916","cmd":"productdone","vmc_no":73844}
2025-01-20 13:47:39 [Thread-2] INFO  c.e.telemetry.model.MachineInterface - {"PayType":"free","ProductAmount":0,"ProductId":827,"ProductName":"2 Cappuccino","canisterIds":"","count":0,"isDelete":false,"isok":true,"nameKey":"cappuccino_2","order_no":"202501200755147384465225","order_resend_times":0,"order_uploaded":false,"recipeName":"","timestamp":"20250120075712","cmd":"productdone","vmc_no":73844}
2025-01-20 13:47:54 [Thread-2] INFO  c.e.telemetry.model.MachineInterface - {"PayType":"free","ProductAmount":0,"ProductId":105,"ProductName":"Americano","canisterIds":"","count":0,"isDelete":false,"isok":true,"nameKey":"american_style_coffee","order_no":"202501200803237384423978","order_resend_times":0,"order_uploaded":false,"recipeName":"","timestamp":"20250120080427","cmd":"productdone","vmc_no":73844}
2025-01-20 13:48:09 [Thread-2] INFO  c.e.telemetry.model.MachineInterface - {"PayType":"free","ProductAmount":0,"ProductId":105,"ProductName":"Americano","canisterIds":"","count":0,"isDelete":false,"isok":true,"nameKey":"american_style_coffee","order_no":"202501200809077384462040","order_resend_times":0,"order_uploaded":false,"recipeName":"","timestamp":"20250120081005","cmd":"productdone","vmc_no":73844}
2025-01-20 13:48:24 [Thread-2] INFO  c.e.telemetry.model.MachineInterface - {"PayType":"free","ProductAmount":0,"ProductId":101,"ProductName":"Cappuccino","canisterIds":"","count":0,"isDelete":false,"isok":false,"nameKey":"cappuccino","order_no":"202501200839557384414666","order_resend_times":0,"order_uploaded":false,"recipeName":"","timestamp":"20250120084054","cmd":"productdone","vmc_no":73844}
2025-01-20 13:48:39 [Thread-2] INFO  c.e.telemetry.model.MachineInterface - {"PayType":"free","ProductAmount":0,"ProductId":237,"ProductName":"Macchiato","canisterIds":"","count":0,"isDelete":false,"isok":true,"nameKey":"macchiato","order_no":"202501200900567384453102","order_resend_times":0,"order_uploaded":false,"recipeName":"","timestamp":"20250120090217","cmd":"productdone","vmc_no":73844}
2025-01-20 13:48:54 [Thread-2] INFO  c.e.telemetry.model.MachineInterface - {"PayType":"free","ProductAmount":0,"ProductId":101,"ProductName":"Cappuccino","canisterIds":"","count":0,"isDelete":false,"isok":true,"nameKey":"cappuccino","order_no":"202501200928077384428100","order_resend_times":0,"order_uploaded":false,"recipeName":"","timestamp":"20250120092912","cmd":"productdone","vmc_no":73844}
2025-01-20 13:49:09 [Thread-2] INFO  c.e.telemetry.model.MachineInterface - {"PayType":"free","ProductAmount":0,"ProductId":101,"ProductName":"Cappuccino","canisterIds":"","count":0,"isDelete":false,"isok":true,"nameKey":"cappuccino","order_no":"202501200939247384454821","order_resend_times":0,"order_uploaded":false,"recipeName":"","timestamp":"20250120094037","cmd":"productdone","vmc_no":73844}
2025-01-20 13:49:24 [Thread-2] INFO  c.e.telemetry.model.MachineInterface - {"PayType":"free","ProductAmount":0,"ProductId":283,"ProductName":"Mocha","canisterIds":"","count":0,"isDelete":false,"isok":true,"nameKey":"chocciato","order_no":"202501201143567384468934","order_resend_times":0,"order_uploaded":false,"recipeName":"","timestamp":"20250120114458","cmd":"productdone","vmc_no":73844}
2025-01-20 13:49:39 [Thread-2] INFO  c.e.telemetry.model.MachineInterface - {"PayType":"free","ProductAmount":0,"ProductId":178,"ProductName":"2 Long Coffee","canisterIds":"","count":0,"isDelete":false,"isok":true,"nameKey":"long_coffee_2","order_no":"202501201147537384488733","order_resend_times":0,"order_uploaded":false,"recipeName":"","timestamp":"20250120114851","cmd":"productdone","vmc_no":73844}
2025-01-20 13:49:54 [Thread-2] INFO  c.e.telemetry.model.MachineInterface - {"PayType":"free","ProductAmount":0,"ProductId":105,"ProductName":"Americano","canisterIds":"","count":0,"isDelete":false,"isok":true,"nameKey":"american_style_coffee","order_no":"202501201213517384485796","order_resend_times":0,"order_uploaded":false,"recipeName":"","timestamp":"20250120121614","cmd":"productdone","vmc_no":73844}
2025-01-20 13:50:09 [Thread-2] INFO  c.e.telemetry.model.MachineInterface - {"PayType":"free","ProductAmount":0,"ProductId":105,"ProductName":"Americano","canisterIds":"","count":0,"isDelete":false,"isok":true,"nameKey":"american_style_coffee","order_no":"202501201216307384494575","order_resend_times":0,"order_uploaded":false,"recipeName":"","timestamp":"20250120121731","cmd":"productdone","vmc_no":73844}
2025-01-20 13:50:24 [Thread-2] INFO  c.e.telemetry.model.MachineInterface - {"PayType":"free","ProductAmount":0,"ProductId":237,"ProductName":"Macchiato","canisterIds":"","count":0,"isDelete":false,"isok":true,"nameKey":"macchiato","order_no":"202501201227537384415669","order_resend_times":0,"order_uploaded":false,"recipeName":"","timestamp":"20250120122910","cmd":"productdone","vmc_no":73844}
2025-01-20 13:50:39 [Thread-2] INFO  c.e.telemetry.model.MachineInterface - {"PayType":"free","ProductAmount":0,"ProductId":827,"ProductName":"2 Cappuccino","canisterIds":"","count":0,"isDelete":false,"isok":true,"nameKey":"cappuccino_2","order_no":"202501201229357384423878","order_resend_times":0,"order_uploaded":false,"recipeName":"","timestamp":"20250120123058","cmd":"productdone","vmc_no":73844}
2025-01-20 14:52:55 [Thread-2] INFO  c.e.telemetry.model.MachineInterface - {"status":"supply","supply":{"10284":"100000","10008":"537","9991":"100000","10009":"100000","10006":"499","19991":"100000","10007":"100000"},"time":"20250120145255","cmd":"machinestatus","vmc_no":73844}
2025-01-20 14:52:55 [Thread-2] INFO  c.e.telemetry.model.MachineInterface - {"status":"doorclose","cmd":"machinestatus","vmc_no":73844}
2025-01-20 14:54:07 [Thread-2] INFO  c.e.telemetry.model.MachineInterface - {"PayType":"free","ProductAmount":0,"ProductId":237,"ProductName":"Macchiato","canisterIds":"225,226,170","count":0,"isDelete":false,"isok":true,"nameKey":"macchiato","order_no":"202501201452487384494828","order_resend_times":0,"order_uploaded":false,"recipeName":"Macchiato","timestamp":"20250120145407","cmd":"productdone","vmc_no":73844}
2025-01-20 14:57:12 [Thread-2] INFO  c.e.telemetry.model.MachineInterface - {"PayType":"free","ProductAmount":0,"ProductId":243,"ProductName":"Coffee Latte","canisterIds":"225,226,170","count":0,"isDelete":false,"isok":true,"nameKey":"caffe_latte","order_no":"202501201456067384444926","order_resend_times":0,"order_uploaded":false,"recipeName":"Coffee Latte","timestamp":"20250120145711","cmd":"productdone","vmc_no":73844}
2025-01-20 15:00:57 [Thread-2] INFO  c.e.telemetry.model.MachineInterface - {"PayType":"free","ProductAmount":0,"ProductId":105,"ProductName":"Americano","canisterIds":"170,0","count":0,"isDelete":false,"isok":true,"nameKey":"american_style_coffee","order_no":"202501201459557384455056","order_resend_times":0,"order_uploaded":false,"recipeName":"Americano","timestamp":"20250120150057","cmd":"productdone","vmc_no":73844}
2025-01-21 07:39:25 [Thread-4] INFO  c.e.telemetry.model.MachineInterface - {"comp_id":0,"io_version":"V87.25","login_count":2,"sign":"tangtang","timestamp":"20250121","version":"V1.0.9.T_JL32_33","cmd":"login","vmc_no":73844}
2025-01-21 07:39:25 [Thread-4] INFO  c.e.telemetry.model.MachineInterface - {"status":"clearerror","cmd":"machinestatus","vmc_no":73844}
2025-01-21 07:39:26 [Thread-4] INFO  c.e.telemetry.model.MachineInterface - {"c_uid":"C20250120143103449","isok":true,"rinsing_code":"C02","timestamp":"20250120143103","cmd":"rinsingrecord","vmc_no":73844}
2025-01-21 07:39:26 [Thread-4] INFO  c.e.telemetry.model.MachineInterface - {"status":"supply","supply":{"10284":"100000","10008":"537","9991":"100000","10009":"100000","10006":"499","19991":"100000","10007":"100000"},"time":"20250121073925","cmd":"machinestatus","vmc_no":73844}
2025-01-21 07:39:26 [Thread-4] INFO  c.e.telemetry.model.MachineInterface - {"status":"doorclose","cmd":"machinestatus","vmc_no":73844}
2025-01-21 07:39:27 [Thread-4] INFO  c.e.telemetry.model.MachineInterface - {"c_uid":"C20250120165716475","isok":false,"rinsing_code":"C02","timestamp":"20250120165716","cmd":"rinsingrecord","vmc_no":73844}
2025-01-21 07:42:52 [Thread-4] INFO  c.e.telemetry.model.MachineInterface - {"status":"doorclose","cmd":"machinestatus","vmc_no":73844}
2025-01-21 07:42:55 [Thread-4] INFO  c.e.telemetry.model.MachineInterface - {"status":"clearerror","cmd":"machinestatus","vmc_no":73844}
2025-01-21 07:42:57 [Thread-4] INFO  c.e.telemetry.model.MachineInterface - {"status":"dooropen","cmd":"machinestatus","vmc_no":73844}
2025-01-21 07:42:58 [Thread-4] INFO  c.e.telemetry.model.MachineInterface - {"status":"doorclose","cmd":"machinestatus","vmc_no":73844}
2025-01-21 07:43:34 [Thread-4] INFO  c.e.telemetry.model.MachineInterface - {"PayType":"free","ProductAmount":0,"ProductId":551,"ProductName":"Milk Foam","canisterIds":"226","count":0,"isDelete":false,"isok":true,"nameKey":"milk_foam","order_no":"202501210743107384473247","order_resend_times":0,"order_uploaded":false,"recipeName":"Milk Foam","timestamp":"20250121074333","cmd":"productdone","vmc_no":73844}
2025-01-21 07:44:41 [Thread-4] INFO  c.e.telemetry.model.MachineInterface - {"PayType":"free","ProductAmount":0,"ProductId":551,"ProductName":"Milk Foam","canisterIds":"226","count":0,"isDelete":false,"isok":true,"nameKey":"milk_foam","order_no":"202501210744127384455464","order_resend_times":0,"order_uploaded":false,"recipeName":"Milk Foam","timestamp":"20250121074440","cmd":"productdone","vmc_no":73844}
2025-01-21 07:45:33 [Thread-4] INFO  c.e.telemetry.model.MachineInterface - {"PayType":"free","ProductAmount":0,"ProductId":551,"ProductName":"Milk Foam","canisterIds":"226","count":0,"isDelete":false,"isok":true,"nameKey":"milk_foam","order_no":"202501210745027384473153","order_resend_times":0,"order_uploaded":false,"recipeName":"Milk Foam","timestamp":"20250121074531","cmd":"productdone","vmc_no":73844}
2025-01-21 07:56:27 [Thread-4] INFO  c.e.telemetry.model.MachineInterface - {"PayType":"free","ProductAmount":0,"ProductId":105,"ProductName":"Americano","canisterIds":"170,0","count":0,"isDelete":false,"isok":true,"nameKey":"american_style_coffee","order_no":"202501210755287384421120","order_resend_times":0,"order_uploaded":false,"recipeName":"Americano","timestamp":"20250121075626","cmd":"productdone","vmc_no":73844}
2025-01-21 08:03:44 [Thread-4] INFO  c.e.telemetry.model.MachineInterface - {"status":"supply","supply":{"10284":"100000","10008":"537","9991":"100000","10009":"100000","10006":"499","19991":"100000","10007":"100000"},"time":"20250121080343","cmd":"machinestatus","vmc_no":73844}
2025-01-21 08:03:44 [Thread-4] INFO  c.e.telemetry.model.MachineInterface - {"status":"doorclose","cmd":"machinestatus","vmc_no":73844}
2025-01-21 08:04:55 [Thread-4] INFO  c.e.telemetry.model.MachineInterface - {"PayType":"free","ProductAmount":0,"ProductId":237,"ProductName":"Macchiato","canisterIds":"225,226,170","count":0,"isDelete":false,"isok":true,"nameKey":"macchiato","order_no":"202501210803387384488997","order_resend_times":0,"order_uploaded":false,"recipeName":"Macchiato","timestamp":"20250121080454","cmd":"productdone","vmc_no":73844}
2025-01-21 08:06:46 [Thread-4] INFO  c.e.telemetry.model.MachineInterface - {"PayType":"free","ProductAmount":0,"ProductId":827,"ProductName":"2 Cappuccino","canisterIds":"170,225,226","count":0,"isDelete":false,"isok":true,"nameKey":"cappuccino_2","order_no":"202501210805187384499790","order_resend_times":0,"order_uploaded":false,"recipeName":"2 Cappuccino","timestamp":"20250121080645","cmd":"productdone","vmc_no":73844}
2025-01-21 08:06:49 [Thread-4] INFO  c.e.telemetry.model.MachineInterface - {"datetime":"20250121","error_code":"ERROR:5700","error_description":"Левый контейнер для бобов пуст. Пожалуйста, долейте.","isSet":true,"is_fatal_error":true,"is_pessistance_error":false,"cmd":"error","vmc_no":73844}
2025-01-21 08:06:49 [Thread-4] WARN  o.h.e.jdbc.spi.SqlExceptionHelper - SQL Error: 0, SQLState: 23505
2025-01-21 08:06:49 [Thread-4] ERROR o.h.e.jdbc.spi.SqlExceptionHelper - ОШИБКА: повторяющееся значение ключа нарушает ограничение уникальности "error_vmc_number_fault_code_key"
  Подробности: Ключ "(vmc_number, fault_code)=(73844, 5700)" уже существует.
2025-01-21 08:09:50 [Thread-5] INFO  c.e.telemetry.model.MachineInterface - {"comp_id":0,"io_version":"V87.25","login_count":4,"sign":"tangtang","timestamp":"20250121","version":"V1.0.9.T_JL32_33","cmd":"login","vmc_no":73844}
2025-01-21 08:09:51 [Thread-5] INFO  c.e.telemetry.model.MachineInterface - {"status":"clearerror","cmd":"machinestatus","vmc_no":73844}
2025-01-21 08:09:51 [Thread-5] INFO  c.e.telemetry.model.MachineInterface - {"status":"supply","supply":{"10284":"100000","10008":"537","9991":"100000","10009":"100000","10006":"499","19991":"100000","10007":"100000"},"time":"20250121080950","cmd":"machinestatus","vmc_no":73844}
2025-01-21 08:09:51 [Thread-5] INFO  c.e.telemetry.model.MachineInterface - {"status":"doorclose","cmd":"machinestatus","vmc_no":73844}
2025-01-21 08:37:58 [Thread-5] INFO  c.e.telemetry.model.MachineInterface - {"status":"clearerror","cmd":"machinestatus","vmc_no":73844}
2025-01-21 08:38:18 [Thread-5] INFO  c.e.telemetry.model.MachineInterface - {"PayType":"free","ProductAmount":0,"ProductId":800,"ProductName":"Chocolate","canisterIds":"1","count":0,"isDelete":false,"isok":true,"nameKey":"chocolate","order_no":"202501210837537384450268","order_resend_times":0,"order_uploaded":false,"recipeName":"Chocolate","timestamp":"20250121083817","cmd":"productdone","vmc_no":73844}
2025-01-21 08:38:25 [Thread-5] INFO  c.e.telemetry.model.MachineInterface - {"datetime":"20250121","error_code":"ERROR:5700","error_description":"Левый контейнер для бобов пуст. Пожалуйста, долейте.","isSet":true,"is_fatal_error":true,"is_pessistance_error":false,"cmd":"error","vmc_no":73844}
2025-01-21 08:38:25 [Thread-5] WARN  o.h.e.jdbc.spi.SqlExceptionHelper - SQL Error: 0, SQLState: 23505
2025-01-21 08:38:25 [Thread-5] ERROR o.h.e.jdbc.spi.SqlExceptionHelper - ОШИБКА: повторяющееся значение ключа нарушает ограничение уникальности "error_vmc_number_fault_code_key"
  Подробности: Ключ "(vmc_number, fault_code)=(73844, 5700)" уже существует.
2025-01-21 08:44:25 [Thread-6] INFO  c.e.telemetry.model.MachineInterface - {"comp_id":0,"io_version":"V87.25","login_count":6,"sign":"tangtang","timestamp":"20250121","version":"V1.0.9.T_JL32_33","cmd":"login","vmc_no":73844}
2025-01-21 08:44:25 [Thread-6] INFO  c.e.telemetry.model.MachineInterface - {"status":"clearerror","cmd":"machinestatus","vmc_no":73844}
2025-01-21 08:44:26 [Thread-6] INFO  c.e.telemetry.model.MachineInterface - {"status":"supply","supply":{"10284":"100000","10008":"537","9991":"100000","10009":"100000","10006":"477","19991":"100000","10007":"100000"},"time":"20250121084425","cmd":"machinestatus","vmc_no":73844}
2025-01-21 09:24:54 [SpringApplicationShutdownHook] INFO  o.s.i.endpoint.EventDrivenConsumer - Removing {logging-channel-adapter:_org.springframework.integration.errorLogger} as a subscriber to the 'errorChannel' channel
2025-01-21 09:24:54 [SpringApplicationShutdownHook] INFO  o.s.i.c.PublishSubscribeChannel - Channel 'JetinnoTelemetry.errorChannel' has 0 subscriber(s).
2025-01-21 09:24:54 [SpringApplicationShutdownHook] INFO  o.s.i.endpoint.EventDrivenConsumer - stopped bean '_org.springframework.integration.errorLogger'
2025-01-21 09:24:54 [SpringApplicationShutdownHook] INFO  o.s.o.j.LocalContainerEntityManagerFactoryBean - Closing JPA EntityManagerFactory for persistence unit 'default'
2025-01-21 09:24:54 [SpringApplicationShutdownHook] INFO  com.zaxxer.hikari.HikariDataSource - HikariPool-1 - Shutdown initiated...
2025-01-21 09:24:54 [SpringApplicationShutdownHook] INFO  com.zaxxer.hikari.HikariDataSource - HikariPool-1 - Shutdown completed.
2025-01-21 09:24:58 [main] INFO  c.e.telemetry.TelemetryApplication - Starting TelemetryApplication using Java 22.0.1 with PID 7224 (C:\Users\vadim.tissen\IdeaProjects\demo\target\classes started by vadim.tissen in C:\Users\vadim.tissen\IdeaProjects\demo)
2025-01-21 09:24:58 [main] INFO  c.e.telemetry.TelemetryApplication - No active profile set, falling back to 1 default profile: "default"
2025-01-21 09:24:59 [main] INFO  o.s.d.r.c.RepositoryConfigurationDelegate - Bootstrapping Spring Data JPA repositories in DEFAULT mode.
2025-01-21 09:24:59 [main] INFO  o.s.d.r.c.RepositoryConfigurationDelegate - Finished Spring Data repository scanning in 222 ms. Found 7 JPA repository interfaces.
2025-01-21 09:24:59 [main] INFO  o.s.i.c.DefaultConfiguringBeanFactoryPostProcessor - No bean named 'errorChannel' has been explicitly defined. Therefore, a default PublishSubscribeChannel will be created.
2025-01-21 09:24:59 [main] INFO  o.s.i.c.DefaultConfiguringBeanFactoryPostProcessor - No bean named 'integrationHeaderChannelRegistry' has been explicitly defined. Therefore, a default DefaultHeaderChannelRegistry will be created.
2025-01-21 09:25:00 [main] INFO  o.s.b.w.e.tomcat.TomcatWebServer - Tomcat initialized with port 8001 (http)
2025-01-21 09:25:00 [main] INFO  o.a.coyote.http11.Http11NioProtocol - Initializing ProtocolHandler ["http-nio-8001"]
2025-01-21 09:25:00 [main] INFO  o.a.catalina.core.StandardService - Starting service [Tomcat]
2025-01-21 09:25:00 [main] INFO  o.a.catalina.core.StandardEngine - Starting Servlet engine: [Apache Tomcat/10.1.26]
2025-01-21 09:25:00 [main] INFO  o.a.c.c.C.[.[.[/jetinno_api] - Initializing Spring embedded WebApplicationContext
2025-01-21 09:25:00 [main] INFO  o.s.b.w.s.c.ServletWebServerApplicationContext - Root WebApplicationContext: initialization completed in 2760 ms
2025-01-21 09:25:01 [main] INFO  com.zaxxer.hikari.HikariDataSource - HikariPool-1 - Starting...
2025-01-21 09:25:01 [main] INFO  com.zaxxer.hikari.pool.HikariPool - HikariPool-1 - Added connection org.postgresql.jdbc.PgConnection@3e151e1f
2025-01-21 09:25:01 [main] INFO  com.zaxxer.hikari.HikariDataSource - HikariPool-1 - Start completed.
2025-01-21 09:25:01 [main] INFO  org.flywaydb.core.FlywayExecutor - Database: jdbc:postgresql://localhost:5432/CoffeeTelemetry (PostgreSQL 16.4)
2025-01-21 09:25:01 [main] INFO  o.f.core.internal.command.DbValidate - Successfully validated 5 migrations (execution time 00:00.059s)
2025-01-21 09:25:01 [main] INFO  o.f.core.internal.command.DbMigrate - Current version of schema "public": 4
2025-01-21 09:25:01 [main] INFO  o.f.core.internal.command.DbMigrate - Schema "public" is up to date. No migration necessary.
2025-01-21 09:25:02 [main] INFO  o.h.jpa.internal.util.LogHelper - HHH000204: Processing PersistenceUnitInfo [name: default]
2025-01-21 09:25:02 [main] INFO  org.hibernate.Version - HHH000412: Hibernate ORM core version 6.5.2.Final
2025-01-21 09:25:02 [main] INFO  o.h.c.i.RegionFactoryInitiator - HHH000026: Second-level cache disabled
2025-01-21 09:25:02 [main] WARN  org.hibernate.orm.deprecation - HHH90000025: PostgreSQLDialect does not need to be specified explicitly using 'hibernate.dialect' (remove the property setting and it will be selected by default)
2025-01-21 09:25:02 [main] INFO  o.s.o.j.p.SpringPersistenceUnitInfo - No LoadTimeWeaver setup: ignoring JPA class transformer
2025-01-21 09:25:03 [main] INFO  o.h.e.t.j.p.i.JtaPlatformInitiator - HHH000489: No JTA platform available (set 'hibernate.transaction.jta.platform' to enable JTA platform integration)
2025-01-21 09:25:04 [main] INFO  o.s.o.j.LocalContainerEntityManagerFactoryBean - Initialized JPA EntityManagerFactory for persistence unit 'default'
2025-01-21 09:25:04 [main] INFO  o.s.d.j.r.query.QueryEnhancerFactory - Hibernate is in classpath; If applicable, HQL parser will be used.
2025-01-21 09:25:05 [main] WARN  o.s.b.a.o.j.JpaBaseConfiguration$JpaWebConfiguration - spring.jpa.open-in-view is enabled by default. Therefore, database queries may be performed during view rendering. Explicitly configure spring.jpa.open-in-view to disable this warning
2025-01-21 09:25:05 [main] INFO  o.s.s.c.a.a.c.InitializeUserDetailsBeanManagerConfigurer$InitializeUserDetailsManagerConfigurer - Global AuthenticationManager configured with UserDetailsService bean with name userDetailsService
2025-01-21 09:25:05 [main] INFO  o.s.b.a.w.s.WelcomePageHandlerMapping - Adding welcome page template: index
2025-01-21 09:25:06 [main] INFO  o.s.i.endpoint.EventDrivenConsumer - Adding {logging-channel-adapter:_org.springframework.integration.errorLogger} as a subscriber to the 'errorChannel' channel
2025-01-21 09:25:06 [main] INFO  o.s.i.c.PublishSubscribeChannel - Channel 'JetinnoTelemetry.errorChannel' has 1 subscriber(s).
2025-01-21 09:25:06 [main] INFO  o.s.i.endpoint.EventDrivenConsumer - started bean '_org.springframework.integration.errorLogger'
2025-01-21 09:25:06 [main] INFO  o.a.coyote.http11.Http11NioProtocol - Starting ProtocolHandler ["http-nio-8001"]
2025-01-21 09:25:06 [main] INFO  o.s.b.w.e.tomcat.TomcatWebServer - Tomcat started on port 8001 (http) with context path '/jetinno_api'
2025-01-21 09:25:06 [main] INFO  c.e.telemetry.TelemetryApplication - Started TelemetryApplication in 9.637 seconds (process running for 10.269)
2025-01-21 09:27:37 [Thread-2] INFO  c.e.telemetry.model.MachineInterface - {"status":"clearerror","cmd":"machinestatus","vmc_no":73844}
2025-01-21 09:27:37 [Thread-2] INFO  c.e.telemetry.model.MachineInterface - {"status":"supply","supply":{"10284":"100000","10008":"537","9991":"100000","10009":"100000","10006":"477","19991":"100000","10007":"100000"},"time":"20250121092736","cmd":"machinestatus","vmc_no":73844}
2025-01-21 09:27:37 [Thread-2] INFO  c.e.telemetry.model.MachineInterface - {"status":"doorclose","cmd":"machinestatus","vmc_no":73844}
2025-01-21 10:06:53 [Thread-2] INFO  c.e.telemetry.model.MachineInterface - {"status":"clearerror","cmd":"machinestatus","vmc_no":73844}
2025-01-21 10:07:59 [Thread-2] INFO  c.e.telemetry.model.MachineInterface - {"datetime":"20250121","error_code":"ERROR:5700","error_description":"Левый контейнер для бобов пуст. Пожалуйста, долейте.","isSet":true,"is_fatal_error":true,"is_pessistance_error":false,"cmd":"error","vmc_no":73844}
2025-01-21 10:07:59 [Thread-2] WARN  o.h.e.jdbc.spi.SqlExceptionHelper - SQL Error: 0, SQLState: 23505
2025-01-21 10:07:59 [Thread-2] ERROR o.h.e.jdbc.spi.SqlExceptionHelper - ОШИБКА: повторяющееся значение ключа нарушает ограничение уникальности "error_vmc_number_fault_code_key"
  Подробности: Ключ "(vmc_number, fault_code)=(73844, 5700)" уже существует.
2025-01-21 10:10:39 [Thread-3] INFO  c.e.telemetry.model.MachineInterface - {"comp_id":0,"io_version":"V87.25","login_count":10,"sign":"tangtang","timestamp":"20250121","version":"V1.0.9.T_JL32_33","cmd":"login","vmc_no":73844}
2025-01-21 10:10:39 [Thread-3] INFO  c.e.telemetry.model.MachineInterface - {"status":"clearerror","cmd":"machinestatus","vmc_no":73844}
2025-01-21 10:10:39 [Thread-3] INFO  c.e.telemetry.model.MachineInterface - {"c_uid":"C20250121100651290","isok":false,"rinsing_code":"C02","timestamp":"20250121100651","cmd":"rinsingrecord","vmc_no":73844}
2025-01-21 10:10:39 [Thread-3] INFO  c.e.telemetry.model.MachineInterface - {"status":"supply","supply":{"10284":"100000","10008":"537","9991":"100000","10009":"100000","10006":"477","19991":"100000","10007":"100000"},"time":"20250121101038","cmd":"machinestatus","vmc_no":73844}
2025-01-21 10:10:39 [Thread-3] INFO  c.e.telemetry.model.MachineInterface - {"status":"doorclose","cmd":"machinestatus","vmc_no":73844}
2025-01-21 10:37:20 [Thread-3] INFO  c.e.telemetry.model.MachineInterface - {"status":"clearerror","cmd":"machinestatus","vmc_no":73844}
2025-01-21 10:39:55 [Thread-3] INFO  c.e.telemetry.model.MachineInterface - {"datetime":"20250121","error_code":"ERROR:9900","error_description":"Отсутствует резервуар для воды. Пожалуйста, вставьте.","isSet":true,"is_fatal_error":true,"is_pessistance_error":false,"cmd":"error","vmc_no":73844}
2025-01-21 10:39:55 [Thread-3] WARN  o.h.e.jdbc.spi.SqlExceptionHelper - SQL Error: 0, SQLState: 23505
2025-01-21 10:39:55 [Thread-3] ERROR o.h.e.jdbc.spi.SqlExceptionHelper - ОШИБКА: повторяющееся значение ключа нарушает ограничение уникальности "error_vmc_number_fault_code_key"
  Подробности: Ключ "(vmc_number, fault_code)=(73844, 9900)" уже существует.
2025-01-21 10:42:31 [Thread-4] INFO  c.e.telemetry.model.MachineInterface - {"comp_id":0,"io_version":"V87.25","login_count":12,"sign":"tangtang","timestamp":"20250121","version":"V1.0.9.T_JL32_33","cmd":"login","vmc_no":73844}
2025-01-21 10:42:31 [Thread-4] INFO  c.e.telemetry.model.MachineInterface - {"status":"clearerror","cmd":"machinestatus","vmc_no":73844}
2025-01-21 10:42:32 [Thread-4] INFO  c.e.telemetry.model.MachineInterface - {"status":"supply","supply":{"10284":"100000","10008":"537","9991":"100000","10009":"100000","10006":"477","19991":"100000","10007":"100000"},"time":"20250121104231","cmd":"machinestatus","vmc_no":73844}
2025-01-21 11:25:34 [Thread-4] INFO  c.e.telemetry.model.MachineInterface - {"PayType":"free","ProductAmount":0,"ProductId":101,"ProductName":"Cappuccino","canisterIds":"170,226","count":0,"isDelete":false,"isok":true,"nameKey":"cappuccino","order_no":"202501211124297384427405","order_resend_times":0,"order_uploaded":false,"recipeName":"Cappuccino","timestamp":"20250121112533","cmd":"productdone","vmc_no":73844}
2025-01-21 11:32:52 [Thread-4] INFO  c.e.telemetry.model.MachineInterface - {"PayType":"free","ProductAmount":0,"ProductId":802,"ProductName":"Chocolate Milk","canisterIds":"2,1","count":0,"isDelete":false,"isok":true,"nameKey":"milch_choc","order_no":"202501211132237384497984","order_resend_times":0,"order_uploaded":false,"recipeName":"Chocolate Milk","timestamp":"20250121113251","cmd":"productdone","vmc_no":73844}
2025-01-21 11:33:32 [Thread-4] INFO  c.e.telemetry.model.MachineInterface - {"status":"supply","supply":{"10284":"100000","10008":"517","9991":"100000","10009":"100000","10006":"457","19991":"100000","10007":"100000"},"time":"20250121113330","cmd":"machinestatus","vmc_no":73844}
2025-01-21 11:33:32 [Thread-4] INFO  c.e.telemetry.model.MachineInterface - {"status":"doorclose","cmd":"machinestatus","vmc_no":73844}
2025-01-21 11:33:51 [Thread-4] INFO  c.e.telemetry.model.MachineInterface - {"PayType":"free","ProductAmount":0,"ProductId":551,"ProductName":"Milk Foam","canisterIds":"226","count":0,"isDelete":false,"isok":true,"nameKey":"milk_foam","order_no":"202501211133267384489187","order_resend_times":0,"order_uploaded":false,"recipeName":"Milk Foam","timestamp":"20250121113350","cmd":"productdone","vmc_no":73844}
2025-01-21 11:48:25 [Thread-4] INFO  c.e.telemetry.model.MachineInterface - {"PayType":"free","ProductAmount":0,"ProductId":178,"ProductName":"2 Long Coffee","canisterIds":"170","count":0,"isDelete":false,"isok":true,"nameKey":"long_coffee_2","order_no":"202501211147157384444033","order_resend_times":0,"order_uploaded":false,"recipeName":"2 Long Coffee","timestamp":"20250121114824","cmd":"productdone","vmc_no":73844}
2025-01-21 12:20:19 [Thread-4] INFO  c.e.telemetry.model.MachineInterface - {"PayType":"free","ProductAmount":0,"ProductId":827,"ProductName":"2 Cappuccino","canisterIds":"170,225,226","count":0,"isDelete":false,"isok":true,"nameKey":"cappuccino_2","order_no":"202501211218517384428316","order_resend_times":0,"order_uploaded":false,"recipeName":"2 Cappuccino","timestamp":"20250121122017","cmd":"productdone","vmc_no":73844}
2025-01-21 12:31:24 [Thread-4] INFO  c.e.telemetry.model.MachineInterface - {"PayType":"free","ProductAmount":0,"ProductId":105,"ProductName":"Americano","canisterIds":"170,0","count":0,"isDelete":false,"isok":true,"nameKey":"american_style_coffee","order_no":"202501211230307384483866","order_resend_times":0,"order_uploaded":false,"recipeName":"Americano","timestamp":"20250121123123","cmd":"productdone","vmc_no":73844}
2025-01-21 12:33:27 [Thread-4] INFO  c.e.telemetry.model.MachineInterface - {"PayType":"free","ProductAmount":0,"ProductId":105,"ProductName":"Americano","canisterIds":"170,0","count":0,"isDelete":false,"isok":true,"nameKey":"american_style_coffee","order_no":"202501211232227384455831","order_resend_times":0,"order_uploaded":false,"recipeName":"Americano","timestamp":"20250121123326","cmd":"productdone","vmc_no":73844}
2025-01-21 14:56:35 [Thread-4] INFO  c.e.telemetry.model.MachineInterface - {"status":"supply","supply":{"10284":"100000","10008":"517","9991":"100000","10009":"100000","10006":"457","19991":"100000","10007":"100000"},"time":"20250121145633","cmd":"machinestatus","vmc_no":73844}
2025-01-21 14:56:35 [Thread-4] INFO  c.e.telemetry.model.MachineInterface - {"status":"doorclose","cmd":"machinestatus","vmc_no":73844}
2025-01-21 14:57:46 [Thread-4] INFO  c.e.telemetry.model.MachineInterface - {"PayType":"free","ProductAmount":0,"ProductId":237,"ProductName":"Macchiato","canisterIds":"225,226,170","count":0,"isDelete":false,"isok":true,"nameKey":"macchiato","order_no":"202501211456317384494958","order_resend_times":0,"order_uploaded":false,"recipeName":"Macchiato","timestamp":"20250121145744","cmd":"productdone","vmc_no":73844}
2025-01-21 15:40:58 [Thread-4] INFO  c.e.telemetry.model.MachineInterface - {"PayType":"free","ProductAmount":0,"ProductId":105,"ProductName":"Americano","canisterIds":"170,0","count":0,"isDelete":false,"isok":true,"nameKey":"american_style_coffee","order_no":"202501211539567384420798","order_resend_times":0,"order_uploaded":false,"recipeName":"Americano","timestamp":"20250121154057","cmd":"productdone","vmc_no":73844}
2025-01-21 16:48:44 [SpringApplicationShutdownHook] INFO  o.s.i.endpoint.EventDrivenConsumer - Removing {logging-channel-adapter:_org.springframework.integration.errorLogger} as a subscriber to the 'errorChannel' channel
2025-01-21 16:48:44 [SpringApplicationShutdownHook] INFO  o.s.i.c.PublishSubscribeChannel - Channel 'JetinnoTelemetry.errorChannel' has 0 subscriber(s).
2025-01-21 16:48:44 [SpringApplicationShutdownHook] INFO  o.s.i.endpoint.EventDrivenConsumer - stopped bean '_org.springframework.integration.errorLogger'
2025-01-21 16:48:44 [SpringApplicationShutdownHook] INFO  o.s.o.j.LocalContainerEntityManagerFactoryBean - Closing JPA EntityManagerFactory for persistence unit 'default'
2025-01-21 16:48:44 [SpringApplicationShutdownHook] INFO  com.zaxxer.hikari.HikariDataSource - HikariPool-1 - Shutdown initiated...
2025-01-21 16:48:44 [SpringApplicationShutdownHook] INFO  com.zaxxer.hikari.HikariDataSource - HikariPool-1 - Shutdown completed.
2025-01-22 14:06:44 [main] INFO  c.e.telemetry.TelemetryApplication - Starting TelemetryApplication using Java 22.0.1 with PID 16652 (C:\Users\vadim.tissen\IdeaProjects\demo\target\classes started by vadim.tissen in C:\Users\vadim.tissen\IdeaProjects\demo)
2025-01-22 14:06:44 [main] INFO  c.e.telemetry.TelemetryApplication - No active profile set, falling back to 1 default profile: "default"
2025-01-22 14:06:45 [main] INFO  o.s.d.r.c.RepositoryConfigurationDelegate - Bootstrapping Spring Data JPA repositories in DEFAULT mode.
2025-01-22 14:06:46 [main] INFO  o.s.d.r.c.RepositoryConfigurationDelegate - Finished Spring Data repository scanning in 209 ms. Found 7 JPA repository interfaces.
2025-01-22 14:06:46 [main] INFO  o.s.i.c.DefaultConfiguringBeanFactoryPostProcessor - No bean named 'errorChannel' has been explicitly defined. Therefore, a default PublishSubscribeChannel will be created.
2025-01-22 14:06:46 [main] INFO  o.s.i.c.DefaultConfiguringBeanFactoryPostProcessor - No bean named 'integrationHeaderChannelRegistry' has been explicitly defined. Therefore, a default DefaultHeaderChannelRegistry will be created.
2025-01-22 14:06:47 [main] INFO  o.s.b.w.e.tomcat.TomcatWebServer - Tomcat initialized with port 8001 (http)
2025-01-22 14:06:47 [main] INFO  o.a.coyote.http11.Http11NioProtocol - Initializing ProtocolHandler ["http-nio-8001"]
2025-01-22 14:06:47 [main] INFO  o.a.catalina.core.StandardService - Starting service [Tomcat]
2025-01-22 14:06:47 [main] INFO  o.a.catalina.core.StandardEngine - Starting Servlet engine: [Apache Tomcat/10.1.26]
2025-01-22 14:06:47 [main] INFO  o.a.c.c.C.[.[.[/jetinno_api] - Initializing Spring embedded WebApplicationContext
2025-01-22 14:06:47 [main] INFO  o.s.b.w.s.c.ServletWebServerApplicationContext - Root WebApplicationContext: initialization completed in 2627 ms
2025-01-22 14:06:47 [main] INFO  com.zaxxer.hikari.HikariDataSource - HikariPool-1 - Starting...
2025-01-22 14:06:47 [main] INFO  com.zaxxer.hikari.pool.HikariPool - HikariPool-1 - Added connection org.postgresql.jdbc.PgConnection@6def0632
2025-01-22 14:06:47 [main] INFO  com.zaxxer.hikari.HikariDataSource - HikariPool-1 - Start completed.
2025-01-22 14:06:48 [main] INFO  org.flywaydb.core.FlywayExecutor - Database: jdbc:postgresql://localhost:5432/CoffeeTelemetry (PostgreSQL 16.4)
2025-01-22 14:06:48 [main] INFO  o.f.core.internal.command.DbValidate - Successfully validated 5 migrations (execution time 00:00.050s)
2025-01-22 14:06:48 [main] INFO  o.f.core.internal.command.DbMigrate - Current version of schema "public": 4
2025-01-22 14:06:48 [main] INFO  o.f.core.internal.command.DbMigrate - Schema "public" is up to date. No migration necessary.
2025-01-22 14:06:48 [main] INFO  o.h.jpa.internal.util.LogHelper - HHH000204: Processing PersistenceUnitInfo [name: default]
2025-01-22 14:06:48 [main] INFO  org.hibernate.Version - HHH000412: Hibernate ORM core version 6.5.2.Final
2025-01-22 14:06:48 [main] INFO  o.h.c.i.RegionFactoryInitiator - HHH000026: Second-level cache disabled
2025-01-22 14:06:48 [main] WARN  org.hibernate.orm.deprecation - HHH90000025: PostgreSQLDialect does not need to be specified explicitly using 'hibernate.dialect' (remove the property setting and it will be selected by default)
2025-01-22 14:06:49 [main] INFO  o.s.o.j.p.SpringPersistenceUnitInfo - No LoadTimeWeaver setup: ignoring JPA class transformer
2025-01-22 14:06:50 [main] INFO  o.h.e.t.j.p.i.JtaPlatformInitiator - HHH000489: No JTA platform available (set 'hibernate.transaction.jta.platform' to enable JTA platform integration)
2025-01-22 14:06:50 [main] INFO  o.s.o.j.LocalContainerEntityManagerFactoryBean - Initialized JPA EntityManagerFactory for persistence unit 'default'
2025-01-22 14:06:50 [main] INFO  o.s.d.j.r.query.QueryEnhancerFactory - Hibernate is in classpath; If applicable, HQL parser will be used.
2025-01-22 14:06:51 [main] WARN  o.s.b.a.o.j.JpaBaseConfiguration$JpaWebConfiguration - spring.jpa.open-in-view is enabled by default. Therefore, database queries may be performed during view rendering. Explicitly configure spring.jpa.open-in-view to disable this warning
2025-01-22 14:06:51 [main] INFO  o.s.s.c.a.a.c.InitializeUserDetailsBeanManagerConfigurer$InitializeUserDetailsManagerConfigurer - Global AuthenticationManager configured with UserDetailsService bean with name userDetailsService
2025-01-22 14:06:52 [main] INFO  o.s.b.a.w.s.WelcomePageHandlerMapping - Adding welcome page template: index
2025-01-22 14:06:53 [main] INFO  o.s.i.endpoint.EventDrivenConsumer - Adding {logging-channel-adapter:_org.springframework.integration.errorLogger} as a subscriber to the 'errorChannel' channel
2025-01-22 14:06:53 [main] INFO  o.s.i.c.PublishSubscribeChannel - Channel 'JetinnoTelemetry.errorChannel' has 1 subscriber(s).
2025-01-22 14:06:53 [main] INFO  o.s.i.endpoint.EventDrivenConsumer - started bean '_org.springframework.integration.errorLogger'
2025-01-22 14:06:53 [main] INFO  o.a.coyote.http11.Http11NioProtocol - Starting ProtocolHandler ["http-nio-8001"]
2025-01-22 14:06:53 [main] INFO  o.s.b.w.e.tomcat.TomcatWebServer - Tomcat started on port 8001 (http) with context path '/jetinno_api'
2025-01-22 14:06:53 [main] INFO  c.e.telemetry.TelemetryApplication - Started TelemetryApplication in 9.61 seconds (process running for 10.321)
2025-01-22 14:10:49 [SpringApplicationShutdownHook] INFO  o.s.i.endpoint.EventDrivenConsumer - Removing {logging-channel-adapter:_org.springframework.integration.errorLogger} as a subscriber to the 'errorChannel' channel
2025-01-22 14:10:49 [SpringApplicationShutdownHook] INFO  o.s.i.c.PublishSubscribeChannel - Channel 'JetinnoTelemetry.errorChannel' has 0 subscriber(s).
2025-01-22 14:10:49 [SpringApplicationShutdownHook] INFO  o.s.i.endpoint.EventDrivenConsumer - stopped bean '_org.springframework.integration.errorLogger'
2025-01-22 14:10:49 [SpringApplicationShutdownHook] INFO  o.s.o.j.LocalContainerEntityManagerFactoryBean - Closing JPA EntityManagerFactory for persistence unit 'default'
2025-01-22 14:10:49 [SpringApplicationShutdownHook] INFO  com.zaxxer.hikari.HikariDataSource - HikariPool-1 - Shutdown initiated...
2025-01-22 14:10:49 [SpringApplicationShutdownHook] INFO  com.zaxxer.hikari.HikariDataSource - HikariPool-1 - Shutdown completed.
2025-01-22 14:10:58 [main] INFO  c.e.telemetry.TelemetryApplication - Starting TelemetryApplication using Java 22.0.1 with PID 4800 (C:\Users\vadim.tissen\IdeaProjects\demo\target\classes started by vadim.tissen in C:\Users\vadim.tissen\IdeaProjects\demo)
2025-01-22 14:10:58 [main] INFO  c.e.telemetry.TelemetryApplication - No active profile set, falling back to 1 default profile: "default"
2025-01-22 14:11:00 [main] INFO  o.s.d.r.c.RepositoryConfigurationDelegate - Bootstrapping Spring Data JPA repositories in DEFAULT mode.
2025-01-22 14:11:00 [main] INFO  o.s.d.r.c.RepositoryConfigurationDelegate - Finished Spring Data repository scanning in 208 ms. Found 7 JPA repository interfaces.
2025-01-22 14:11:00 [main] INFO  o.s.i.c.DefaultConfiguringBeanFactoryPostProcessor - No bean named 'errorChannel' has been explicitly defined. Therefore, a default PublishSubscribeChannel will be created.
2025-01-22 14:11:00 [main] INFO  o.s.i.c.DefaultConfiguringBeanFactoryPostProcessor - No bean named 'integrationHeaderChannelRegistry' has been explicitly defined. Therefore, a default DefaultHeaderChannelRegistry will be created.
2025-01-22 14:11:01 [main] INFO  o.s.b.w.e.tomcat.TomcatWebServer - Tomcat initialized with port 8001 (http)
2025-01-22 14:11:01 [main] INFO  o.a.coyote.http11.Http11NioProtocol - Initializing ProtocolHandler ["http-nio-8001"]
2025-01-22 14:11:01 [main] INFO  o.a.catalina.core.StandardService - Starting service [Tomcat]
2025-01-22 14:11:01 [main] INFO  o.a.catalina.core.StandardEngine - Starting Servlet engine: [Apache Tomcat/10.1.26]
2025-01-22 14:11:01 [main] INFO  o.a.c.c.C.[.[.[/jetinno_api] - Initializing Spring embedded WebApplicationContext
2025-01-22 14:11:01 [main] INFO  o.s.b.w.s.c.ServletWebServerApplicationContext - Root WebApplicationContext: initialization completed in 2546 ms
2025-01-22 14:11:01 [main] INFO  com.zaxxer.hikari.HikariDataSource - HikariPool-1 - Starting...
2025-01-22 14:11:02 [main] INFO  com.zaxxer.hikari.pool.HikariPool - HikariPool-1 - Added connection org.postgresql.jdbc.PgConnection@117b2cc6
2025-01-22 14:11:02 [main] INFO  com.zaxxer.hikari.HikariDataSource - HikariPool-1 - Start completed.
2025-01-22 14:11:02 [main] INFO  org.flywaydb.core.FlywayExecutor - Database: jdbc:postgresql://localhost:5432/CoffeeTelemetry (PostgreSQL 16.4)
2025-01-22 14:11:02 [main] INFO  o.f.core.internal.command.DbValidate - Successfully validated 5 migrations (execution time 00:00.057s)
2025-01-22 14:11:02 [main] INFO  o.f.core.internal.command.DbMigrate - Current version of schema "public": 4
2025-01-22 14:11:02 [main] INFO  o.f.core.internal.command.DbMigrate - Schema "public" is up to date. No migration necessary.
2025-01-22 14:11:02 [main] INFO  o.h.jpa.internal.util.LogHelper - HHH000204: Processing PersistenceUnitInfo [name: default]
2025-01-22 14:11:02 [main] INFO  org.hibernate.Version - HHH000412: Hibernate ORM core version 6.5.2.Final
2025-01-22 14:11:02 [main] INFO  o.h.c.i.RegionFactoryInitiator - HHH000026: Second-level cache disabled
2025-01-22 14:11:02 [main] WARN  org.hibernate.orm.deprecation - HHH90000025: PostgreSQLDialect does not need to be specified explicitly using 'hibernate.dialect' (remove the property setting and it will be selected by default)
2025-01-22 14:11:03 [main] INFO  o.s.o.j.p.SpringPersistenceUnitInfo - No LoadTimeWeaver setup: ignoring JPA class transformer
2025-01-22 14:11:04 [main] INFO  o.h.e.t.j.p.i.JtaPlatformInitiator - HHH000489: No JTA platform available (set 'hibernate.transaction.jta.platform' to enable JTA platform integration)
2025-01-22 14:11:04 [main] INFO  o.s.o.j.LocalContainerEntityManagerFactoryBean - Initialized JPA EntityManagerFactory for persistence unit 'default'
2025-01-22 14:11:05 [main] INFO  o.s.d.j.r.query.QueryEnhancerFactory - Hibernate is in classpath; If applicable, HQL parser will be used.
2025-01-22 14:11:05 [main] WARN  o.s.b.a.o.j.JpaBaseConfiguration$JpaWebConfiguration - spring.jpa.open-in-view is enabled by default. Therefore, database queries may be performed during view rendering. Explicitly configure spring.jpa.open-in-view to disable this warning
2025-01-22 14:11:06 [main] INFO  o.s.s.c.a.a.c.InitializeUserDetailsBeanManagerConfigurer$InitializeUserDetailsManagerConfigurer - Global AuthenticationManager configured with UserDetailsService bean with name userDetailsService
2025-01-22 14:11:06 [main] INFO  o.s.b.a.w.s.WelcomePageHandlerMapping - Adding welcome page template: index
2025-01-22 14:11:07 [main] INFO  o.s.i.endpoint.EventDrivenConsumer - Adding {logging-channel-adapter:_org.springframework.integration.errorLogger} as a subscriber to the 'errorChannel' channel
2025-01-22 14:11:07 [main] INFO  o.s.i.c.PublishSubscribeChannel - Channel 'JetinnoTelemetry.errorChannel' has 1 subscriber(s).
2025-01-22 14:11:07 [main] INFO  o.s.i.endpoint.EventDrivenConsumer - started bean '_org.springframework.integration.errorLogger'
2025-01-22 14:11:07 [main] INFO  o.a.coyote.http11.Http11NioProtocol - Starting ProtocolHandler ["http-nio-8001"]
2025-01-22 14:11:07 [main] INFO  o.s.b.w.e.tomcat.TomcatWebServer - Tomcat started on port 8001 (http) with context path '/jetinno_api'
2025-01-22 14:11:07 [main] INFO  c.e.telemetry.TelemetryApplication - Started TelemetryApplication in 9.48 seconds (process running for 10.184)
2025-01-22 14:13:14 [Thread-2] INFO  c.e.telemetry.model.MachineInterface - {"status":"clearerror","cmd":"machinestatus","vmc_no":73844}
2025-01-22 14:13:14 [Thread-2] INFO  c.e.telemetry.model.MachineInterface - {"c_uid":"C20250121142019755","isok":true,"rinsing_code":"C02","timestamp":"20250121142019","cmd":"rinsingrecord","vmc_no":73844}
2025-01-22 14:13:14 [Thread-2] INFO  c.e.telemetry.model.MachineInterface - {"status":"supply","supply":{"10284":"100000","10008":"517","9991":"100000","10009":"100000","10006":"439","19991":"100000","10007":"100000"},"time":"20250122141311","cmd":"machinestatus","vmc_no":73844}
2025-01-22 14:13:14 [Thread-2] INFO  c.e.telemetry.model.MachineInterface - {"status":"doorclose","cmd":"machinestatus","vmc_no":73844}
2025-01-22 14:13:15 [Thread-2] INFO  c.e.telemetry.model.MachineInterface - {"c_uid":"C20250121165740675","isok":true,"rinsing_code":"C02","timestamp":"20250121165740","cmd":"rinsingrecord","vmc_no":73844}
2025-01-22 14:13:17 [Thread-2] INFO  c.e.telemetry.model.MachineInterface - {"c_uid":"C20250121190110154","isok":true,"rinsing_code":"C02","timestamp":"20250121190110","cmd":"rinsingrecord","vmc_no":73844}
